archivo,clase,rms,zcr,centroid,mfcc_1,mfcc_2,mfcc_3,mfcc_4,mfcc_5,mfcc_6,mfcc_7,mfcc_8,mfcc_9,mfcc_10,mfcc_11,mfcc_12,mfcc_13
1-100032-A-0.wav,dog,0.046422485,0.016477375361271675,271.3632334880035,-593.9576,5.861079,-10.620132,-5.3395963,-1.022086,-2.4639544,-0.36783254,1.0305774,1.0256339,0.5505362,-0.5951453,-0.30755457,-1.0747144
1-100038-A-14.wav,chirping_birds,0.06672368,0.2947751083815029,3838.1741873562246,-194.38033,4.7757497,-59.608597,2.5922868,-45.18249,-30.526796,-30.431871,-3.4805717,-39.68371,-15.606949,-16.062254,-23.392435,-10.755795
1-100210-A-36.wav,vacuum_cleaner,0.27513734,0.384793849349711,3450.3633295341033,14.135977,56.450745,-9.397255,15.059167,-13.379056,11.989853,2.1407738,6.606397,5.056573,-6.073941,-2.5318444,14.683382,0.732807
1-100210-B-36.wav,vacuum_cleaner,0.30320236,0.39673274927745666,3451.908874701344,27.624063,55.276123,-6.387282,13.670578,-9.576718,13.337535,3.4135258,3.7303708,6.995761,-7.1672983,3.494967,14.181134,2.4628367
1-101296-A-19.wav,thunderstorm,0.011771118,0.04515049223265896,1411.2395600747154,-419.7598,128.6152,39.610554,33.663074,-4.1545486,7.223074,-13.306364,3.8057582,-1.4303919,-9.173781,-10.9845705,2.3704362,-13.224168
1-101296-B-19.wav,thunderstorm,0.017921565,0.05167313945086705,1371.9438655045626,-399.0177,141.00626,35.359486,21.826023,-11.602017,8.054362,-9.43857,3.520185,-0.8679994,-8.170689,-7.5677257,2.8871748,-14.071512
1-101336-A-30.wav,door_wood_knock,0.11532827,0.016590272760115606,714.9437113598516,-395.77362,131.28618,18.109741,23.599121,7.864833,-4.5354843,0.020874023,8.247771,1.7026885,-2.9426997,-1.7862239,0.2428206,-2.8037395
1-101404-A-34.wav,can_opening,0.043742876,0.22643549042630057,4370.471083722253,-478.49005,6.375257,4.7112336,16.875317,1.6680555,12.397884,14.890233,13.639272,-3.4082222,8.342011,2.05838,5.77023,4.327585
1-103298-A-9.wav,crow,0.13442601,0.0657486226517341,2021.0313468425106,-126.3919,91.63606,7.2521796,21.082739,10.716609,37.477577,6.040655,12.157376,2.0005062,14.224053,5.5666986,4.1726007,4.510644
1-103995-A-30.wav,door_wood_knock,0.051148716,0.008179416546242775,308.37955953117535,-550.88635,49.398438,8.186488,4.023248,6.7171965,4.540613,4.4890914,4.0835238,0.77031773,3.3407571,2.4215052,2.619449,2.9677417
1-103999-A-30.wav,door_wood_knock,0.03101268,0.010555906791907514,301.4094351257546,-625.44464,48.805206,5.4560366,0.43401518,6.706344,5.888956,3.2022712,1.4936979,2.1254852,4.7576585,2.222487,2.192154,3.0374594
1-104089-A-22.wav,clapping,0.08030126,0.2477646315028902,3599.5529420598377,-92.77069,32.99359,-49.303413,-32.14372,-18.676874,-15.057379,-18.8058,-11.048946,-13.259074,-9.606693,-14.906989,-6.348003,-10.780329
1-104089-B-22.wav,clapping,0.09023283,0.2452695989884393,3537.7894477641503,-68.886795,35.141876,-51.77644,-34.448425,-14.322368,-10.624399,-22.90685,-12.951493,-13.685306,-9.81319,-17.203394,-5.8172035,-10.798575
1-105224-A-22.wav,clapping,0.21772006,0.14560942015895953,2198.160322918297,-5.9113307,89.09232,-83.42673,-27.807905,-20.171309,-7.2831206,-18.106638,-3.1425767,-9.215797,-7.548917,-12.120501,-5.5996075,-9.25149
1-110389-A-0.wav,dog,0.03870192,0.008588669617052022,201.0730808031445,-580.1683,12.789333,-3.7448518,-3.583799,-0.20478415,0.87216794,-1.5287843,0.11743534,-0.11248899,0.5214397,0.7703887,1.179157,2.0441937
1-110537-A-22.wav,clapping,0.42932364,0.16131344833815028,2543.416910764889,94.78087,81.899216,-53.447933,-11.378325,2.2845347,-0.2795598,-21.58618,2.6216679,-2.3489034,4.419936,-1.6679707,3.0166464,-5.9544144
1-115521-A-19.wav,thunderstorm,0.060077447,0.022156114523121388,406.7999237359542,-378.40457,173.96521,49.424145,3.0238128,18.577732,21.157257,4.4251065,-2.2971642,0.5048741,0.9395875,-0.035907988,-0.073982544,-1.2814085
1-115545-A-48.wav,fireworks,0.009187116,0.07615494039017341,1362.1291545618174,-442.32068,157.93742,-20.759659,14.392564,-4.6814623,2.256586,-5.9761357,3.5199072,-3.8612084,1.5959352,-1.137369,2.77424,-1.2636064
1-115545-B-48.wav,fireworks,0.027383404,0.06316891708815028,1195.5765321832423,-404.25162,138.16469,0.1826567,5.308756,-1.1393057,3.6590729,-3.6265364,1.9702796,-1.3803027,-0.0023271637,-0.82670724,2.4788506,0.1192455
1-115545-C-48.wav,fireworks,0.02949428,0.05007281882225433,961.8548823899523,-429.9872,156.89073,3.625954,-7.3901362,5.5761895,5.535828,-1.764966,0.16051222,0.8173071,0.34093952,0.77796346,3.9766302,2.9762015
1-115546-A-48.wav,fireworks,0.030768245,0.0389044436416185,829.6762734697245,-454.16803,165.02834,27.687014,-7.0772333,3.6531186,6.349282,-0.6183167,-3.8357196,-2.9917593,-1.7051979,0.20500827,1.8243647,1.8506258
1-115920-A-22.wav,clapping,0.028950792,0.1415930951950867,2653.7372695349068,-319.54413,62.133812,-58.816536,-16.587914,3.4067907,-0.7149048,-4.163212,5.4754972,4.5084305,4.9394712,-2.7873774,6.5258946,0.31701994
1-115920-B-22.wav,clapping,0.039995577,0.17228143063583815,3037.710680109109,-173.47383,46.99175,-67.36171,-23.28658,-2.4961462,-9.859552,-4.076498,7.6746116,3.927702,1.0386422,-6.0368104,2.4422667,-3.0690882
1-115921-A-22.wav,clapping,0.020576645,0.13113315119219654,2441.6774314517243,-266.86566,78.63663,-68.026825,-23.133596,2.8138266,-9.706893,-7.3108025,5.7511444,7.9644303,0.51717186,-2.959133,5.967282,-2.9320118
1-116765-A-41.wav,chainsaw,0.17201771,0.0963663972182081,2270.7869175639366,-66.71285,86.02165,-28.867476,6.993173,-28.458336,-4.2354865,-21.226099,1.1274283,-11.377958,4.9342833,-9.046733,-5.403473,-9.433806
1-11687-A-47.wav,airplane,0.23782763,0.16516042720375723,3064.7249666755342,-27.347492,65.96709,7.745585,38.16884,12.220333,15.104268,5.8581347,8.343595,-4.5085025,3.092144,-13.808069,10.804659,-2.0191016
1-118206-A-31.wav,mouse_click,0.0034057423,0.08685196893063583,2969.2283797929026,-522.7616,59.435806,11.220363,4.2931633,4.505999,16.481215,20.428074,26.264196,13.283141,10.511921,2.2645545,4.424293,0.6038668
1-118559-A-17.wav,pouring_water,0.007760959,0.25562511289739887,3409.2148251584717,-431.63855,24.193949,-57.157753,20.161081,-19.924622,-15.005813,-15.962119,0.0522383,-8.732574,5.1552644,-7.0249863,-2.2972255,-9.271436
1-119125-A-45.wav,train,0.15260983,0.02174121658236994,992.2112073606907,-185.45575,132.68416,23.401201,53.085518,3.046646,27.73407,14.05728,14.377371,13.583872,6.3230863,-4.740859,8.226206,-3.1713169
1-121951-A-8.wav,sheep,0.011483995,0.04307882496387283,1096.2288216351749,-501.94553,124.59453,-16.173601,29.071978,4.068528,9.202658,3.5568392,17.470356,10.6058655,19.895964,10.090085,9.977166,9.473678
1-12653-A-15.wav,water_drops,0.028595868,0.0859431448699422,2417.829000390996,-350.1874,92.68886,-2.7750242,0.9998448,6.2752585,21.134747,9.342918,5.3079977,4.987472,1.6389128,-14.4928,-19.917543,-19.816816
1-12654-A-15.wav,water_drops,0.011296481,0.08307272850433527,2720.6251613071818,-483.1428,75.99669,15.464146,21.492289,9.344305,12.996617,5.339902,6.6490107,-0.27075902,0.02430617,-2.0075815,-1.6247989,-5.8831315
1-12654-B-15.wav,water_drops,0.0088040875,0.08193528721098266,2614.735968420028,-482.3525,82.130936,17.57939,22.04315,13.57723,14.384842,6.34062,4.7115197,-2.3269682,0.20574726,-2.584159,-2.2642622,-7.394902
1-13571-A-46.wav,church_bells,0.14190452,0.06628770773121387,1243.4518265244137,-207.9678,141.86131,-46.305817,11.566854,-6.334735,-10.994043,-18.811789,-0.7975224,-0.6278212,16.068882,1.3344748,-14.986834,-28.661222
1-13572-A-46.wav,church_bells,0.13707761,0.07766212066473989,1489.932821649702,-252.58174,127.04455,-21.13194,0.4007323,-9.335114,-16.760914,-20.548906,-13.093945,-5.9998207,7.1508465,8.286477,-0.2751894,0.34063518
1-13613-A-37.wav,clock_alarm,0.13043454,0.34982388005780346,3473.653391763167,-110.247925,29.195587,-69.775536,68.916954,-24.769196,6.7068396,-5.751358,-5.5649295,-20.999498,16.393644,-0.12976947,11.061029,1.6497614
1-137-A-32.wav,keyboard_typing,0.009745618,0.06466763005780347,2607.8627131060184,-404.48798,64.24385,-23.76835,26.52135,-0.4348162,8.706284,10.967945,4.7612653,2.8681855,15.591492,3.0152516,15.133127,6.4536195
1-137296-A-16.wav,wind,0.15049435,0.01694589956647399,730.6473723210363,-225.91881,134.74915,27.696438,77.13656,14.209272,22.609528,18.194881,8.693366,-3.2639542,6.101173,2.3125288,2.8635902,-0.1782893
1-14262-A-37.wav,clock_alarm,0.07460516,0.8172812048410405,6773.276998699476,-225.05597,-4.0135717,-45.18138,-48.98513,-9.747489,-27.965466,10.11787,-24.26777,11.58771,-0.90886974,9.46492,14.76236,7.7916064
1-155858-A-25.wav,footsteps,0.0067022187,0.21091492052023122,3286.2213606970167,-372.9178,69.99077,-7.4136257,-13.822554,-9.019942,-3.1130054,-10.340284,-8.274143,-11.050253,-2.7497349,-5.6042123,-1.8826238,-7.189753
1-155858-B-25.wav,footsteps,0.012660561,0.18728831737716764,3175.579414954866,-340.6229,69.37716,-17.064884,-10.169219,-8.849465,-3.2400787,-9.013651,-5.107109,-11.613012,-4.671212,-6.315484,-3.8216856,-8.56447
1-155858-C-25.wav,footsteps,0.011412381,0.18372075957369943,2969.805983767369,-351.21066,77.13535,-19.275389,-10.705217,-7.1670365,-2.409555,-8.29576,-7.3274074,-11.507583,-4.5540586,-5.297916,-2.4810064,-7.360456
1-155858-D-25.wav,footsteps,0.01899196,0.16240855310693642,2810.5749509661664,-324.8367,82.50878,-24.44876,-15.623493,-8.069728,-4.2647605,-12.602348,-9.483362,-10.301322,-3.6507633,-5.155137,-3.4960458,-9.604121
1-155858-E-25.wav,footsteps,0.045274913,0.1131203712066474,2492.4252831790604,-300.00824,92.22018,-9.752113,2.7999494,-9.796663,-7.002522,-11.789789,-17.283955,-18.77468,-8.066,-13.436597,-13.462614,-16.283543
1-155858-F-25.wav,footsteps,0.008117772,0.19132439938583815,3291.041698093553,-387.97202,69.76613,-1.1687763,-7.0986695,-8.191714,-2.428124,-8.723531,-4.0668,-8.284331,-3.066292,-5.902576,-1.8934146,-6.3026104
1-15689-A-4.wav,frog,0.07643821,0.09576239613439307,3212.822163718124,-403.49945,28.719145,-27.709742,11.347959,15.848965,10.549632,2.379443,15.482776,8.686962,10.252571,-5.886003,8.626493,6.9068766
1-15689-B-4.wav,frog,0.07174218,0.10818957731213873,3101.828601341762,-406.45178,40.994087,-18.969025,18.021544,20.133501,15.841156,4.131376,19.631437,12.46424,9.955409,-2.3010032,8.966103,5.29675
1-160563-A-48.wav,fireworks,0.022927213,0.14093264541184972,2388.9986223723463,-318.75168,103.17853,-17.465681,0.92322415,-8.127999,9.12845,-4.6323414,2.0248525,-13.174098,-0.3074659,-1.790273,4.003162,-4.2243304
1-160563-B-48.wav,fireworks,0.020461299,0.07482275108381503,1745.9826878185752,-410.30838,126.793205,17.689716,12.180141,-0.8789789,7.9644938,-8.872405,-1.8747809,-13.133231,-5.473246,-3.3879704,3.3021064,-2.7239296
1-16568-A-3.wav,cow,0.27294353,0.04874062951589595,1977.1079365300832,-318.1367,51.49689,-13.602144,13.526977,7.4123693,3.4351292,1.7489504,-1.2660276,-3.9181542,-0.85405856,1.678489,-1.0578952,-1.9056879
1-16746-A-15.wav,water_drops,0.0072524855,0.033197480130057806,971.6349099289889,-683.67456,18.941395,6.843615,11.403455,3.619623,-0.41269636,4.1514335,4.6162915,0.72077674,1.191971,-0.5920037,-0.7143253,-0.21721506
1-17092-A-27.wav,brushing_teeth,0.008951966,0.21153867864884393,3278.5254968137406,-299.95303,43.342247,-29.361399,27.674475,5.4206367,5.549175,8.579182,4.69017,4.2276936,11.700068,-1.759994,7.677952,3.7594473
1-17092-B-27.wav,brushing_teeth,0.0056811976,0.14557272850433525,2834.2234699005003,-444.9342,37.46072,-10.616628,14.796157,5.048232,4.8612766,12.392628,18.46198,5.3410883,5.3047857,-3.7750378,2.8845658,4.6592727
1-17124-A-43.wav,car_horn,0.0525297,0.02665789830202312,369.35718332708774,-502.71017,22.355196,-15.939542,3.06593,-1.7119647,3.2710695,-2.7495131,3.78576,-0.62117165,0.37090844,-0.65907073,0.89471674,-0.1234554
1-17150-A-12.wav,crackling_fire,0.03050663,0.09617729407514451,3186.0089943909647,-284.53845,58.286602,21.449274,28.702854,28.559198,7.4023423,-0.97669655,25.822224,-6.6840086,3.9922595,-2.3178747,6.697624,-5.4997716
1-172649-A-40.wav,helicopter,0.17877005,0.32393368406791906,4557.671943993348,-21.024279,31.284485,56.010696,24.234997,10.283429,17.415972,-7.695122,12.359691,6.2720537,1.0534973,0.15068503,7.326306,-1.6846119
1-172649-B-40.wav,helicopter,0.16745529,0.2463759934971098,4254.9511915005005,-40.34872,41.304955,59.368443,26.579311,14.716162,16.299074,-9.456542,7.194906,3.0890782,1.0433209,0.8891291,9.774971,-3.6295314
1-172649-C-40.wav,helicopter,0.14674903,0.1598740065028902,3850.8254155538784,-63.171402,58.170723,48.776047,13.959556,21.802792,14.597818,-7.712699,1.7717317,15.421782,-2.059601,6.030049,3.9662106,2.487154
1-172649-D-40.wav,helicopter,0.1677594,0.1767578125,3757.186870927307,-57.50401,59.265377,32.875614,-1.7942473,22.348232,24.476528,0.45633525,15.146443,4.510891,6.55147,6.4599752,-0.6237629,1.8076085
1-172649-E-40.wav,helicopter,0.16599983,0.07717383941473989,2359.9043551396685,-95.80821,88.57191,28.12797,8.1676855,25.11244,23.134893,-0.37341416,18.506863,5.8923607,6.748236,1.0290953,7.1480584,-6.6228523
1-172649-F-40.wav,helicopter,0.18156599,0.100269824783237,2375.249376536822,-26.544273,99.570625,7.2502966,-14.310826,0.3677139,26.348415,3.9494622,16.446226,6.293576,10.51009,3.4457617,0.39867863,-9.5026
1-17295-A-29.wav,drinking_sipping,0.09009476,0.03793917088150289,1402.6537656708094,-322.53568,128.84338,32.487106,31.479046,-3.1994503,-9.301528,-6.9974866,12.448887,6.9366527,4.7981133,1.1396139,8.293199,1.4098973
1-17367-A-10.wav,rain,0.08781156,0.2566468343569364,3203.2987805846797,-86.49432,76.49597,-100.84576,66.483246,-40.68477,60.375034,-39.69026,46.014256,-21.739998,23.488699,-15.703814,16.400383,-2.370309
1-17565-A-12.wav,crackling_fire,0.028220527,0.10509054371387283,3296.9605434602636,-241.37198,51.890186,-5.564688,25.726376,7.9737067,6.538893,-2.050572,15.422555,0.09999227,11.547882,5.3214593,12.909936,3.5165257
1-17585-A-7.wav,insects,0.06196552,0.14394700596098267,2840.6500867213254,-207.57413,67.42724,-10.553194,-8.550695,-34.31831,-21.313242,-19.529867,-25.754082,-24.398556,-19.740368,-23.926817,-17.521185,-14.45153
1-17742-A-12.wav,crackling_fire,0.009148121,0.3102053603684971,4818.375990013838,-342.298,20.31521,22.940296,19.30231,3.7608113,9.663313,1.4767878,3.6900156,-4.15087,1.4252877,-2.1182456,2.6417456,-1.5995328
1-17808-A-12.wav,crackling_fire,0.052396785,0.027338105130057803,1781.647257563397,-295.9676,73.72129,14.108514,32.23272,18.82583,18.75463,11.57181,16.853487,18.24674,11.348575,4.788052,11.507512,10.635483
1-17808-B-12.wav,crackling_fire,0.030233532,0.030033530527456647,1757.091243907921,-344.81775,76.46804,19.491575,36.845432,22.550047,18.032566,13.710149,18.313225,16.98985,12.395273,6.935175,11.228147,7.241932
1-1791-A-26.wav,laughing,0.032879505,0.03619490606936416,914.6069503388619,-470.0915,61.00752,-8.4706335,12.209485,1.1707237,0.6520857,-4.9960318,0.8088154,1.7296333,8.134409,4.4670515,2.9930587,-1.4563746
1-17970-A-4.wav,frog,0.14369458,0.11991114974710983,1735.7012285556202,-184.18965,130.0446,-82.765366,16.370146,10.5372305,-3.2668192,-36.369522,-41.18252,-4.8400316,-13.055266,2.478421,7.3702846,-8.9040165
1-18074-A-6.wav,hen,0.05797245,0.08128048229768786,2398.078733846985,-411.59366,85.70308,3.4396412,-4.161334,-7.5487,-9.093954,2.585955,9.8992605,6.1590514,10.663681,6.2073665,0.8449514,1.1214076
1-18074-B-6.wav,hen,0.018624276,0.09725546423410404,2327.390809942872,-420.9105,97.83144,3.3256536,-5.002015,-13.536338,-13.530309,-4.119467,12.287451,10.377083,14.249267,7.6478744,5.036676,-1.7904394
1-181071-A-40.wav,helicopter,0.100969374,0.0489890037933526,969.4134361371124,-182.40463,214.04529,-57.751816,47.791195,-15.718476,0.6377256,-4.6557145,-15.007841,-10.059856,-11.914457,-7.821355,-6.159088,1.5312802
1-181071-B-40.wav,helicopter,0.13364324,0.0460621387283237,898.0273432019783,-163.83594,211.39491,-43.626858,42.96248,-13.252083,2.1166127,-8.60128,-6.26604,-11.766932,-6.9167247,-7.866165,-8.966873,1.7660093
1-18527-A-44.wav,engine,0.06448387,0.04063177384393064,1457.6542468144492,-205.89993,134.64175,-32.498074,26.063248,-4.1674976,18.116545,6.0462427,13.708036,4.0940804,6.1756654,3.764507,14.608236,2.848868
1-18527-B-44.wav,engine,0.122585185,0.012830789378612716,874.8280772991978,-220.1411,167.12762,-22.38224,24.344854,-2.5804837,24.197361,11.7329035,9.3434,8.088869,14.2725725,1.9321768,14.125915,6.2194467
1-18631-A-23.wav,breathing,0.059862763,0.060134799494219654,1353.1021488925144,-325.62064,145.2964,-15.324492,17.140295,0.5567255,13.601401,13.356601,-3.3678155,-5.8127666,3.7592716,7.4698534,-5.411022,-4.032435
1-18655-A-31.wav,mouse_click,0.0073619187,0.026942964234104045,972.5770708116224,-670.8148,22.74669,13.160247,4.7408366,4.056047,1.0385991,1.3850902,4.1614075,1.924973,2.4337842,3.5399404,4.92129,4.9021926
1-187207-A-20.wav,crying_baby,0.16930528,0.07544086434248555,1592.1259424924608,-276.32095,95.806496,-11.931991,9.615909,-20.446981,5.3192244,2.5642426,-7.2296014,9.885672,6.6308546,2.938949,-0.8693267,-5.335127
1-18755-A-4.wav,frog,0.11712833,0.14238337698699421,2112.179058603318,-158.89868,112.57092,-99.7448,25.383753,1.8203121,-1.5501941,17.887926,-13.097671,12.164742,-0.51817214,-11.434744,9.199391,-0.052287374
1-18755-B-4.wav,frog,0.0816059,0.1378420791184971,2297.328480787344,-150.27635,93.137024,-74.04812,13.976537,3.4924529,-6.5534534,4.3443503,3.7197058,-7.1298914,7.3690586,-10.934159,6.102807,7.373799
1-18757-A-4.wav,frog,0.09780498,0.09841266257225434,1649.3749165964123,-216.67545,137.86156,-73.222374,14.049546,7.68047,15.96194,23.544806,-20.270996,2.9331408,4.3149347,-9.480749,7.9811435,3.5002017
1-18810-A-49.wav,hand_saw,0.08869802,0.20273832640895953,3466.7463760413043,-165.30971,44.884975,-12.983435,7.328188,0.04989472,6.666103,1.9327555,11.634989,4.7992387,12.284836,4.2727194,7.09749,3.7029395
1-19026-A-43.wav,car_horn,0.120234855,0.03909354678468208,894.1863133106833,-448.80142,32.65521,4.187651,4.227107,-1.1165969,0.75883186,-0.7301066,2.5981457,-5.1127753,-0.7486157,-1.0144476,0.2063514,3.1075287
1-19111-A-24.wav,coughing,0.04912425,0.037075505780346824,578.321701642901,-518.6688,19.889687,-13.509547,2.8020027,-0.083754346,-3.953067,1.2110777,-0.11896861,-5.556013,2.9858055,0.9143174,-0.5156025,-1.1771245
1-19118-A-24.wav,coughing,0.0038382849,0.013824286488439306,306.5103764557907,-811.47595,17.926739,-0.42807522,3.803766,-2.316995,-3.9162958,-0.39212182,2.4359832,-0.7702777,2.5474355,1.0636733,0.27154484,-1.2487819
1-19501-A-7.wav,insects,0.056774575,0.04790236632947977,1032.5565325097978,-442.3972,32.893288,1.3739702,3.9393232,-1.9832397,-1.8163525,0.5346382,-0.4969875,-4.342447,-0.30693716,-2.4193797,-2.822646,-1.7035544
1-196660-A-8.wav,sheep,0.034287844,0.07100964143786127,1527.386130682908,-265.0346,139.19759,-38.89232,34.928642,6.067374,-8.894593,-16.75865,2.604374,-4.723551,4.470024,3.468327,6.548993,-2.8762472
1-196660-B-8.wav,sheep,0.04158889,0.101418555816474,1594.3587860489847,-214.53296,147.52567,-64.1994,31.195526,6.2840004,-2.4263089,-15.788591,10.4606085,-2.5298197,9.199105,8.900761,-1.4229921,-9.104233
1-19840-A-36.wav,vacuum_cleaner,0.02621179,0.22042370393786126,3407.214810555289,-160.7331,55.619026,-15.45676,10.574515,-7.6696377,7.66254,-2.7495127,3.3309143,-15.378878,5.649783,-13.767869,0.7095058,-11.781121
1-19872-A-36.wav,vacuum_cleaner,0.107580125,0.11787617413294797,2911.6288783969444,-65.570175,67.995125,-15.670783,20.825779,-0.29339933,16.34345,-0.6791442,8.39284,-8.621646,6.7452116,-12.7777405,-6.55272,-18.631718
1-19872-B-36.wav,vacuum_cleaner,0.07682613,0.15212924494219654,3127.988907915785,-88.760925,60.500248,-13.396002,22.673204,-12.206373,9.095552,-7.9129505,6.8043256,-4.6687975,13.558314,-12.2297325,-4.0654573,-19.85826
1-19898-A-41.wav,chainsaw,0.070054576,0.1287481936416185,2745.6321814306702,-142.34572,86.629616,7.113586,12.402029,-4.641495,15.222134,-10.76098,-2.7388911,2.3629858,-2.8045633,-5.432656,-5.613306,-9.401509
1-19898-B-41.wav,chainsaw,0.13706274,0.1720302339234104,2982.6462273384527,-57.327126,67.19118,-15.649784,0.3015486,-10.42139,11.728398,-12.312491,0.55949104,-6.0389776,-6.932651,-7.105226,-9.420692,-13.042949
1-19898-C-41.wav,chainsaw,0.09840286,0.14706861903901733,2941.341948371268,-130.84837,74.510216,-9.772909,-0.34584072,-5.0063996,6.7043047,-11.367529,-3.9843924,-1.5150379,-7.345915,-9.934504,-10.655112,-9.392589
1-20133-A-39.wav,glass_breaking,0.18075211,0.1455134573699422,2734.954597027718,-235.49576,41.293118,13.401796,17.097239,5.7699103,10.636104,2.6697679,9.264863,2.4094524,4.061597,1.04764,4.490413,0.6254668
1-202111-A-3.wav,cow,0.18698217,0.06495551842485549,1939.8406312468403,-230.5651,107.94222,21.353474,8.703664,5.9145856,21.417732,-7.2399435,9.993862,-6.7150583,-9.028823,-12.239435,-8.23681,-4.2008824
1-20545-A-28.wav,snoring,0.05941811,0.03247493677745665,1321.443939331894,-414.95914,64.323166,16.57173,38.525917,22.423958,21.216232,14.905389,18.936071,12.745811,15.855752,-0.8418816,10.804255,4.6072483
1-20736-A-18.wav,toilet_flush,0.27601442,0.2255718253251445,3493.8771375636743,28.994083,44.86715,-24.367065,-4.882671,-16.871761,-10.732372,-10.549819,-8.546611,-9.863217,-8.215753,-10.162479,-8.432753,-17.347557
1-208757-A-2.wav,pig,0.3052281,0.08551977962427745,1652.0327391724056,-34.718452,131.17093,-25.49937,14.85809,-28.805742,-1.3170046,-6.0998125,-8.850397,-20.542799,-6.7687006,-5.043432,-6.623541,-12.035186
1-208757-B-2.wav,pig,0.11694451,0.09795260567196531,1951.176346914183,-128.60844,113.9558,-18.735756,24.68934,-28.836338,-5.441233,-4.8088603,-4.2511935,-14.758004,-6.8891163,-8.957979,-3.2755685,-6.9305286
1-208757-C-2.wav,pig,0.12024975,0.1057905075867052,1999.36572118045,-110.975105,113.6369,-24.99713,16.215899,-22.991352,-1.1135544,-2.168516,-2.948087,-12.438285,-5.114116,-11.216239,-3.427879,-4.101053
1-208757-D-2.wav,pig,0.19000186,0.09191823970375723,1781.6991158614132,-74.51066,128.08209,-33.085682,19.638908,-18.694452,1.6477786,0.35817766,-5.2935367,-17.081293,-3.340766,-11.299906,-4.296063,-6.7441335
1-208757-E-2.wav,pig,0.103413805,0.07303332731213873,1600.2557829480868,-140.15466,135.52168,-25.799591,25.806189,-17.622347,6.3004017,1.1823705,-3.2907414,-15.759928,-7.821233,-14.6206,-6.7913065,-6.344818
1-211527-A-20.wav,crying_baby,0.082179554,0.18317602962427745,3010.7709808918266,-293.31482,16.788872,-44.684868,22.838915,-7.9337378,-1.5619099,13.441649,8.718548,4.8185863,-2.7468872,-0.014173607,8.365157,6.2374754
1-211527-B-20.wav,crying_baby,0.07684189,0.100902050216763,2233.4076798206474,-208.6305,85.870285,-52.18592,9.657754,-21.483406,4.3464947,15.862667,9.910991,-0.36113912,-4.1611724,1.9439983,5.4999695,1.1989859
1-211527-C-20.wav,crying_baby,0.10088767,0.19359363710260116,3219.662360258597,-248.4442,-5.900083,-56.05498,8.391481,-24.140253,-8.442839,21.057299,5.0490704,-5.0000052,-6.9826937,1.6932641,13.110548,5.1185675
1-21189-A-10.wav,rain,0.08748438,0.28568969020953755,3646.964564399398,-37.6553,32.447914,-45.341606,10.570558,-19.639412,7.4620566,-6.0747833,9.05598,-16.570524,5.1374207,-9.629941,10.299497,-11.002242
1-21421-A-46.wav,church_bells,0.19307905,0.09924810332369942,1599.1452095075783,-91.68289,134.06987,-48.80419,21.835728,2.152492,10.817392,-1.4354749,7.6713767,-0.44962117,-1.9831399,-9.277492,-4.381918,0.3313013
1-21896-A-35.wav,washing_machine,0.14745463,0.04500372561416185,2212.225093942388,-116.28996,80.085075,9.465321,13.596403,16.080496,13.667816,10.952295,13.320289,10.532821,16.305994,-6.469063,5.1505294,13.984799
1-21934-A-38.wav,clock_tick,0.027674997,0.0236040236632948,982.263687399782,-469.99323,117.11118,31.290705,35.5885,38.701195,36.869373,8.009817,6.201344,6.6684923,10.127633,10.003048,4.52912,0.113530636
1-21935-A-38.wav,clock_tick,0.02723252,0.0752037798049133,2497.83539267273,-328.2344,87.72915,-0.03078174,15.929161,3.8953123,6.0024548,2.1458957,2.7179072,-6.290818,-4.8724365,1.6211426,2.364025,-8.445583
1-223162-A-25.wav,footsteps,0.031507336,0.0040699512283237,168.6042543022994,-555.77563,12.706081,2.1044433,1.7625856,0.66696864,1.670805,1.0365297,0.57578236,0.21918121,0.32607186,0.29819015,0.46510217,0.1929279
1-22694-A-20.wav,crying_baby,0.08647595,0.18235187861271676,3236.6279797095553,-313.71527,55.02504,-16.716064,-0.32316357,6.3578253,3.630688,0.70702,12.262519,2.55587,2.1547835,-4.1774197,-0.1454157,-8.318306
1-22694-B-20.wav,crying_baby,0.07137887,0.14348977149566475,2861.258522453946,-349.69116,68.93788,-3.6360598,9.366368,11.024006,13.847695,-1.0997219,14.496065,-1.3725861,3.340881,-5.2410645,3.1866484,-3.3696246
1-22804-A-46.wav,church_bells,0.22379589,0.13330078125,2044.9834580847212,-55.745506,103.18576,-53.995186,15.591365,-17.05654,3.926779,3.6220562,0.6077379,-8.618807,2.7065372,2.4235084,7.8728375,1.2249931
1-22882-A-44.wav,engine,0.091948606,0.06465634031791907,1770.177091519055,-120.41187,124.08497,-49.316986,32.54937,-5.027041,23.049145,5.1130357,15.518855,4.443244,6.335613,0.21842544,15.446116,-2.7813032
1-23094-A-15.wav,water_drops,0.013525715,0.14970477330202311,2933.871206932135,-448.58572,42.86638,-46.00326,-28.999594,-30.412928,-43.89942,-45.627113,-23.090979,-25.487621,-13.283088,-20.0867,-4.0882006,-1.3386368
1-23094-B-15.wav,water_drops,0.009532312,0.14555014902456648,2828.1624073975777,-445.55396,43.589714,-49.049484,-32.508602,-36.34374,-48.874386,-46.02623,-30.54589,-29.80454,-14.887458,-18.435274,-7.2534857,-0.6902802
1-23222-A-19.wav,thunderstorm,0.13344926,0.04982162210982659,1095.0030566323187,-188.863,173.61946,-24.136414,23.166779,5.110559,13.059699,-1.0889127,9.850026,-0.769167,5.104538,0.35242018,2.4404538,2.1999936
1-23222-B-19.wav,thunderstorm,0.18011391,0.02781791907514451,916.6745099928962,-198.80907,165.74553,10.201145,22.14905,5.326951,22.303581,-2.6422923,13.293505,-1.5652136,9.279796,2.6996524,6.7353973,3.822584
1-23706-A-49.wav,hand_saw,0.009497681,0.17035652998554912,3106.501274805222,-314.56964,70.32234,-16.491693,-17.376358,-11.142496,-8.180953,-6.465997,-6.5259905,-6.4827676,-3.2262294,-6.815343,-1.0218941,1.342234
1-23996-A-35.wav,washing_machine,0.14498504,0.10054360097543352,1852.227157801915,-47.0887,124.07916,-29.620716,13.815221,1.0551636,-11.059251,-4.3530226,-0.5337303,-9.752465,0.17567481,-2.3028622,0.5912579,-1.4635417
1-23996-B-35.wav,washing_machine,0.21707308,0.18901847001445088,3053.583550914463,16.056513,70.88052,1.2291809,27.06662,16.280502,4.9061055,1.0293951,4.180619,-0.80215544,1.8741616,6.724373,8.731216,-4.489111
1-24074-A-43.wav,car_horn,0.07726983,0.12835587518063585,1665.004767689461,-165.24344,140.32272,-48.862137,26.8073,8.518473,1.4656574,13.031623,22.183256,-13.870126,10.497836,4.3380814,-5.7610974,-3.1932747
1-24076-A-43.wav,car_horn,0.17772949,0.12023855220375723,2234.4397525981385,-78.64676,92.70947,-19.009247,9.101125,3.4182343,11.658098,1.9528505,14.315539,4.4183335,12.003535,-4.7795672,-0.28127664,-5.4022155
1-24524-A-19.wav,thunderstorm,0.04001181,0.017273302023121388,465.4106644926703,-422.57672,202.70033,46.656868,3.808791,17.379852,15.809635,6.0427594,5.428237,4.5844436,1.9854836,0.8755789,0.6320215,1.4141879
1-24524-B-19.wav,thunderstorm,0.11137433,0.04587585802023121,1176.5451815642318,-305.76462,148.75601,-14.108252,17.1073,19.56223,4.8250127,9.855263,4.5824575,1.4848115,3.1072404,-0.33726412,1.8004332,3.0263383
1-24524-C-19.wav,thunderstorm,0.10134316,0.06030696802745665,1470.8648717451676,-252.87297,146.8995,-22.39405,25.64198,5.6377163,10.717485,3.1238456,8.096909,1.5951743,4.895006,1.7746924,2.9094024,3.35118
1-24796-A-47.wav,airplane,0.21221256,0.21593038746387283,3147.543800197181,12.675231,67.5816,-15.156455,29.277662,-12.383684,21.028627,-6.0722656,6.6219354,-4.908319,3.3926916,-7.193165,8.146098,0.34274805
1-254507-A-43.wav,car_horn,0.24520652,0.07344258038294797,1317.7444818807362,-171.29915,135.77509,-2.1833773,27.50233,21.199373,6.96771,1.9200767,6.4921803,-1.7294936,2.0417218,-5.201617,-3.902499,-4.484046
1-25777-A-48.wav,fireworks,0.0121549815,0.073586524566474,1593.5660037751534,-486.01797,139.94061,-14.607589,8.37452,-3.30184,1.5981636,-2.420863,4.499244,2.0823445,4.7697487,2.6602054,2.5765586,0.49458793
1-25781-A-48.wav,fireworks,0.018944727,0.19354001083815028,2598.1811180145646,-411.3114,69.42884,-54.5989,37.513462,7.360718,8.283223,-13.17995,11.658358,1.7916856,2.671425,3.1394618,5.153477,0.12050548
1-260640-A-2.wav,pig,0.22267506,0.15822852691473988,2507.9804211397727,-77.77976,85.92475,-44.956486,31.187489,-24.848644,-6.8580327,-6.078569,0.2670279,-5.47125,8.86308,6.5609703,4.3835416,0.5283174
1-260640-B-2.wav,pig,0.19785157,0.1971132135115607,2498.628833732928,-106.96719,91.43049,-54.0322,41.754128,-22.71541,-0.93773365,7.165396,-16.432955,-12.421727,12.427484,-6.452175,-1.9239273,-4.0898485
1-260640-C-2.wav,pig,0.2759745,0.24433819544797689,2856.437687408952,-43.177902,62.429935,-68.15281,29.358292,-27.08846,-6.048149,-1.8828284,-11.11314,-16.495665,22.389755,1.3855569,-6.4463243,2.159135
1-26143-A-21.wav,sneezing,0.045938116,0.11025277727601156,1743.0313457279974,-529.594,14.462932,-12.220415,0.582021,0.9382342,-1.340321,-7.303555,-6.7395105,-9.409844,-4.8587003,-6.043601,-2.458659,-3.8178558
1-26176-A-43.wav,car_horn,0.08481856,0.06576837969653179,965.7362645893251,-474.76584,18.3719,-1.2311661,6.2539535,-3.0638273,-3.5255163,1.1212003,2.1904247,-4.044319,4.502986,-2.3815074,0.69747156,-2.2659695
1-26177-A-43.wav,car_horn,0.1253872,0.05809135657514451,1023.3199975911248,-334.76852,42.34277,-25.364971,-7.475967,-18.558102,-9.008579,-9.674567,-4.7501025,-12.38736,-5.3075624,-9.644639,-0.88859314,-5.4340544
1-26188-A-30.wav,door_wood_knock,0.10467277,0.028608200867052024,1396.6149713494035,-394.588,101.66822,25.09258,7.7590013,8.194168,14.772031,6.4815073,1.3930398,2.757823,8.365912,9.653446,5.701692,6.2290845
1-26222-A-10.wav,rain,0.05706626,0.39560377528901736,4854.958573614952,-76.86244,27.887278,10.949425,0.3392221,9.48604,5.323549,3.764472,11.6246805,-5.779197,4.9942727,-4.2474837,3.5782921,-4.3634067
1-26806-A-1.wav,rooster,0.17927907,0.0758472949783237,1051.2950220839457,-390.11047,68.35179,-24.02242,-16.141417,7.8421082,15.053553,-10.885743,-15.414533,-7.2991977,7.929765,16.82509,24.235556,9.418632
1-27165-A-35.wav,washing_machine,0.09229302,0.1878274024566474,3160.8835940049576,-64.40082,41.560432,-48.517334,28.445793,-1.2566493,16.043861,-6.4062104,1.8220359,-17.480644,-9.145936,-9.20965,-7.279534,-11.715932
1-27166-A-35.wav,washing_machine,0.20090142,0.2838748645231214,3267.5605579800413,-24.65502,43.36565,-38.190697,16.715061,-7.447399,4.003471,-4.1393886,-3.9538538,-8.436917,13.843781,-15.516339,-6.982476,-1.1082277
1-27403-A-28.wav,snoring,0.09500487,0.08607015444364162,2457.681749426646,-275.0814,84.69765,20.027496,28.398426,2.5348651,3.5233846,-2.2853198,7.139304,12.989893,8.997141,6.023961,8.101305,-4.9323525
1-27405-A-28.wav,snoring,0.052911878,0.15796039559248554,3059.120261918923,-379.97958,71.52909,23.97177,21.766056,2.0631588,7.193099,0.5685281,0.9846373,1.991012,2.5211642,0.26548135,2.8739383,-2.5685833
1-27724-A-1.wav,rooster,0.09081002,0.09400119671242775,1400.132474193558,-361.33954,34.703514,-28.872736,12.674725,8.862241,-2.7615056,-1.3692459,11.085763,10.748433,1.1963345,-4.974294,2.449596,3.5437083
1-28005-A-18.wav,toilet_flush,0.21260652,0.1551210260115607,2410.940757112634,-19.107002,90.64053,-60.30876,6.6318007,-19.764332,8.523229,-7.3734517,-12.467758,-6.9851294,-16.736794,1.5341525,-18.8264,3.6456797
1-28135-A-11.wav,sea_waves,0.11030237,0.1173568460982659,2352.851836847129,-54.32392,100.65566,-11.4427395,6.7534695,-0.9775828,-3.3272219,-7.164482,0.71695215,-5.552967,1.3726758,-5.025331,-2.2988758,-2.2754307
1-28135-B-11.wav,sea_waves,0.0878798,0.11785923952312138,2279.7356717292105,-70.93395,104.286285,-17.429201,5.6991835,-0.66482395,-1.1110404,-3.419268,2.3249807,-4.2877817,1.7776718,-1.6253288,-0.001778156,-2.2631838
1-28808-A-43.wav,car_horn,0.17893721,0.1168600975433526,2032.177139285935,-55.805004,104.54697,-39.89142,17.358904,-5.040821,14.817939,15.042754,2.5999815,-9.112031,3.7359238,-1.4464116,4.667496,2.2144344
1-29532-A-16.wav,wind,0.05609583,0.3273234284682081,3675.540798524071,-136.37694,55.66883,-8.127296,15.061974,-22.961954,5.7029963,4.263628,-2.5285072,-3.585255,26.889143,-32.788136,8.201567,-4.691795
1-29561-A-10.wav,rain,0.07246498,0.2265653224349711,3115.7547020059883,-73.22015,54.122314,-36.944115,35.773724,-8.815057,-6.95498,-8.134781,9.654497,-7.227052,-7.2771845,-6.3421893,1.4608719,-10.243687
1-29680-A-21.wav,sneezing,0.036021944,0.1897918171965318,2913.815445482544,-542.04144,21.352184,4.9658594,3.3646793,6.1988883,1.5548468,3.5669954,3.081519,0.06933973,3.8225195,0.29595488,-1.5336915,-0.363769
1-30039-A-26.wav,laughing,0.16873175,0.07190435332369942,1614.462379523762,-93.88456,132.55695,-12.743549,29.725784,-2.8783877,-3.9596832,3.9148362,-6.476517,-4.2223225,12.555839,-8.672963,0.27615443,-6.300681
1-30043-A-26.wav,laughing,0.118761204,0.06471843388728324,1313.579198254436,-219.90848,114.82459,-25.449032,9.621727,-6.4047146,-7.152039,-0.12218149,-6.7503486,-7.358765,6.1406617,-8.493677,-4.7728896,-9.498056
1-30214-A-18.wav,toilet_flush,0.056380447,0.20671795971820808,3245.1694441297445,-286.43832,39.189503,-28.787855,28.510595,-0.3060218,-5.1658463,2.802535,-2.1298428,-7.302457,-0.104756616,-10.104491,-2.9981012,3.282331
1-30226-A-0.wav,dog,0.03906837,0.052855739703757225,1321.855607032003,-372.47314,137.03851,-25.957638,11.335625,11.996974,14.285863,5.816045,9.915486,5.4345202,13.822563,9.470474,5.640304,-2.0448334
1-30344-A-0.wav,dog,0.093946226,0.08115911759393063,1457.8298902030344,-378.86795,98.91282,-4.167795,-18.032331,-21.845894,-23.533384,-14.92469,-10.576152,-17.461216,0.86848414,0.010458357,-5.5519886,-2.0808148
1-30709-A-23.wav,breathing,0.12745151,0.09054653630780347,1577.0295797510064,-168.43272,141.36267,-20.715534,14.666874,-22.179785,-10.670563,19.637697,12.229819,3.0261407,11.674445,-23.944366,11.097194,6.1847086
1-30709-B-23.wav,breathing,0.120120585,0.07173782966040462,1427.1369708997809,-175.45949,147.43317,-14.753767,9.454042,-20.402605,3.7363162,20.478144,6.075822,7.6657844,10.224639,-17.99953,12.648381,6.9543424
1-30709-C-23.wav,breathing,0.18336204,0.10104599440028902,1801.7674564273686,-71.2572,128.31235,-31.260454,12.615444,-29.989952,8.981681,13.793933,8.287806,4.4622493,11.417018,-13.387365,14.424548,7.4825206
1-30830-A-24.wav,coughing,0.05798994,0.02496725975433526,782.0659575492191,-464.86514,49.96081,3.6857493,8.263955,12.744883,4.8261056,-5.480888,2.3767729,-1.4279264,4.7069426,1.9159344,1.790243,-0.6374881
1-31251-A-6.wav,hen,0.103998065,0.11934101788294797,2074.7953559625275,-136.14049,97.93672,-46.42771,-2.051938,-14.6177025,4.979513,1.4451617,-11.529773,-23.738213,-19.083414,-17.405432,-3.5057359,-7.931519
1-31251-B-6.wav,hen,0.08171509,0.15257518966763006,2439.4223494965286,-165.27164,77.07922,-55.266132,15.98411,-11.869409,16.445576,-6.9906435,-21.40586,-20.692543,-8.844749,-13.883192,-4.6744328,-15.590368
1-31482-A-42.wav,siren,0.22318293,0.04709797236271676,1023.1437677908024,-216.41031,152.63275,-5.7921896,11.548593,2.386309,-6.5868483,-9.817278,-3.8917809,5.9823613,16.83115,15.531264,12.363623,20.257511
1-31482-B-42.wav,siren,0.24889824,0.07654443641618497,1096.1522707620452,-169.1821,157.05583,-19.48727,8.016085,-10.975775,-3.5154831,13.647698,36.196457,25.304436,11.858066,-5.783351,-5.9841533,7.0916967
1-31748-A-21.wav,sneezing,0.022398608,0.03832584447254335,681.6382993038416,-624.07855,18.145063,-3.045479,4.179235,-0.7129819,1.8475621,-2.75882,2.0777855,1.6385205,-1.4952977,-0.08421964,-0.60830426,-1.2303737
1-31836-A-4.wav,frog,0.04438536,0.12022161759393063,2045.8672071300148,-234.92732,102.30768,-43.62748,26.293186,28.314617,21.748018,0.008572794,17.427895,0.20472391,-0.6390533,-4.061723,-4.4526625,-2.711248
1-31836-B-4.wav,frog,0.112082236,0.17215442106213874,2137.222624246305,-128.1591,100.999535,-104.698364,20.983955,27.497194,21.304558,-6.782568,28.837784,-4.5393167,2.5311823,-2.32935,-1.8177096,-1.9495196
1-32318-A-0.wav,dog,0.14773181,0.09039976968930635,2084.82039177003,-324.8568,71.912445,-5.2387214,-2.6956997,10.807235,0.87757474,-8.2318945,-6.1592946,-8.835799,-4.8925595,4.4982724,11.90587,17.298391
1-32373-A-35.wav,washing_machine,0.19196269,0.10698439757947976,2625.8115318162736,-25.205065,80.04445,19.495735,28.774315,15.557126,18.767824,1.9603403,13.400967,-3.0216703,4.02431,-5.6110773,4.593831,4.255763
1-32373-B-35.wav,washing_machine,0.17718755,0.08018255509393063,2008.0148576434747,-47.834618,102.91227,13.447807,27.857853,15.516419,13.443698,6.2723255,6.807832,-1.8140086,3.4502842,-2.7306492,7.331324,1.9709208
1-32579-A-29.wav,drinking_sipping,0.0120953685,0.04307600252890174,2132.596070958544,-559.5888,80.65331,17.15405,29.203232,8.887789,10.97352,12.209831,15.9907875,11.975868,11.831083,8.325837,5.4306865,4.8703375
1-33658-A-26.wav,laughing,0.05611015,0.0885200279985549,1884.2597519876667,-319.99814,93.37855,-7.386932,21.210152,9.267282,4.683096,-2.9821353,-3.3200266,2.176864,0.85977525,-6.3777404,-6.303152,-3.676701
1-34094-A-5.wav,cat,0.109234415,0.14796897579479767,2251.500689110417,-217.4398,85.723976,-27.382612,10.4394245,-10.019459,-6.4746547,-1.5258542,20.082167,-2.5304217,0.45947838,0.5467708,3.1701589,-2.3849669
1-34094-B-5.wav,cat,0.058514625,0.14152817919075145,2127.8254539094423,-234.77489,96.81861,-25.768873,8.484054,-13.161579,-3.626942,0.50853246,19.637638,-4.541795,0.58644646,2.2780752,5.289689,-3.1385489
1-34119-A-1.wav,rooster,0.022101711,0.08615200505780347,1358.9542564822875,-527.1195,37.402847,-7.9943395,10.014346,-13.481154,14.572822,-9.001315,0.6914496,6.18113,7.7079034,2.2670896,-8.134613,-2.96425
1-34119-B-1.wav,rooster,0.020890458,0.15634878522398843,1841.9424091402282,-592.2151,42.766552,-8.279684,-7.651833,-13.797443,39.484177,-17.375397,11.949467,1.3514475,10.299416,3.1752026,-18.786928,3.136434
1-34495-A-14.wav,chirping_birds,0.09423892,0.23497617864884393,3307.690482476367,-192.70128,47.0851,-19.144117,25.946634,24.901356,-8.5046,-12.056909,16.51385,6.5031753,-7.2297206,-7.2886786,3.8186057,-0.45983058
1-34497-A-14.wav,chirping_birds,0.023549372,0.24263908959537572,3750.2722254333858,-194.26807,42.66313,-0.3000366,20.649998,9.2429495,-3.5863771,-10.158612,2.792948,-1.7765496,-3.7441416,-10.449723,0.2788564,-4.143303
1-34853-A-37.wav,clock_alarm,0.11081614,0.1915473717485549,2701.686138385019,-239.55623,41.137005,-57.399136,61.807262,0.9255431,-11.536627,-45.011326,10.692096,25.317678,30.71924,-5.293123,9.217085,-29.843493
1-35687-A-38.wav,clock_tick,0.009153163,0.038450031611271675,1082.0141951332873,-439.82397,140.96864,-16.009008,11.085702,-22.94325,-5.169857,-24.275814,-21.947433,-32.32052,-25.541647,-31.941328,-26.346052,-27.788462
1-36164-A-26.wav,laughing,0.010768754,0.16544831557080925,2484.4531428797413,-541.2074,87.701706,17.891665,25.235193,16.45725,8.527127,2.8713994,5.0483203,-1.1002331,-2.876258,0.035669714,8.965646,2.6986284
1-36164-B-26.wav,laughing,0.045626085,0.1201228323699422,2291.5237205115554,-298.72913,88.84654,-29.764988,-1.4953882,0.11450654,20.316364,11.971554,-0.5938864,-4.5836763,11.570557,1.3493865,-7.581528,11.276291
1-36393-A-23.wav,breathing,0.01270396,0.032345104768786125,869.4620278345917,-656.99,16.392437,7.303077,4.9543633,1.4233851,0.721819,2.4165685,1.6163048,-2.4853466,0.6770227,0.4245543,0.31576365,2.533324
1-36397-A-23.wav,breathing,0.005409713,0.06523211705202313,1564.543084873716,-666.96716,39.684723,3.1419258,4.5367723,5.0646234,7.9254932,2.6784596,13.34981,-0.88257897,2.0846643,3.9585345,3.4412076,4.136234
1-36400-A-23.wav,breathing,0.009149572,0.04154906520953757,815.5774516557734,-708.23444,20.905634,8.884443,1.0142887,-3.7438266,5.183524,-0.47704506,4.5777173,-1.0882376,0.88979477,1.121181,2.8588958,0.97223693
1-36402-A-23.wav,breathing,0.0089766355,0.05211343930635838,978.7535813731357,-627.35864,26.162262,-9.599801,2.7102537,4.8105597,-1.1733353,-0.9451227,0.72070444,-5.586714,0.87434167,0.4071837,2.4595802,1.9667164
1-36929-A-47.wav,airplane,0.2992238,0.047129019147398844,1080.3635036861936,-128.23804,189.70415,-43.45026,84.8927,11.333207,-29.992565,19.399223,-18.523972,-15.914292,-4.551823,-18.151503,-4.812725,-5.293473
1-37226-A-29.wav,drinking_sipping,0.032846637,0.04321430184248555,2038.5092068634049,-474.38864,51.079086,4.595915,10.494627,4.679715,5.3738937,3.1450768,2.8842254,-1.9283568,4.5801997,-0.481756,1.7075961,-1.3794028
1-38559-A-14.wav,chirping_birds,0.012592487,0.2480412301300578,3200.521007856741,-395.7323,-7.925233,-87.75183,41.393627,19.088093,-35.46802,-16.20408,-8.646596,-13.306364,-21.283129,-10.516416,-12.431167,-10.786967
1-38560-A-14.wav,chirping_birds,0.008690363,0.2998187996748555,3928.9804026332113,-445.05807,-8.042827,-54.086834,7.303586,-35.91668,-30.886982,-11.067814,-11.772519,-17.30858,-6.351839,-13.535204,-9.376149,-19.11677
1-39835-A-9.wav,crow,0.21839572,0.20891381412572255,3049.0448229085787,-124.37272,48.73781,-52.023357,3.3604605,-6.2929955,18.377472,-20.292557,5.2770877,-5.677742,5.185666,2.4393063,-3.8963423,-12.789057
1-39835-B-9.wav,crow,0.17408954,0.21902377619219654,3129.607811538055,-126.5147,43.142673,-55.082523,4.6166844,-12.9115715,15.4716625,-22.407349,1.7855489,-5.336868,6.2396235,3.269113,2.2487152,-8.245514
1-39901-A-11.wav,sea_waves,0.078293726,0.09173478143063583,2043.6504670969296,-126.35217,106.21052,-20.516617,0.74561983,-13.90688,-12.757719,-18.49653,-16.080477,-15.239013,-10.636672,-10.912338,-5.3453484,-8.661318
1-39901-B-11.wav,sea_waves,0.09507984,0.08929902005057803,1972.561553955607,-117.22252,110.58632,-17.978662,-0.84804344,-14.970929,-14.082528,-18.005367,-14.804064,-13.170057,-11.218426,-12.789859,-7.1479745,-11.98932
1-39923-A-1.wav,rooster,0.14603284,0.08455450686416185,1314.9409202406903,-330.0293,50.502045,-47.558132,-11.512563,-12.883239,12.467653,-10.433936,1.3571432,4.8890533,11.093972,11.7947035,-0.107340366,-8.398691
1-39937-A-28.wav,snoring,0.01966433,0.1201143650650289,3268.094681253689,-295.09647,43.99789,22.480822,31.330894,6.630105,18.265865,14.167043,21.181122,9.425142,13.693283,6.189199,9.615167,5.6876736
1-40154-A-46.wav,church_bells,0.1394899,0.11611497471098266,1719.363947909087,-113.15931,141.05324,-83.81705,20.16358,-27.017742,-6.120823,-12.493014,-7.591475,-10.580004,-4.3427067,-6.8084154,-2.786732,-5.672562
1-40621-A-28.wav,snoring,0.012472841,0.05681843840317919,2074.8560677154837,-471.02777,98.221344,17.180706,17.890924,-10.923162,-2.6549206,6.886379,23.562937,3.666637,7.810956,-0.20720679,18.351591,7.8650827
1-40730-A-1.wav,rooster,0.118107885,0.11722983652456648,1331.8967991256882,-307.74945,93.810555,-61.48942,5.639536,9.785409,-12.362461,5.3113265,-1.0455945,6.669278,11.113039,-6.3064513,5.798612,6.549369
1-40967-A-28.wav,snoring,0.006050302,0.19841435603323698,3472.851339604168,-424.02963,58.315838,4.381878,4.3018756,-2.293841,18.249846,3.2415345,10.337133,21.270857,1.4509984,-10.900239,0.012064796,-3.9185195
1-41615-A-34.wav,can_opening,0.018890325,0.12233279895231214,2221.666998751777,-612.9539,9.6202755,-13.479165,12.723307,9.613411,12.788704,5.2787457,6.9041147,7.2258296,3.068121,0.4308672,5.9930673,4.778604
1-4211-A-12.wav,crackling_fire,0.072723046,0.03381841582369942,1786.1070056893743,-254.57863,75.72296,16.20065,44.795883,24.634949,19.252937,13.898685,20.04165,11.575512,19.129679,9.614348,12.762474,4.8321905
1-42139-A-38.wav,clock_tick,0.050556447,0.026827244400289017,1008.6411233194206,-279.39636,144.94272,35.16814,30.067347,15.363149,15.047329,1.5300332,7.416607,-4.6727495,4.018888,-1.1383225,-4.780148,3.9645395
1-43382-A-1.wav,rooster,0.19755122,0.10085124638728324,1943.6592783669646,-301.9604,25.265503,-35.022774,-16.3737,-2.652929,1.76671,-9.19753,-8.308276,13.581857,13.49421,27.952497,15.527843,-2.8588226
1-43760-A-11.wav,sea_waves,0.07807575,0.161821486632948,2769.795034703625,-84.61656,54.274475,-66.69079,-30.584856,-33.70302,-29.5256,-30.911285,-17.958303,-24.837427,-13.843073,-20.180489,-8.928085,-14.577352
1-43764-A-34.wav,can_opening,0.010534824,0.06815898211705203,1351.8381498148283,-703.11395,1.4213169,-2.1615226,13.92839,3.6588728,6.194477,9.0214615,5.531646,5.3114944,6.8600593,2.6394196,6.4709077,4.019858
1-43807-A-47.wav,airplane,0.18308744,0.02867876174132948,808.0534402830114,-159.10307,212.8078,-35.605644,54.81984,-14.423704,19.586927,8.220359,-8.394145,9.630519,-0.7347673,-5.577198,-13.7319565,-4.9824605
1-43807-B-47.wav,airplane,0.07498053,0.019249006502890173,443.46015988268425,-324.9244,241.39342,11.778814,17.093487,12.991245,19.570488,9.862765,2.1028893,12.903027,0.72368205,-5.4741373,3.6431854,1.6787311
1-43807-C-47.wav,airplane,0.04947478,0.021501309609826588,455.2899079224205,-357.58777,233.71486,26.141531,17.34337,2.8706775,15.938338,10.764867,-5.8067365,4.017522,7.86473,2.646775,9.012849,2.2242618
1-43807-D-47.wav,airplane,0.2045858,0.020835214956647398,528.592159526263,-209.63239,227.24081,-4.148987,32.90288,6.6499863,10.575819,11.488326,0.5976514,4.723882,0.974011,-1.0717041,-2.5644987,-2.5253172
1-44831-A-1.wav,rooster,0.063319415,0.0681956737716763,908.1150243976549,-425.4057,61.131027,-17.549065,13.765693,-2.352285,4.888537,3.3575137,0.763994,5.6863194,13.230275,-1.4306833,-2.377077,-3.9011009
1-45641-A-27.wav,brushing_teeth,0.08503811,0.35357207369942195,4839.528602405427,-99.746025,-10.048634,-20.297329,-17.52208,-19.778069,8.249316,8.739395,8.357462,-5.9732604,5.194945,3.965009,-2.240484,-2.3729122
1-45645-A-31.wav,mouse_click,0.012384596,0.1685896856936416,3483.2110780151493,-334.4883,56.775246,11.557871,19.139206,8.57236,7.572898,6.834892,9.865297,2.9077532,7.93983,2.9457812,5.85721,1.616273
1-46040-A-14.wav,chirping_birds,0.009202214,0.2734064532153179,3869.031267269726,-314.1345,24.058413,-15.648899,25.562206,-7.549503,5.5960293,4.226691,13.581373,9.155354,4.020952,0.709227,5.5296197,-0.9865026
1-46272-A-12.wav,crackling_fire,0.07596599,0.10380915823699421,3580.3109925838503,-173.45844,29.115862,48.1186,55.17703,28.842846,17.83606,9.753996,12.639419,7.250985,9.87402,0.54807574,3.2573307,1.7976022
1-46274-A-18.wav,toilet_flush,0.04221276,0.18356834808526012,3178.7890187952476,-199.84944,49.400063,-10.678993,30.625835,2.3716326,6.9849873,-9.773003,-7.867652,-7.684542,-7.5344872,-8.359092,-4.9962068,-12.288201
1-46353-A-49.wav,hand_saw,0.04094165,0.24032187048410406,3601.4830918518173,-150.97821,35.956997,-29.909811,7.8059154,-15.8699,-0.8379226,-5.5261717,-0.32440636,4.4090323,1.9759063,-2.5821002,0.013293801,-0.21480851
1-46744-A-36.wav,vacuum_cleaner,0.46579933,0.05170700867052023,2852.6494031026546,19.207632,62.5992,-8.801493,12.836753,-5.9528666,0.2963793,-7.680276,1.4774603,-2.027294,-12.450239,-12.809574,-5.1830463,-20.047153
1-46938-A-7.wav,insects,0.023330692,0.11126320899566473,2465.5781372817564,-246.17937,87.56301,-9.487069,10.90747,3.9742448,20.7633,2.2508807,-1.5360719,-5.8073726,-3.6536086,-3.8553813,8.039142,1.0528312
1-46938-B-7.wav,insects,0.043153778,0.11951883128612717,2627.95954091537,-205.6155,82.51264,-11.5845995,6.352095,5.2771015,15.496141,-0.5780043,0.55643916,-9.451169,-1.2320834,-4.8004384,5.8579087,-0.76636994
1-47250-A-41.wav,chainsaw,0.14941487,0.10116453666907514,2011.8465985772048,-44.32838,111.84843,-26.564743,2.0965183,-16.962296,10.107676,1.9730773,7.585492,-17.150255,-1.3076451,2.2775679,-5.9412107,-10.690471
1-47250-B-41.wav,chainsaw,0.14831656,0.10488450596098266,2183.7915241590863,-44.510162,102.559814,-21.678806,-2.5309546,-19.535946,7.471633,0.41979662,4.760594,-18.701897,-3.1564362,-1.2676854,-9.822545,-9.175544
1-47273-A-21.wav,sneezing,0.012881088,0.14143221640173412,2192.986854130453,-632.2315,26.589813,-4.8167715,2.642486,-15.089873,-9.617642,-2.6918426,2.2692544,-1.0016837,-3.296282,-6.7491083,-3.4102848,-3.026946
1-47274-A-21.wav,sneezing,0.07700989,0.09585835892341041,1434.4178524643255,-411.80005,32.15186,-15.596844,-6.985134,-11.582512,-10.973202,-10.516071,-2.2640927,-4.270927,-7.400189,-7.3089204,-2.9659855,-1.239538
1-47709-A-16.wav,wind,0.56088626,0.019548184609826588,838.1995368598482,-55.561733,150.7116,38.080963,37.50122,11.293296,14.078628,5.131778,8.36416,0.3827777,3.9792576,-1.3009915,3.0096142,-2.4608178
1-47714-A-16.wav,wind,0.37480116,0.011659478865606936,733.1529942333032,-154.26892,135.68478,39.35326,42.145687,18.525719,22.618948,12.308283,14.564779,7.8426013,10.999312,5.173988,8.161832,3.3609936
1-47819-A-5.wav,cat,0.006870398,0.1313617684248555,2843.205699073167,-438.08273,72.15235,1.9149597,22.411766,5.229435,10.5009365,3.1156719,3.1298497,-4.4742594,0.048373405,-1.2665493,6.8325796,-2.1787398
1-47819-B-5.wav,cat,0.00578252,0.12496613078034682,2768.4351619040667,-426.82275,76.5393,-1.4358792,19.873194,3.962812,8.399352,2.1551633,4.090818,-2.4657888,0.9113365,-4.3893847,3.2801175,-1.3071721
1-47819-C-5.wav,cat,0.0038529546,0.1326629109465318,2829.2199254334987,-439.17224,73.4045,-0.016083647,18.574553,5.9965363,11.803181,4.5078883,6.3823934,-3.4664013,-1.8351303,-5.834961,0.39138106,-2.1936524
1-47923-A-28.wav,snoring,0.030559266,0.18014473446531792,3026.8326836662977,-249.98207,72.81471,-21.888268,-1.2961403,-8.303858,-18.855497,1.9415611,19.590704,-11.53989,3.3871167,-12.314856,5.6897454,-2.711591
1-48298-A-46.wav,church_bells,0.1045821,0.04054145592485549,1070.0482813008334,-196.59991,153.60583,9.59735,15.255525,11.248899,13.393155,3.56347,10.43136,2.1845915,-0.6711978,-1.1492425,4.321263,-2.2743146
1-48413-A-38.wav,clock_tick,0.016012324,0.046395186054913294,1613.9821257937463,-427.57962,113.39037,14.1011915,21.644608,-4.1688523,-3.3863597,1.9196597,4.267085,9.165085,14.325427,3.4981863,1.2800692,-2.1405249
1-49098-A-35.wav,washing_machine,0.12622453,0.041359962066473986,1194.7373911427708,-232.76326,135.06253,-0.46695706,18.93786,3.7722814,6.8767676,-0.091269836,5.286259,0.8530651,-1.9999518,-2.5300128,-0.6906621,-2.7757952
1-49409-A-8.wav,sheep,0.050793875,0.16751998283959538,2414.287485656777,-230.16266,79.563705,-73.53274,41.399864,2.0498502,-8.052928,-5.121158,-0.56973565,-2.5912378,0.17580524,-0.56822515,-5.36987,-10.545995
1-49409-B-8.wav,sheep,0.027724663,0.1329705563583815,2004.6268255615976,-247.68095,104.50124,-52.42592,35.91869,12.549929,-4.3092136,-6.6122174,-3.120304,0.3957911,-8.460287,-10.951929,-3.8258734,-5.969033
1-50060-A-10.wav,rain,0.094999045,0.35425792539739887,4330.750537058625,-24.231209,16.531439,-12.997323,12.918548,-18.560137,0.7503098,-11.969703,-6.8680387,-11.8048935,-6.906096,-7.7445188,-3.6542034,-6.6759663
1-50454-A-44.wav,engine,0.04262285,0.04909061145231214,1364.9632255189952,-320.45526,77.860794,-4.511336,15.292984,-0.07562132,1.111457,9.877887,1.143832,5.4218054,3.3805037,2.9577382,-0.5939539,-1.9966339
1-50455-A-44.wav,engine,0.06470275,0.025263615426300578,1011.0758895138529,-324.57764,94.4024,-5.4516354,28.074226,8.389956,21.144499,6.4927535,10.962665,-2.3988929,7.013629,5.4488654,8.384171,-2.9750497
1-50623-A-15.wav,water_drops,0.005468935,0.14800848988439305,3538.8148157022083,-575.8994,51.830585,6.183809,9.517749,2.7764635,5.5819182,0.09928921,3.1298292,1.4560283,4.5511427,4.6290255,7.876966,4.556016
1-50625-A-17.wav,pouring_water,0.008196652,0.19226427023121387,3563.399456806729,-472.28146,30.48468,-31.36084,-26.151207,-26.173128,-4.085582,20.32485,17.277742,2.1984274,16.970078,8.485892,4.214469,-4.296114
1-50661-A-44.wav,engine,0.46188226,0.05193280346820809,1541.2893719183207,25.290098,130.7651,-22.93031,19.943884,2.5751224,19.316675,5.9489646,11.088994,8.662754,15.677973,7.189443,10.222571,1.3986661
1-50688-A-17.wav,pouring_water,0.0066506327,0.24542201047687862,4272.311033026542,-440.32574,-4.9669366,-39.235348,-16.206049,-16.520445,6.8769336,4.29818,4.368945,-4.9778585,-0.2176115,-1.9336809,5.334026,3.0354261
1-51035-A-16.wav,wind,0.023393655,0.0750541907514451,1570.6830448626797,-242.38657,137.93114,-19.749447,-18.817995,-15.9247055,-8.342162,-18.559181,-9.82332,-15.077204,-9.339809,-14.308021,-9.1454935,-11.7482
1-51036-A-16.wav,wind,0.033755153,0.07739116690751445,1496.7522078095706,-209.76834,144.83319,-34.174362,-19.769497,-12.820148,-14.876947,-19.812363,-9.951151,-17.219631,-9.792763,-13.190744,-7.844396,-10.162604
1-51037-A-16.wav,wind,0.10509268,0.12765873374277456,2364.678254646062,-44.275192,92.662384,-34.461502,-5.2709894,-15.684709,-6.5622954,-15.54249,-8.803275,-15.377503,-8.944079,-14.065094,-8.449235,-13.048272
1-51147-A-25.wav,footsteps,0.025719052,0.23554913294797689,3984.721140328294,-297.80612,39.555824,-8.235716,-0.30859628,-11.482098,-1.0544341,-10.449521,1.1988194,-7.99502,3.441838,-1.9942415,5.143906,-0.3152269
1-51170-A-18.wav,toilet_flush,0.12674397,0.2534715950144509,3737.4385393803623,-28.837072,31.109192,-31.825384,-7.328734,-15.745327,-2.6949553,-6.778766,-1.27855,-13.602177,-3.7677548,-12.687037,-9.261655,-10.412395
1-51433-A-17.wav,pouring_water,0.011309378,0.22938775740606937,3998.9765102510814,-337.0566,5.2180753,-53.576725,-19.256557,-0.7612672,7.9850264,-8.220023,-29.727774,-21.412867,-6.022654,-6.5875225,-0.14157598,6.7554507
1-51436-A-17.wav,pouring_water,0.012370682,0.18481586434248554,3765.110571946904,-387.67175,26.688995,-14.555891,-50.538906,-49.82502,-26.368406,2.7670588,3.9687366,-8.701746,14.054082,9.137719,7.4676847,6.3858805
1-51805-A-33.wav,door_wood_creaks,0.07808761,0.18781893515173412,3121.9287879249773,-284.09137,15.930537,-39.047726,16.167969,-5.5334535,15.573951,-9.29493,-1.7494471,4.56747,7.4292536,-2.0226064,0.72569126,9.767345
1-51805-B-33.wav,door_wood_creaks,0.058356244,0.14179348807803469,2744.3186541191285,-383.8732,22.893167,-34.63167,15.960469,6.732772,17.793392,-1.7279093,-2.6569576,1.7493355,14.575056,9.166823,6.95619,6.771495
1-51805-C-33.wav,door_wood_creaks,0.0182603,0.12277874367774566,2305.236357286637,-474.64804,64.98756,-29.818037,21.07981,16.130493,10.073124,-5.7178583,7.775776,4.0302634,7.152645,5.2426267,17.576256,17.220022
1-51805-D-33.wav,door_wood_creaks,0.046001337,0.15202481484826588,3045.7842138619862,-389.16122,16.812029,-16.600986,21.576262,12.702092,23.06649,-3.272677,7.0680165,-0.29812077,3.1034048,5.1714535,8.860234,7.485594
1-51805-E-33.wav,door_wood_creaks,0.023415193,0.08847769147398844,1882.8720364352346,-420.87192,99.481346,-24.781681,27.121359,-1.6197823,15.064433,-10.40439,3.497666,0.2284714,14.391836,5.014404,2.7092183,0.08187073
1-51805-F-33.wav,door_wood_creaks,0.02455547,0.08656408056358382,2060.4425393671563,-388.1343,88.478775,-17.88831,21.905596,-1.6786877,5.191984,-12.964602,2.1413426,2.020605,5.6171327,6.7566442,-0.12500997,-0.8097689
1-51805-G-33.wav,door_wood_creaks,0.04518433,0.18405380690028902,3455.384559860311,-292.6491,36.679462,-0.66177845,14.329396,-0.46494007,2.221617,-19.276363,4.405892,-1.3502163,3.752834,4.565702,-4.6854324,-3.090148
1-51805-H-33.wav,door_wood_creaks,0.02699947,0.10467846820809248,2554.303165724902,-437.76553,52.27858,2.158798,25.406769,8.065345,21.602308,-0.081868075,3.9048507,1.870594,7.860887,0.2287647,8.29144,7.371598
1-52266-A-24.wav,coughing,0.026228294,0.10545746026011561,2172.3988722819436,-424.85562,92.1844,12.766845,0.02601985,-8.952409,-5.1726165,-7.0820785,13.99982,-13.280121,5.591576,0.97039664,-7.8240323,-5.5304694
1-52290-A-30.wav,door_wood_knock,0.014901465,0.012291704299132948,601.4408955115613,-610.4982,69.96834,0.5743877,10.850316,5.1953645,13.6861,5.1240015,7.488359,0.51701313,-0.014778599,2.7114618,3.6496768,2.1517255
1-52323-A-24.wav,coughing,0.027874717,0.11158778901734104,2446.01349623315,-445.20856,59.58762,-5.85737,23.522203,11.527867,-3.2212262,3.8480768,-9.011514,-2.4566722,6.22317,-11.142652,3.7205458,7.6333094
1-53444-A-28.wav,snoring,0.2358865,0.022952041184971097,1359.4606437043653,-229.72002,108.58989,35.41844,40.569912,10.261669,13.2173195,2.8273308,3.8144948,2.1201694,-3.3792865,6.7761073,16.483027,-6.120235
1-53467-A-47.wav,airplane,0.14458947,0.02828926571531792,945.7925748201588,-192.98677,175.53627,-36.404324,53.453182,9.9428425,8.50624,16.203133,7.8535876,2.50354,4.9112544,-1.5978172,-1.9959437,-10.552997
1-53501-A-32.wav,keyboard_typing,0.005618694,0.28246646947254334,3919.9319546732613,-461.84213,6.4094396,-39.953705,4.711476,-5.21544,-5.221408,-9.476105,1.2175885,-5.2809463,4.28438,-5.1275077,7.749165,-0.03834302
1-53663-A-24.wav,coughing,0.032382216,0.05264970195086705,1984.357446637063,-465.147,64.82342,11.208959,-0.9663239,6.2860622,6.715141,8.928202,11.078613,-1.623584,7.5411553,6.1196227,1.9852151,1.5385121
1-53670-A-18.wav,toilet_flush,0.020071141,0.11464166365606937,2683.460893876078,-252.07668,74.75002,-2.9527152,26.424511,10.351725,16.465685,-0.13747075,10.080955,-4.145224,14.197892,3.0237024,7.272764,-3.0749953
1-54065-A-45.wav,train,0.13558653,0.05220093479046243,1363.7777480650489,-103.719246,143.00432,-10.05495,25.36725,16.246841,-1.5566295,-10.293684,12.270437,-5.139215,-1.2992016,-6.493735,-1.965706,-7.7415504
1-54065-B-45.wav,train,0.1492272,0.04922891076589595,1156.8184948313128,-134.83371,162.48332,-3.4368007,22.535126,-2.6083443,-5.999541,-4.820262,2.1271365,-6.407028,0.28214532,-6.171565,-5.869705,-9.730989
1-54084-A-42.wav,siren,0.08041813,0.056033801481213875,909.7010247668459,-419.94162,138.9362,-58.42685,-42.353233,-24.178417,-34.93194,-35.968517,-37.58716,-27.517467,-11.079952,10.737184,27.42905,27.03392
1-54505-A-21.wav,sneezing,0.07958518,0.11048986181358382,2086.9935668096514,-433.30176,39.442764,-8.896508,-2.5863726,-2.466533,-4.8338695,-4.2806077,2.1206203,-1.5906174,-3.89583,-2.8728776,0.25778145,0.4426978
1-54747-A-46.wav,church_bells,0.15201087,0.056561596820809246,912.2883835183278,-168.06311,223.74281,-56.492165,30.884144,-10.285531,-5.134583,-5.4337893,-7.298056,0.3494331,-7.4242425,-5.5934916,-3.558352,3.8068368
1-54752-A-18.wav,toilet_flush,0.120770484,0.14278698518786126,2621.7429795605244,-120.043015,66.534775,-11.711275,10.421712,1.5107197,1.0621557,1.9392527,11.305691,15.945054,9.546977,-2.5225663,4.5243716,2.8722696
1-54918-A-14.wav,chirping_birds,0.04285714,0.35787064216040465,4115.747316688349,-347.26352,60.17677,45.525482,56.40299,-48.13567,50.146164,-19.386608,5.9320426,-4.6519194,6.948257,9.75696,12.929937,23.439137
1-54918-B-14.wav,chirping_birds,0.033343878,0.1261092169436416,2869.938570478643,-358.10822,79.20719,46.77014,47.991943,-30.891312,45.423096,-14.880817,10.668789,9.30346,17.176136,10.060141,23.341175,13.935727
1-54958-A-10.wav,rain,0.1592945,0.2548799900650289,3410.4609970740903,22.876259,47.62158,-33.98489,21.779535,-14.707483,12.786345,-4.812262,13.5053625,-2.332883,10.660591,-1.4557172,9.267257,-1.3090851
1-56233-A-9.wav,crow,0.058175497,0.19088692196531792,2715.1512549722456,-238.43285,62.13419,-102.624146,9.796246,-44.78171,45.00718,-33.644722,-17.959318,-12.1143675,-0.08785905,2.2178724,-2.9719262,-4.6362014
1-56234-A-9.wav,crow,0.045373604,0.19001196712427745,2688.038709162249,-294.5189,59.73721,-83.66141,9.410307,-42.06299,52.75259,-28.364405,-21.013866,-9.838239,-1.1785012,7.58448,-6.371063,-6.986072
1-56269-A-18.wav,toilet_flush,0.08558285,0.2588257541546243,3722.0548233334143,-95.17885,30.363022,-26.23947,8.578783,-6.350679,8.026436,-7.730609,-2.9749162,-4.3065457,-2.500086,-6.5475893,-7.22424,-7.8369184
1-56270-A-29.wav,drinking_sipping,0.0439743,0.060865810151734104,1342.4513062249619,-495.9682,57.771217,0.20815599,4.9966125,-4.292975,-0.26629204,0.023671497,2.0914328,1.3712618,1.3590019,1.4341925,0.38317198,-0.7120112
1-56311-A-10.wav,rain,0.1077068,0.28265839505057805,3547.9087759346926,-21.530846,45.911896,-25.0626,28.443216,-25.513744,7.355488,-23.00076,1.3651749,-12.478648,-2.221601,-5.7661266,-1.5359758,-8.88838
1-56380-A-5.wav,cat,0.072879516,0.10568607749277456,2004.7290701997147,-394.41837,21.23747,-40.905884,14.912513,-7.1949115,16.267895,-3.0065858,-0.87046593,-11.61424,1.0868627,2.4005575,-6.8160014,9.382691
1-56380-B-5.wav,cat,0.03634117,0.10005814216040462,1704.5844650617603,-526.65985,13.633936,-25.424974,16.571938,-5.7463646,10.679011,-2.303499,3.0534203,-0.8972775,2.3989546,-3.7854166,-3.5473237,7.523504
1-56907-A-46.wav,church_bells,0.049002554,0.13897669797687862,1884.8414433271357,-210.4559,117.134346,-31.778337,50.286366,-8.73346,3.7359943,-5.7207117,2.3210351,1.7165725,8.062961,10.769396,7.126368,0.7999572
1-57163-A-38.wav,clock_tick,0.012066516,0.19241950415462428,3297.8731483748757,-509.6011,32.724834,-48.16026,-25.965183,-15.935826,3.3517478,3.2975185,-0.4990917,1.3651946,0.6278691,-3.0440738,-14.034629,-7.2801013
1-57316-A-13.wav,crickets,0.030241292,0.715560648482659,8642.712058220159,-417.69843,-39.98688,77.01574,-25.508501,41.613,-7.381201,13.185049,11.568038,17.257729,5.2237067,17.934576,-0.08298384,14.787862
1-57318-A-13.wav,crickets,0.020289129,0.7281091943641619,8277.117066879975,-377.71564,-17.619677,77.24596,-20.0732,40.479355,-4.580266,16.127941,4.1489167,12.928894,3.3596904,12.097353,1.7581578,7.6800814
1-57795-A-8.wav,sheep,0.07785421,0.12290857568641618,2114.777836729549,-242.89397,101.77676,-47.9705,15.995126,-7.9394646,-13.747579,-1.5960295,-5.8112073,-8.835893,6.028048,-2.59632,-1.8554841,-9.744467
1-58277-A-3.wav,cow,0.21961658,0.04369693822254335,720.3634304771173,-327.38596,88.16791,-19.488894,-15.770507,-4.41646,-2.9735563,0.9504018,4.3804264,3.6407714,-11.014749,-15.63969,-4.015235,-1.2591769
1-58792-A-24.wav,coughing,0.36461514,0.09067354588150289,2035.8844804146484,-157.43877,59.666332,-14.442086,-4.163539,-5.3019924,-0.14518231,-15.499665,1.0412467,3.2020361,6.329871,5.300448,7.335479,3.1500688
1-58846-A-34.wav,can_opening,0.08518935,0.1152400198699422,2862.1702915979054,-377.2498,20.782833,4.5563946,13.686806,15.154643,22.46104,15.784224,5.76082,3.967497,8.934192,8.855322,4.5462294,2.4017467
1-58923-A-27.wav,brushing_teeth,0.10603346,0.3595161217485549,4707.72756837597,-97.56457,-24.05151,-38.35373,-18.957418,-33.769638,-3.432723,9.57362,9.460546,-6.8048816,-3.9744573,-8.949899,1.2008679,-1.0948756
1-58923-B-27.wav,brushing_teeth,0.07713289,0.4168030843569364,5150.350090063643,-117.206215,-38.67389,-35.849308,-16.705843,-18.818981,7.5593104,15.769508,8.571736,-7.1265693,-2.786119,-8.1380625,3.846999,-0.19095707
1-59102-A-13.wav,crickets,0.12774287,0.7698868768063584,8520.138870230607,-303.4253,-72.273155,89.43144,-62.556786,36.141315,-9.53986,-2.3102303,11.50463,-8.716902,12.449421,-9.871852,10.663237,-7.1632314
1-59324-A-21.wav,sneezing,0.057535794,0.056539017341040464,1392.7949127825996,-516.39874,12.832773,0.55190897,4.205102,3.408384,2.8596513,-1.7030791,-1.4213451,-1.2013954,-1.5309621,-0.6291903,-0.80064654,-2.0076928
1-59513-A-0.wav,dog,0.121588014,0.04714030888728324,994.1309501081241,-341.2801,159.9538,22.758978,-3.2237754,-8.566972,-12.909366,-7.1614785,-7.5244055,-12.105113,-13.537781,-4.0771575,1.4452517,-4.675796
1-5996-A-6.wav,hen,0.17456886,0.10768718388728324,1828.0868763253886,-227.34996,104.003204,-49.663807,-2.6119862,-3.2317882,-3.775028,8.547443,7.3062725,-1.0241671,5.8506346,7.039733,10.21097,5.4458184
1-60460-A-36.wav,vacuum_cleaner,0.07375667,0.24906577402456648,3747.479801291378,-80.57337,22.9788,-32.913837,7.2964206,-15.582178,-5.2799315,-37.83276,-15.466688,-8.533698,-6.5919113,-3.655573,-5.254272,-7.716228
1-60676-A-34.wav,can_opening,0.04572831,0.12106552565028902,2906.6346675707823,-478.71573,44.867867,18.426554,24.540243,9.063459,13.77425,7.879306,10.709981,0.6585711,10.301344,4.558866,5.9673014,1.991653
1-60997-A-20.wav,crying_baby,0.09126491,0.21658519237716764,3378.3648391467186,-323.35583,-8.18807,-56.402847,3.563745,-43.872574,2.3885648,-6.909506,0.007405937,-6.6659822,-2.0479004,-15.799579,-7.0910673,2.8438258
1-60997-B-20.wav,crying_baby,0.063164696,0.24163994761560695,3628.867718543343,-291.8687,-33.60161,-80.706856,14.692265,-53.570244,5.5580688,-14.864193,7.4162703,-10.636775,-3.011241,-26.16504,-8.068982,4.306172
1-61212-A-32.wav,keyboard_typing,0.01962408,0.19426819906069365,3699.4808316674867,-300.98447,41.344036,-28.40699,-9.514063,-8.468514,-4.8383393,-3.3313584,3.1151845,0.8064621,-11.621223,-11.355095,-1.5585223,-6.644506
1-61221-A-17.wav,pouring_water,0.070775665,0.019136109104046242,916.5769422475755,-511.31195,27.814163,-4.1516027,7.2408934,-4.5946045,2.1739633,4.629748,8.02504,1.6865243,2.784003,1.9501953,4.772771,2.338801
1-61252-A-11.wav,sea_waves,0.11226659,0.12845748283959538,2518.6543479509855,-48.62353,92.57268,-9.870121,18.19201,6.4403653,-5.3116226,-4.0774274,-4.8018656,-4.4262023,0.53612787,-10.062037,4.067203,-5.2522388
1-61261-A-44.wav,engine,0.09084522,0.04500372561416185,2572.112816480197,-178.1304,81.09652,32.064785,15.309401,27.255806,14.316975,10.54491,9.5842495,13.409874,13.5511875,6.249004,8.734632,2.622658
1-61534-A-27.wav,brushing_teeth,0.04566005,0.2346995800216763,3027.6689958445386,-229.55974,73.351425,-74.722244,51.69915,-30.842001,45.805103,-28.651587,31.041428,-11.397384,17.09186,-14.678994,15.313399,-2.0711558
1-62509-A-45.wav,train,0.101823084,0.06521518244219653,1579.867986608711,-112.2519,134.51884,-1.9940906,27.24377,-9.639975,13.16938,-9.260858,5.402572,-4.3196974,-0.85526854,-2.437998,2.58102,-3.371484
1-62565-A-44.wav,engine,0.2173528,0.010087382586705202,487.936383509183,-246.11856,156.88895,39.028507,45.724335,17.035746,36.967464,1.6262611,21.800905,15.309043,11.792623,7.485456,4.280977,-1.6687033
1-62594-A-32.wav,keyboard_typing,0.09139138,0.05441936867774567,2156.1432198856955,-248.98982,82.88343,13.425734,39.116863,14.132766,8.277312,14.125161,6.8357463,3.3094556,6.911102,2.2231586,4.9885535,2.8097987
1-62849-A-38.wav,clock_tick,0.008819565,0.1788718162933526,3185.995140834928,-600.4105,37.91549,17.666256,21.820845,10.88981,12.907524,-17.307892,-11.414086,-11.220166,2.8754737,-0.15541527,4.8208423,0.5151988
1-62850-A-38.wav,clock_tick,0.005820987,0.1648810061416185,2724.0998298098066,-608.6,50.61239,23.022383,34.13074,3.1924977,8.025319,7.635661,-1.4801723,8.98206,11.67042,13.455357,19.01183,5.025038
1-63679-A-24.wav,coughing,0.07693505,0.14680048771676302,2885.420666252112,-300.3447,57.711536,-10.651088,5.28961,0.05346481,-1.8498303,-3.4464197,-26.369663,4.1352463,23.77726,2.3393545,-1.6369492,-12.003276
1-63871-A-10.wav,rain,0.088084236,0.1596623238800578,2778.258021738693,-54.683006,76.305954,-23.954973,18.944342,4.910123,8.410874,-0.6447218,8.777208,-2.2049565,8.631322,2.329129,7.49312,-4.0012918
1-64398-A-41.wav,chainsaw,0.09510918,0.15227318912572255,2622.973490688622,-210.11272,67.54982,-23.711943,25.073153,-2.4041812,1.8458549,-14.034064,-5.060694,-6.057816,-1.6240672,0.80647814,-3.1097326,-1.5549183
1-64398-B-41.wav,chainsaw,0.27751574,0.06194680274566474,2268.403020519453,-53.353832,71.78957,-13.859552,18.92736,-14.019685,-10.127345,-17.204693,0.431235,-10.200612,-2.9955957,-2.339248,-8.189284,-9.634075
1-64473-A-45.wav,train,0.4611524,0.06747030798410404,2230.4873583289864,25.766815,85.33545,15.381777,34.06521,13.778708,19.111898,4.1492033,11.95837,5.6200795,9.061846,-2.7347498,7.915142,2.67923
1-65483-A-13.wav,crickets,0.023066107,0.2212055184248555,3470.08051065733,-217.64247,85.40004,9.88787,-19.0564,-22.232761,-5.990899,-9.557589,-15.108652,16.731146,-14.813619,-6.7877,5.269773,-15.29339
1-67033-A-37.wav,clock_alarm,0.071286544,0.6764755690028902,7078.531689071623,-607.8433,-85.0442,13.163453,9.178508,11.885275,-17.636019,-2.0349708,9.860731,2.371993,-6.1026583,-5.7838454,10.242558,-0.41597065
1-67152-A-17.wav,pouring_water,0.009590093,0.10106292901011561,2052.749255609739,-521.61566,22.316725,-23.436722,-3.6047268,-16.578209,-8.171411,-9.065262,6.9627566,-2.037168,8.154973,6.548109,9.558062,11.012354
1-67230-A-29.wav,drinking_sipping,0.018555045,0.24827831466763006,3235.708257714401,-491.8972,61.4799,5.065015,0.5664255,-11.968645,22.002216,19.027151,-14.223153,-21.605585,1.8802998,6.7691536,-11.38499,-3.169368
1-67432-A-27.wav,brushing_teeth,0.06171239,0.46571023753612717,5658.580366393125,-156.12701,-30.381502,-2.5203595,10.042715,19.838303,10.902653,-0.36733145,9.033841,-7.2807293,-0.7553127,6.4733677,1.2515101,-2.8431387
1-68628-A-27.wav,brushing_teeth,0.042895455,0.1134562409682081,2450.3161597088747,-352.31226,27.757631,-5.125732,4.472346,4.611809,15.269161,14.543783,8.937101,-0.74850905,4.247552,3.8254123,11.836719,4.3339376
1-68670-A-34.wav,can_opening,0.094637446,0.14378048229768786,3592.9439023344485,-386.17996,37.98705,23.003342,21.88905,9.087377,16.89782,5.2444086,5.2347307,6.0709534,8.71026,1.7266562,9.246326,3.3908508
1-68734-A-34.wav,can_opening,0.07044413,0.20484104046242774,3965.250750424288,-397.9187,21.64422,14.976877,19.385326,4.560834,19.753902,2.9212773,3.1784022,8.569937,8.552911,0.0304337,9.619454,2.4051237
1-69165-A-34.wav,can_opening,0.051106293,0.0675493361632948,1681.7067184364066,-565.37335,28.940958,0.2214747,8.993624,5.0666137,8.576388,6.1848307,7.460546,7.875607,6.774895,3.808563,5.2196674,3.8779945
1-69422-A-3.wav,cow,0.05405184,0.05923444273843931,1328.044058524803,-489.83643,110.39618,10.771623,-12.678052,6.3693476,5.441087,-13.141375,-21.53491,-14.831232,-4.8202457,0.9559295,2.9640937,2.8691506
1-69641-A-3.wav,cow,0.10915005,0.11617142341040462,2242.863913708591,-190.80473,98.89307,-26.879002,8.5125475,3.256199,0.3825053,-1.9996731,4.894689,-0.0054148417,8.851668,-6.299264,-6.3051376,-6.3041387
1-69760-A-16.wav,wind,0.2687657,0.1005859375,2678.912968966381,-2.380602,79.37479,26.633272,28.285946,8.785079,17.463894,1.5540855,7.3352246,-1.3538115,4.2227035,-3.7164342,2.179527,-3.4992042
1-70300-A-45.wav,train,0.1532927,0.04685524295520231,942.694239779218,-128.38818,201.62387,-35.01217,20.46884,6.062372,10.186703,-9.100339,5.8270025,-7.287932,4.730017,-1.3894305,-9.637584,-9.354987
1-7057-A-12.wav,crackling_fire,0.007848921,0.08229938132225434,3150.354527030812,-416.02222,53.54167,45.340237,38.86799,1.2552687,16.39749,6.9528365,17.233883,9.572215,13.965627,4.533343,5.2663407,9.904674
1-71030-A-6.wav,hen,0.06268008,0.09433424403901734,1948.5513857859855,-164.07729,114.87613,-17.72919,1.3060982,-4.5798984,9.575795,3.5049865,15.030506,1.0286001,5.52974,-0.73281026,2.8336287,-2.204528
1-72195-A-37.wav,clock_alarm,0.20099315,0.12603865606936415,2809.405113206775,-462.9516,2.9918368,-0.0033259308,17.223291,8.061937,8.562242,1.7213036,0.13733916,13.83131,5.4977245,-7.340694,5.934837,7.534788
1-72195-B-37.wav,clock_alarm,0.33940887,0.22809225975433525,3339.148881432927,-361.3207,-3.646736,-9.389857,38.92629,13.3350315,15.615322,-4.898017,-7.621713,33.117607,9.237202,-27.575771,12.130777,17.854397
1-72229-A-6.wav,hen,0.11507121,0.11851404443641618,1870.0204758393804,-193.97997,102.51854,-75.58865,-24.6701,-51.0558,-11.69335,-5.606981,-18.976187,-26.826803,-11.967641,-12.713591,-6.75622,-5.2962923
1-72229-B-6.wav,hen,0.20488167,0.11143819996387283,1982.5359608875008,-169.32477,84.53201,-73.88909,-20.43771,-50.584198,-11.243064,-0.77126616,-21.260872,-24.106705,-15.87757,-10.995615,4.239803,0.1943669
1-72695-A-26.wav,laughing,0.037449095,0.1930093930635838,3105.3595699111565,-431.80612,49.201115,-33.15843,0.49459285,-2.1024303,-1.590821,6.263694,-4.1055384,6.967981,19.28484,-1.0994284,-3.6862345,1.991265
1-73123-A-26.wav,laughing,0.080211826,0.1310146089234104,2584.095932180546,-383.25525,64.96063,-31.194973,-11.929744,4.7501755,3.4468648,12.435077,7.8282356,-6.5922327,14.547352,-3.5571353,-6.6761827,8.173846
1-73585-A-7.wav,insects,0.13697964,0.12673015263728324,2635.7467706911275,-26.053333,80.80648,-19.74651,7.922004,-9.63599,-3.941484,-0.73104185,-10.1757345,-20.333,-6.6390204,-14.394978,-6.246709,-11.469574
1-74517-A-37.wav,clock_alarm,0.17354392,0.27972306268063585,3486.817194664677,-235.31618,27.161928,-18.893507,45.068733,11.53171,-0.9142213,-0.30999947,4.739176,18.783463,7.2426376,-20.534643,23.018429,9.28299
1-7456-A-13.wav,crickets,0.04145767,0.18528721098265896,3998.260867265084,-182.19873,59.158264,54.998802,-0.82038414,10.957857,24.133429,1.6585339,8.343164,9.247541,1.6367135,5.0486984,1.0530854,3.675838
1-75162-A-9.wav,crow,0.059198376,0.19098006231936415,2361.9127432534347,-425.62244,11.833648,-175.87674,-46.111275,13.481074,14.753872,-39.02951,35.848316,3.2664533,5.0691915,25.319555,-17.257002,1.1417736
1-75189-A-7.wav,insects,0.08640835,0.09739940841763006,2445.9765312874156,-162.53639,88.382866,-4.3599095,-14.755236,-18.62815,-9.609122,-19.361462,-17.859627,-21.893774,-14.802757,-17.14573,-9.22604,-14.008295
1-75190-A-8.wav,sheep,0.11087849,0.11175149024566473,1967.6356560177974,-200.26756,105.18569,-50.61043,23.613102,7.3692746,-1.7171507,-32.6685,-8.312351,-12.6323805,-11.937124,-0.2883299,2.6936624,-16.128
1-76831-A-42.wav,siren,0.40269926,0.12844619309971098,2260.866104138959,-214.6107,49.17363,-34.864017,9.670336,-3.7183263,38.5279,18.30079,3.4889917,0.34724575,16.476904,12.066406,-0.36226225,1.8428892
1-76831-B-42.wav,siren,0.43465942,0.11258410856213873,1736.4349411934015,-44.92331,94.53629,-96.672516,-28.157492,-30.130232,17.798256,10.092558,6.069021,7.4072247,27.929642,17.681314,6.774723,-7.186527
1-76831-C-42.wav,siren,0.42861074,0.11238089324421965,1743.9754010634572,-55.458046,89.13673,-99.51925,-27.183004,-29.181318,17.919281,14.45236,7.399083,5.799762,28.157967,17.540392,5.459864,-6.37415
1-76831-D-42.wav,siren,0.4596895,0.09540959176300579,1839.5096395687278,-142.08835,69.545006,-56.010185,-0.06054899,-22.499096,10.215541,8.711234,13.354008,12.71156,21.03976,11.7585,7.607189,1.0710001
1-76831-E-42.wav,siren,0.43303874,0.11806245484104046,1990.9627180723871,-87.973206,70.63889,-81.00075,-21.310658,-27.361439,24.139385,18.91653,5.6725454,-1.2326487,19.049711,8.166219,8.682171,3.7723153
1-77160-A-3.wav,cow,0.30976203,0.08062849981936417,1748.006932443592,-98.38237,126.0766,-37.79931,3.9425588,13.296371,27.458454,12.782741,6.794555,-2.581574,4.259566,0.8761948,7.034266,-8.194937
1-77241-A-3.wav,cow,0.46016783,0.0577752438583815,1276.9564348002543,-74.44062,139.98839,-41.299187,4.3788743,5.5835943,14.605875,4.256595,9.240268,4.4354205,2.9981205,-6.5176477,-3.5220976,-9.373796
1-79113-A-5.wav,cat,0.015543149,0.07559892070086706,2236.9799833710467,-427.6365,54.21028,33.602036,39.202724,-3.5530374,30.081524,15.522817,17.135382,9.690768,2.9845161,10.991855,12.306608,7.330358
1-79146-A-29.wav,drinking_sipping,0.024783893,0.027515918533236993,1019.8076535834673,-499.44485,95.81835,-3.7209833,12.950139,3.0070426,1.0108399,0.023472164,4.281986,3.7923076,3.5955584,5.323423,5.525313,0.8370466
1-79220-A-17.wav,pouring_water,0.18109374,0.10315717575867052,3379.5836467583567,-209.65648,9.683372,-1.7011839,15.33522,17.140612,20.58072,16.284851,11.7465,11.603663,7.6895857,6.4983377,6.4900084,8.440724
1-79236-A-36.wav,vacuum_cleaner,0.20243867,0.31113111903901736,3923.2627223857244,7.9894795,18.851006,-33.37391,0.3785874,-46.246487,-6.4181366,-22.627998,-9.658396,-23.994846,-2.4772327,-18.386185,-13.911441,-4.523726
1-79711-A-32.wav,keyboard_typing,0.03272206,0.15246229226878613,4461.065338167105,-234.1652,26.551117,2.5072606,-4.2547464,22.070993,6.453162,7.905615,10.545472,3.0317419,5.644113,3.4145145,9.1682415,-0.08167823
1-7973-A-7.wav,insects,0.027782356,0.23041512373554912,3799.27633506868,-302.59183,32.409153,-18.626293,-11.238708,-25.990269,-12.553197,-18.549263,-15.41564,-18.897844,-15.027677,-14.829601,-8.896385,-12.881018
1-7974-A-49.wav,hand_saw,0.09693356,0.09417054281069365,1821.3864525749161,-195.99829,111.45177,-33.206966,9.644163,-2.9288957,11.666835,0.39200905,8.118928,5.882724,14.039419,1.681986,0.2153204,-3.5384493
1-7974-B-49.wav,hand_saw,0.04396487,0.0489833589234104,993.4490761571664,-424.08942,62.70624,-13.712299,13.481869,-1.7432265,3.5197968,-0.6617004,1.8273488,1.573401,3.9473584,-2.8268776,0.67047554,-3.006464
1-80785-A-7.wav,insects,0.27296078,0.014295633128612716,1148.0279576331134,-169.32326,97.46733,26.206974,29.46438,16.670591,24.581873,13.597239,23.706095,11.971315,12.989344,3.77248,10.012705,6.4336486
1-80840-A-13.wav,crickets,0.0065586763,0.2553456918352601,3752.686777899813,-387.36325,42.9572,29.341866,31.68277,-5.649218,48.206715,10.015269,5.021502,7.391809,6.7656884,-3.2796118,-1.0187054,12.993073
1-80841-A-13.wav,crickets,0.0030969623,0.353428129515896,4984.281820148891,-587.90045,-119.85573,-0.9575837,50.45849,-15.123349,32.704395,44.750015,14.009633,1.5109959,39.71613,19.68491,-23.8853,42.072304
1-81001-A-30.wav,door_wood_knock,0.23292254,0.032237852239884394,1084.1956587585873,-190.91982,160.03825,16.89189,11.852122,9.263574,9.011793,4.5469503,4.376356,2.9670932,0.59624046,0.2018434,-1.0574168,-4.025066
1-81001-B-30.wav,door_wood_knock,0.2338293,0.036626738619942194,1316.3992682880994,-219.67737,131.592,21.992857,19.552145,15.977459,16.871244,6.6203895,3.2057552,3.262406,1.5451113,-0.3863588,1.0867325,-2.1049733
1-81269-A-3.wav,cow,0.09420927,0.06776948609104046,1616.8861232532136,-307.53824,116.454,-19.960989,12.007133,-6.7194853,3.8345637,2.9232717,-5.2349653,-6.4465847,0.9664645,-9.179147,-11.4291725,-11.061423
1-81851-A-31.wav,mouse_click,0.010183365,0.07148098807803469,1204.0604984025153,-522.98895,194.25227,-47.418793,-9.347947,18.152378,-39.52977,-10.994124,14.289451,-19.805887,-8.240026,9.979937,-11.899244,-8.3011875
1-81883-A-21.wav,sneezing,0.07154308,0.046685896856936415,1198.362324544806,-468.85587,30.968143,7.522673,9.852825,8.991324,1.9863124,-3.8134809,1.9707991,2.387697,1.5319191,1.3893402,2.763987,1.7814537
1-82817-A-30.wav,door_wood_knock,0.04187511,0.00859431448699422,232.24173207368978,-598.95386,29.424152,2.4771073,1.4080244,1.688738,1.4611496,-0.58960617,-0.67698306,-0.7187391,0.60193366,-1.438123,-0.7870777,-0.88348806
1-84393-A-32.wav,keyboard_typing,0.112605885,0.012692490065028901,847.3247678702261,-432.9116,51.569477,51.36034,39.161182,31.275372,37.192863,26.908134,31.390162,21.971601,22.48947,18.880316,12.090471,6.2136035
1-84536-A-39.wav,glass_breaking,0.12386607,0.1782113665101156,2817.7055454793717,-350.6381,27.98847,9.335868,2.9037225,4.923313,5.450164,2.0026665,6.2624288,2.6246984,3.9745264,-0.70628947,5.790412,0.4519256
1-84704-A-39.wav,glass_breaking,0.07046042,0.09835056900289017,1751.6573477841569,-472.6315,13.054871,5.4242563,6.2362223,2.1824126,4.3126726,1.3522907,5.9861517,2.06058,2.9943862,2.4310408,1.5233299,2.6736157
1-84705-A-39.wav,glass_breaking,0.079531446,0.04552587608381503,735.2579712197479,-543.2404,12.122517,0.7041147,1.9088823,0.5689019,1.7489219,-0.47483736,1.1095299,-0.59222597,0.58869815,-0.8807068,-0.18341032,-0.67843974
1-85123-A-31.wav,mouse_click,0.048320353,0.013231575144508671,968.5620233229586,-370.1396,111.48157,50.420048,28.352467,16.384247,27.737394,17.228016,27.820517,14.407683,21.269453,10.428449,14.898193,5.5342183
1-85168-A-39.wav,glass_breaking,0.07791717,0.2472283688583815,3465.82745393469,-509.94034,10.108021,18.215057,17.45212,11.070868,14.232143,5.50628,13.208787,4.6552615,-0.22683676,3.2194529,4.1711,3.0366466
1-85184-A-39.wav,glass_breaking,0.07248285,0.08069906069364162,961.056829735527,-577.52234,-1.4373273,2.3902986,0.8578057,0.69447166,-0.22353534,-0.9491163,1.1858785,1.3216211,1.935448,-1.2490106,-0.27419764,0.29127696
1-85362-A-0.wav,dog,0.08187862,0.07401271224710983,1328.8234025841127,-317.24234,144.2945,-49.93957,-65.7745,-38.571075,-26.338377,-19.524374,-11.025276,-20.413185,4.682757,14.0506115,9.912363,4.3806667
1-85909-A-29.wav,drinking_sipping,0.022074245,0.03240155346820809,1502.3726885479011,-403.15002,103.20903,16.242966,25.061253,22.179586,18.880873,9.926563,11.841774,3.4257944,9.211284,1.5382943,7.3357525,5.3613534
1-87565-A-29.wav,drinking_sipping,0.09295949,0.026621206647398844,1489.7338205774236,-321.50665,102.62184,20.809996,28.687252,14.289704,12.772763,10.656413,12.222405,6.6830206,8.330702,4.506405,7.9290495,7.2441363
1-88409-A-45.wav,train,0.06832747,0.05002765986271676,1136.112016612859,-204.79195,162.5897,-16.841286,30.262383,7.260167,4.241114,-4.5144753,7.9800286,-16.21021,-0.9378534,-6.071042,-3.7236638,-7.441114
1-88409-B-45.wav,train,0.14241496,0.05233923410404624,1162.4780948502435,-107.189964,168.16731,-18.348055,16.518347,1.439988,-4.8011494,-9.147625,5.0076685,-19.8755,5.06144,-9.474425,-2.7435327,-10.198874
1-88574-A-8.wav,sheep,0.087864175,0.04636696170520231,1329.5293061661096,-210.47488,136.43748,-38.125698,4.765535,16.66578,8.077556,5.378725,10.310696,14.470744,13.488611,0.6636447,12.573571,7.1382017
1-88807-A-39.wav,glass_breaking,0.016630026,0.2856586434248555,3540.2563103624752,-587.44055,-18.820612,10.143467,2.541737,2.2437441,5.3224726,2.8016407,7.539973,1.1868967,5.1515565,3.3398623,4.2229857,1.3472136
1-90797-A-15.wav,water_drops,0.027899764,0.14684564667630057,2586.4209929393082,-540.98663,19.437164,5.357583,-6.040414,-2.4469268,0.2814006,-11.080441,-1.9920852,-0.9363899,0.6475311,-1.8547007,0.7031652,-0.537755
1-91359-A-11.wav,sea_waves,0.12389745,0.14123464595375723,2681.3752634188772,-22.2614,90.15346,-5.142819,0.70150596,-2.8986757,0.22106414,3.2163756,4.9959207,0.036416754,4.478177,-1.0769297,1.2423292,0.08157278
1-91359-B-11.wav,sea_waves,0.13515432,0.10590340498554913,2353.475796194684,-42.65584,97.29433,-3.7096398,7.3530154,-3.3082767,6.520442,3.1254778,8.674933,2.8261182,8.184943,3.2836518,4.4902515,0.48974195
1-94036-A-22.wav,clapping,0.10161598,0.21199026824421965,3508.9149898206797,-60.200428,24.154228,-65.94294,-28.514383,-23.933352,-9.878189,-23.076628,-3.6650922,-14.79051,-7.750837,-15.400702,-5.6639996,-10.574641
1-94231-A-32.wav,keyboard_typing,0.0017504612,0.23699704208815028,3928.281473474166,-500.9571,46.179157,14.760147,16.52857,4.6253,5.566822,-0.43717682,1.929473,-4.1969967,0.6592537,-4.226802,1.3873706,-1.3192861
1-94231-B-32.wav,keyboard_typing,0.005424295,0.20038159320809248,3484.164464694468,-409.67047,54.410286,1.0470662,17.25323,1.1117315,0.83378136,-5.508618,3.9029915,-8.628247,-1.3542128,-8.509203,1.1934878,0.64103115
1-95563-A-31.wav,mouse_click,0.021423846,0.042827628251445087,2443.0109427218126,-430.7692,86.34356,30.693579,20.416685,9.061867,15.934977,-0.30978712,18.46455,1.4529268,10.484096,4.1505475,9.767365,4.7602434
1-96890-A-37.wav,clock_alarm,0.038246807,0.21595014450867053,3728.2013910301366,-411.463,-31.561342,-22.128208,37.7136,-41.547543,-34.33019,-1.9667506,39.151684,23.788334,21.581251,14.960703,-2.3106012,-11.738441
1-96950-A-9.wav,crow,0.057390355,0.13858437951589594,2230.326872523274,-460.09497,41.592495,-86.246735,-53.928394,-10.590127,1.7784215,-20.069359,-5.063324,-15.302528,-6.7515454,1.1595632,-4.3962855,-3.956071
1-96950-B-9.wav,crow,0.109890945,0.14883264089595374,1957.258482882683,-342.80014,57.411545,-131.21764,-60.06738,-1.369014,-5.9115133,-25.453949,-4.9666533,-13.196701,1.4131632,0.48573035,-12.638348,-9.3334465
1-97392-A-0.wav,dog,0.089907914,0.08959819815751445,1379.1344740389713,-416.01645,55.255177,-46.909523,-33.015,-13.314861,-17.45667,-7.2813916,0.34602258,-4.1921606,-1.9964643,-5.1152263,-4.5988526,-3.1862159
1-977-A-39.wav,glass_breaking,0.030264607,0.15029183977601157,1987.306919924593,-611.50323,-11.347248,1.2732842,2.2388926,-1.124439,2.466077,1.4937314,2.9360292,-0.08494455,0.81537026,2.365438,1.470619,-0.6890892
1-97793-A-31.wav,mouse_click,0.007224099,0.2941287707731214,4260.459755501455,-657.2797,35.573185,17.710073,5.6981077,0.7286434,-2.484862,-2.1958737,0.8684032,-3.910974,5.558128,3.5560317,6.370168,0.08483212
1-9841-A-13.wav,crickets,0.0072509255,0.19342429100433525,3617.1139129133267,-346.84552,43.984184,-2.618393,-7.7165685,-20.34722,8.228319,9.971529,-12.427228,19.102299,23.092392,-5.3430047,32.579063,13.342
1-9886-A-49.wav,hand_saw,0.06521647,0.278492481033237,3762.0572543434705,-149.6859,34.735073,-13.988067,22.984015,-22.682152,0.0951371,-0.9228265,1.7465293,-9.36611,-6.1802406,1.0870478,-2.6031284,-10.949353
1-9887-A-49.wav,hand_saw,0.104948014,0.30605355852601157,4462.581239735279,-207.17012,3.492933,-4.7395964,1.7395372,-15.109393,1.0043957,1.4820343,7.5771866,-14.207319,-17.969751,3.028143,2.1989932,-0.80272686
1-9887-B-49.wav,hand_saw,0.032499846,0.23344641889450868,3267.099067222369,-377.47266,40.72791,-17.739576,0.46934095,-6.653759,1.3216572,-4.331614,-4.5633254,-9.125749,-0.8069585,-1.236977,1.0192802,-2.3594973
1-99958-A-31.wav,mouse_click,0.0021544069,0.3392369264812139,4638.242217164041,-589.3292,37.077103,11.501596,4.7158346,4.091851,-3.5221448,2.9685447,3.9558313,-1.8764229,3.6041868,-1.4415338,0.9208599,-3.570403
2-100648-A-43.wav,car_horn,0.29736406,0.1831026463150289,3123.260295830204,-54.508648,64.65992,-7.8929152,4.265894,-5.0399227,-8.470429,-19.842749,2.6503165,-18.868134,-4.8599887,-10.22043,0.42471674,-7.218384
2-100786-A-1.wav,rooster,0.16183184,0.0944019824783237,1585.2528367362777,-345.803,20.747435,-71.12336,-38.037636,-19.052881,-19.937464,-20.954098,-9.684308,-5.31793,10.47626,16.244219,2.2296197,2.1727064
2-101676-A-10.wav,rain,0.045309164,0.3510318822254335,4565.257090958028,-109.00607,15.722975,1.9111981,17.265785,-8.221017,5.758907,-3.9251208,13.302884,0.92954284,8.41574,2.90438,5.9691443,1.5335411
2-102414-A-17.wav,pouring_water,0.055467162,0.0693302926300578,2219.8092095317706,-330.9555,57.865364,2.2845128,6.323983,-17.022638,-4.2363696,-16.398478,-18.183065,-15.2432785,-5.9921255,-2.8587332,9.709553,5.2625713
2-102414-B-17.wav,pouring_water,0.009241221,0.2924945809248555,5095.680461363945,-356.2991,-11.402909,14.823412,13.039274,-12.64869,-18.168774,-21.01016,8.805432,-5.1096954,-9.502326,-4.9986987,7.216047,5.616977
2-102414-C-17.wav,pouring_water,0.011682959,0.2869033372471098,4232.068549953275,-400.84326,11.794622,-24.922781,0.25757188,-1.2889884,11.676301,6.029726,2.0640988,-0.7345175,5.792815,-1.5396346,4.0812726,0.809489
2-102414-D-17.wav,pouring_water,0.0043048165,0.489458205382948,4521.617426543712,-644.59155,6.432707,2.5598152,17.15043,5.482834,-5.340135,-8.269988,5.514076,0.017400885,-4.96471,-3.5723715,3.2994218,2.365681
2-102414-E-17.wav,pouring_water,0.03785323,0.20856100975433525,4086.922140838824,-299.75964,23.984634,2.5843375,7.561831,-9.37402,-4.5471315,-20.380678,-17.466272,-13.6917,-3.352532,-3.1070514,6.3700595,1.394528
2-102414-F-17.wav,pouring_water,0.0064379997,0.34492413294797686,4342.062582597593,-525.69086,9.941935,17.113382,18.900833,-4.2923985,-8.912392,-15.032273,-3.8605037,-4.169536,-8.12396,-12.980606,5.707814,7.9816413
2-102414-G-17.wav,pouring_water,0.026899142,0.12232150921242775,2322.516249502441,-420.07578,15.116773,-8.216375,1.3688626,-10.488277,-7.3079143,-17.265427,-14.876874,-11.663876,-3.429372,-0.06664384,2.2497377,-0.23182039
2-102435-A-37.wav,clock_alarm,0.110617585,0.252528901734104,3635.209902950215,-268.8972,1.6803699,-17.20016,-26.61498,-16.660261,17.636885,-8.610667,0.65263534,9.433543,0.17118798,-3.5092688,6.5132937,-2.1625109
2-102567-A-35.wav,washing_machine,0.2565536,0.04185671062138728,1794.444831783043,-81.41201,92.489975,28.498363,28.351755,17.017223,23.19154,16.805418,7.7174053,7.5126615,9.9241,0.81943655,11.401116,-5.3184752
2-102567-B-35.wav,washing_machine,0.0448593,0.155905662933526,2889.635028454881,-167.98993,75.770645,13.100322,24.96006,11.266833,4.4167113,0.79354966,5.0832887,-3.6681445,6.419014,5.116255,-3.4302397,4.6869397
2-102567-C-35.wav,washing_machine,0.14901984,0.04793341311416185,1737.7531302342322,-130.9016,89.897125,34.721962,39.63624,13.561666,19.069447,9.265814,10.728674,-0.4310401,9.835668,6.7609057,-4.00087,-2.286976
2-102567-D-35.wav,washing_machine,0.2457535,0.06047913656069364,1972.6952348878747,-86.57304,83.85806,36.96276,31.99896,20.921928,22.74748,17.058601,5.913965,3.5335243,13.491687,-4.90082,12.165903,-7.355069
2-102568-A-35.wav,washing_machine,0.03715404,0.05652772760115607,1750.3289992513257,-222.40964,115.577225,1.1138822,26.265541,15.816753,8.077129,0.40164122,-1.5021253,-9.11019,1.8911419,-5.247704,3.3448632,4.6580033
2-102581-A-29.wav,drinking_sipping,0.02877391,0.04001930545520231,683.7380326257138,-611.26416,16.860466,-2.033774,-1.1066585,1.6769034,-0.27646074,-1.3114029,0.0028534404,0.3343474,0.35851023,0.27502328,0.13689205,0.42631933
2-102581-B-29.wav,drinking_sipping,0.040604983,0.07918341311416185,1076.141435906411,-554.3451,41.7719,1.2597402,-6.726465,2.338905,2.3469148,-0.3683977,-0.24827176,-0.40683946,-0.8717591,-0.28435457,0.2782861,0.63377863
2-102852-A-11.wav,sea_waves,0.092050105,0.18982004154624277,3017.5796398561847,-40.631775,65.87589,-35.65267,-7.5563655,-21.880665,-0.78143895,-5.7813563,-8.041947,-5.2879333,-3.3603134,-6.8651414,-1.6597944,-7.034325
2-103423-A-3.wav,cow,0.25241098,0.03929111723265896,701.8591427183057,-295.77063,70.53769,-22.176834,-4.1279235,-6.611539,0.68600136,-2.4755616,4.309587,-1.659871,-4.0033746,-3.7723167,3.6125832,1.6593734
2-103424-A-3.wav,cow,0.2654374,0.030442783598265896,613.1690382675255,-296.45135,53.687996,-14.586425,0.9962539,-2.558755,3.0374918,0.42132798,3.1964366,0.45261863,-2.9684823,0.034590688,3.1391146,0.50690264
2-103426-A-3.wav,cow,0.424104,0.013220285404624277,456.26981438593543,-287.60532,64.33851,-12.020102,4.452906,-0.15727921,0.24532588,-3.5018442,1.4948539,0.46204576,1.3698794,0.5567143,1.1726826,-2.087753
2-103427-A-3.wav,cow,0.27759582,0.03807182532514451,663.9560365309067,-295.66663,66.40065,-19.985153,-5.1627164,-5.188981,-3.6429338,-2.64937,1.7625673,-2.4698603,3.2357855,2.4733543,2.4049118,-2.3951259
2-103428-A-3.wav,cow,0.2960027,0.039691902998554913,742.2917101027863,-260.1178,75.34657,-23.859041,-4.340226,-9.358826,-4.2328076,-7.1282635,-0.16124086,-0.9437252,-3.5866847,-2.2285323,-2.0389206,-3.1940393
2-104105-A-19.wav,thunderstorm,0.118682414,0.02223514270231214,554.6948017635737,-294.62665,193.66241,70.3981,5.3853083,-2.8549798,12.931964,8.585063,1.4283466,0.29471517,1.3788234,-2.1943755,-4.4739666,-7.239561
2-104105-B-19.wav,thunderstorm,0.13391605,0.028117097182080924,556.9143790408757,-285.10428,223.46326,61.900036,-9.561847,-10.020029,10.128015,3.1558867,-3.3702655,-3.6860778,1.2961341,-4.554979,-5.472151,-8.3032255
2-104168-A-32.wav,keyboard_typing,0.01830889,0.06294312229046242,2470.7291992491105,-340.72092,74.97056,1.2462245,45.47916,-9.342291,16.520514,12.557428,10.36237,9.385823,6.9785333,-0.3776395,2.2873957,-3.169246
2-104475-A-37.wav,clock_alarm,0.03125797,0.3597165146315029,3665.7923998326733,-674.00494,-18.692795,-36.960896,23.083483,-88.3634,-19.861315,23.576738,45.344883,21.964302,-11.644081,3.4548242,-20.11011,-32.38241
2-104476-A-37.wav,clock_alarm,0.10060784,0.47876682171242774,5393.280293909323,-572.55896,-124.315094,-25.121517,73.275314,-40.63074,36.04267,-53.70535,47.66771,-25.505318,12.860476,11.459262,-32.958763,16.246624
2-104877-A-3.wav,cow,0.07831268,0.0701713782514451,1460.0596195639366,-304.146,135.6906,0.373462,19.736506,9.209691,13.944112,-13.343094,4.2930245,0.0926885,1.7140139,-10.271779,-0.30532423,-3.3708782
2-104952-A-16.wav,wind,0.022877874,0.0424776463150289,1225.839037935136,-316.10257,142.12726,4.856674,46.63866,-4.9710836,-0.24100089,-7.7809877,-2.382076,-13.697398,-10.423478,-6.9823003,-5.414637,-8.43087
2-104952-B-16.wav,wind,0.0339028,0.043640489523121384,1321.3374628351226,-262.32748,135.15698,9.119903,43.802704,-11.055787,-0.006898825,-9.139693,-1.0966853,-16.92915,-10.729637,-8.160397,-5.2261186,-8.706981
2-105270-A-47.wav,airplane,0.018159581,0.013496884031791908,802.7763478452551,-407.6437,169.1818,21.235456,23.738176,-3.5734458,27.020212,3.9012387,7.84296,2.2314959,8.861145,0.8544995,1.4048891,-5.1129165
2-106014-A-44.wav,engine,0.06195716,0.060913791546242775,1387.5567738939496,-170.02823,148.28088,-31.182747,28.122477,5.6622896,29.725117,2.0654192,0.55882037,-10.067468,4.3859544,-3.6216605,8.665488,-7.0848565
2-106015-A-44.wav,engine,0.10487437,0.034972791726878616,878.1290434233372,-206.69019,169.41847,3.0254147,60.359623,14.125723,9.763724,1.4449905,-8.130512,-33.919567,-5.5941634,3.1352427,9.49772,-2.835361
2-106015-B-44.wav,engine,0.106087394,0.03240437590317919,814.728708175188,-211.43925,176.45999,4.177678,55.42918,11.109303,11.962203,-1.3284514,-12.248401,-31.846027,-4.425203,3.767184,10.806547,-2.8938708
2-106019-A-13.wav,crickets,0.048797544,0.1839324421965318,2866.1173673877593,-234.50917,44.400566,-41.138428,20.746164,3.0572178,8.067452,-44.264103,14.471047,5.6186776,-5.714788,-27.676792,4.506613,14.376326
2-106072-A-36.wav,vacuum_cleaner,0.3409982,0.2860735413656069,3353.3076907080394,74.17538,51.160427,-30.13463,10.131813,-19.304552,-0.60736954,-16.132246,2.8456187,-8.276435,-3.101892,-10.61283,9.0553875,-3.5264864
2-106073-A-36.wav,vacuum_cleaner,0.24545042,0.2047563674132948,3169.8042988095826,56.00671,62.044483,-23.304272,5.3978696,-28.369112,-1.8997781,-10.278896,-6.6623716,-10.2127905,3.527454,-6.180461,3.424531,-4.6153927
2-106486-A-44.wav,engine,0.02285357,0.11926763457369942,2711.605173577202,-214.55032,75.43462,-3.065985,22.998032,20.981203,17.390398,3.1567135,-0.9385258,-3.8662088,16.56485,3.851327,4.717443,0.85658556
2-106487-A-44.wav,engine,0.113644734,0.024515670158959536,2121.7795645323963,-163.00713,85.61648,2.6119435,13.875023,12.327513,18.367523,7.9504013,8.746514,5.269814,22.224403,5.1059704,12.897852,8.303416
2-106849-A-47.wav,airplane,0.22568983,0.05135984916907514,968.865939103933,-105.09647,196.36182,-35.700565,-14.895466,-5.540738,-8.282102,-22.801044,-2.7678995,-14.833879,-5.9202895,-23.185009,-10.656523,-20.457607
2-106881-A-39.wav,glass_breaking,0.048984755,0.23169368677745664,3757.504114804566,-259.29352,29.602335,-35.9776,-12.186506,0.76662964,-7.3507414,-14.545525,-6.256979,-8.072862,-0.2638668,-8.970473,-3.6695557,-9.271816
2-107228-A-44.wav,engine,0.16093318,0.058249412933526014,2192.437521272411,-99.059044,87.363594,3.5735245,31.471487,13.196136,26.31127,31.339973,12.989685,5.5180545,-1.2832158,5.386424,-4.863533,-3.6727958
2-107228-B-44.wav,engine,0.069008686,0.0558277637283237,2203.2025204083166,-188.56111,85.4206,2.5197933,31.913387,14.803296,28.873075,29.726799,12.741456,4.331039,-0.38552672,4.480867,-3.8964772,-3.7280018
2-107351-A-20.wav,crying_baby,0.19705908,0.1809971098265896,3075.7570008680036,-176.43404,22.928446,-57.425674,-6.6888747,-5.245735,-25.79324,-19.608831,15.166017,5.7844014,-4.008832,0.88039625,2.3429346,10.919821
2-107351-B-20.wav,crying_baby,0.2746404,0.21311924223265896,3275.721636615997,-125.18434,-16.051907,-82.09453,6.687981,-0.06170425,-3.9035037,-18.428728,13.525237,13.875335,-8.828173,-4.5434437,8.330922,15.960277
2-108017-A-24.wav,coughing,0.21392867,0.015258083453757225,951.7736910139103,-275.27075,97.98011,25.901367,10.682911,15.567208,12.7400255,4.463938,1.9813807,1.1480669,19.175676,12.439206,10.744406,7.841117
2-108760-A-14.wav,chirping_birds,0.0375957,0.096995800216763,1466.7498542765431,-244.8965,135.69733,-55.19249,-52.308018,-39.709812,-32.480762,-39.7792,-21.451029,-21.971115,-25.6273,-30.227505,-12.249427,-13.835702
2-108760-B-14.wav,chirping_birds,0.04404451,0.09049008760838151,1517.0383889890775,-230.14659,129.98817,-52.501232,-46.575256,-57.97326,-29.711832,-44.916317,-28.207556,-20.495956,-21.756302,-30.42592,-13.244688,-13.604746
2-108761-A-14.wav,chirping_birds,0.018527873,0.12236102330202313,2190.635244098307,-282.36197,121.71421,36.356323,4.6920776,-12.771716,11.645013,-6.766994,15.426329,-4.2195396,1.439082,-5.5279293,0.4948474,1.6467333
2-108763-A-9.wav,crow,0.10346975,0.1358804868135838,2322.7547692254566,-141.63132,76.77503,-53.232067,-42.794422,-39.93031,-3.3032196,-31.003534,-35.946774,-22.037378,-23.118517,-19.042435,-17.439672,-23.344208
2-108766-A-9.wav,crow,0.1487381,0.10862423229768786,1921.6573502168428,-163.98962,116.527725,-24.003666,-13.761356,-6.455656,28.84461,-5.9179997,3.605884,4.733572,6.19644,-4.1050496,3.97787,-1.4320015
2-108767-A-9.wav,crow,0.021088835,0.11625045158959538,1890.883751527635,-275.24258,101.182655,-66.45159,-52.780277,-24.199219,-23.125202,-44.921345,-25.176817,-24.606192,-17.64156,-23.15744,-21.580027,-14.271228
2-108767-B-9.wav,crow,0.02873593,0.10264349259393063,1942.5318272396598,-283.62265,99.99055,-47.935966,-42.40073,-27.4811,-22.17179,-36.867264,-24.080101,-24.852093,-18.156633,-21.566265,-21.11498,-20.198006
2-108767-C-9.wav,crow,0.02388921,0.12253036940028902,2017.7539783956424,-265.38336,95.312386,-61.273087,-41.630497,-28.56219,-22.131384,-45.75439,-18.968397,-27.057295,-12.017966,-18.96634,-19.394373,-21.6693
2-109231-A-9.wav,crow,0.13022354,0.023395163475433526,829.5511332869023,-256.60446,157.98894,-22.196854,11.78375,27.038631,49.367516,19.78065,15.313021,9.504247,11.469657,9.471577,7.5631914,9.923166
2-109231-B-9.wav,crow,0.08512543,0.15228447886560695,2207.3772501170006,-164.70926,90.220695,-71.68102,8.184201,13.967508,33.739002,-3.186433,28.170368,12.190539,16.41128,24.333742,4.3142195,-1.6620501
2-109231-C-9.wav,crow,0.053273316,0.06544097723988439,1316.3393469086395,-316.33124,121.100075,-34.829617,17.7695,35.149788,20.965942,4.3758283,24.662262,11.627348,21.71331,8.293866,0.09747174,5.8906937
2-109316-A-32.wav,keyboard_typing,0.02016041,0.029610165281791907,1692.7873975923396,-437.58878,91.067154,8.7029295,30.801064,10.650224,15.297733,18.66948,8.085616,15.263627,9.638731,7.581013,9.009835,2.7853208
2-109371-A-16.wav,wind,0.15091124,0.03126411217485549,920.9312149607623,-146.00076,173.22488,-24.959854,32.62713,10.915672,18.440275,-7.046182,4.7016826,6.1522803,8.38255,2.223798,-0.0871738,-5.8480306
2-109371-B-16.wav,wind,0.24711761,0.02812274205202312,861.3173893943205,-113.08007,176.9675,-23.03617,31.251759,11.621114,17.835989,-6.2516217,4.3016706,6.8780723,8.437895,3.1649861,-0.9757751,-5.1535892
2-109371-C-16.wav,wind,0.12016086,0.022616171423410405,663.4168265672504,-216.06136,195.62843,-10.490781,27.453026,17.109657,16.596045,-3.496859,1.2687166,4.241593,5.5146437,1.9225025,-0.20979929,-3.4476361
2-109371-D-16.wav,wind,0.124104045,0.021769440932080924,672.1263773924761,-210.89514,192.17316,-12.363754,27.579979,18.110992,17.749805,-3.2108316,1.7537714,5.513935,6.731845,3.5896285,0.93720675,-3.1105664
2-109374-A-16.wav,wind,0.06456672,0.017417246206647398,563.8289675445446,-332.98016,158.71686,41.64194,38.334793,31.775595,28.723717,0.9160855,1.5760012,0.7802071,6.148982,-1.3367349,0.7819437,-1.2970556
2-109505-A-21.wav,sneezing,0.11193203,0.03639247651734104,718.4927985722544,-447.22318,11.835819,3.4443924,4.981689,0.58615947,1.6259155,-1.3564141,-0.382295,-0.77681434,0.77164614,-1.3329419,-0.2060898,0.4214205
2-109759-A-26.wav,laughing,0.10753499,0.1049776463150289,2367.724790742361,-312.36087,75.00412,-12.525371,1.1972438,-2.6378477,6.459225,5.880346,-3.8241637,9.998384,18.899221,1.7167428,2.5420856,-4.509005
2-109759-B-26.wav,laughing,0.08085642,0.10770411849710983,2470.031269346138,-327.24078,69.00255,-19.98009,-2.6022236,-1.9533931,15.428606,6.119011,3.9656835,12.42381,9.503538,5.8066564,7.560691,1.3921654
2-110010-A-5.wav,cat,0.051223893,0.024987016799132948,480.8818587630881,-549.98364,10.098115,-9.338434,1.4230819,-7.1124697,0.96033996,-4.773388,0.15642644,-3.2749949,3.2019813,1.7787148,3.1675622,4.948058
2-110011-A-5.wav,cat,0.21879691,0.036138457369942194,740.7754077884051,-361.1146,30.30316,-7.190777,9.078142,-1.832577,3.9980853,0.28824386,0.68985975,-1.178569,-0.83474016,3.0285482,4.730038,6.587746
2-110417-A-28.wav,snoring,0.0067554372,0.08401824421965318,2316.9924104769057,-616.3323,79.689705,44.955505,31.494528,5.4264326,17.357244,9.750367,15.937174,10.059775,9.70076,2.572083,3.2116957,-0.94767517
2-110417-B-28.wav,snoring,0.011470191,0.07930477781791907,2253.041027215305,-580.3298,77.143135,43.706135,30.500631,2.4752479,15.843033,9.658083,16.849127,10.374983,9.728089,1.8109295,-0.71987915,0.18756348
2-110613-A-13.wav,crickets,0.011687979,0.9007801210260116,9774.686486458613,-691.1694,-42.002567,66.26801,-31.284584,52.532036,-24.045393,44.52662,-20.204353,36.705517,-16.725729,29.002424,-8.680512,21.1471
2-110614-A-8.wav,sheep,0.14813486,0.061159343388728325,1428.2284942652639,-165.61925,132.45142,-52.32289,12.810109,9.307612,2.540555,-23.262362,1.2855424,2.0242617,6.340242,10.995861,17.674803,4.55023
2-110614-B-8.wav,sheep,0.15382105,0.09463342214595376,1714.6060653486154,-96.36077,127.32703,-56.260826,9.327518,-2.3967283,-0.62368935,-25.748316,0.2002687,-2.381218,6.320183,9.88154,13.091932,-4.1247177
2-112213-A-39.wav,glass_breaking,0.09207978,0.36612626445086704,4562.846011585883,-201.3349,-12.410869,-20.831425,15.772984,-1.2942849,8.551431,-0.74940616,7.6881776,2.1750174,8.573725,1.8163146,2.2392547,0.25484318
2-112213-B-39.wav,glass_breaking,0.1000326,0.43608596007947975,5285.966979470112,-263.49963,-44.580986,-12.059932,14.646263,0.89978284,8.458156,1.2092491,8.081751,2.8807547,6.698969,4.1117883,5.401525,-2.7206752
2-114254-A-30.wav,door_wood_knock,0.018163925,0.006443619039017341,237.62213427991128,-643.4386,53.79324,2.797862,-1.8985727,4.648311,8.308044,4.0330544,2.7607968,3.3075876,4.2735944,2.787471,1.7947813,2.9957972
2-114280-A-0.wav,dog,0.10918547,0.08910709447254335,1474.500040791565,-409.4134,78.572395,-11.4203825,-29.875858,-24.475758,-6.3815355,-19.594387,-8.040672,-5.322161,-6.52776,-6.2793717,-9.220515,-0.6800048
2-114587-A-0.wav,dog,0.120897606,0.16339640534682082,2582.702022805518,-289.7801,28.96629,-94.60518,-32.300465,-41.889465,-19.476725,7.1125727,14.099165,3.0806165,5.532435,-14.655868,0.12649228,6.1557264
2-114609-A-28.wav,snoring,0.031902798,0.015337111632947978,681.6595622384001,-505.01874,99.984375,45.055748,37.925415,20.487116,18.962519,17.27624,11.190983,9.809966,2.9243789,2.2437613,9.463534,3.214306
2-114609-B-28.wav,snoring,0.06251785,0.021120280888728325,871.5348638448968,-407.3433,112.38512,22.903484,48.516777,14.816753,19.88627,19.230957,13.747338,17.436329,-0.9791475,-4.8615017,16.627337,0.8315176
2-116400-A-0.wav,dog,0.095584124,0.053166207550578035,1366.7504037691033,-322.21817,117.12516,-11.9804535,-24.625381,-7.3669786,-3.7189066,-18.264635,-2.874457,-8.414448,7.075142,4.8768725,3.4361212,11.509226
2-117116-A-37.wav,clock_alarm,0.07452668,0.1916913159320809,3596.766642196075,-434.40726,-50.75657,-38.76988,31.313353,67.12814,15.623968,-29.953518,0.31532943,40.32896,-7.7903256,-40.82524,23.245148,39.22354
2-117271-A-0.wav,dog,0.20703146,0.04438561235549133,1081.0487109926642,-216.5787,144.44511,-0.6225371,-8.644007,-1.7125626,5.5505424,-7.638849,0.9894805,0.89843625,1.961204,-0.6029444,6.964226,4.429806
2-117330-A-28.wav,snoring,0.024669115,0.09590351788294797,2417.2194736186907,-411.5583,77.83965,26.520807,9.758229,3.7369409,13.035814,29.13153,-4.647445,-0.99622303,11.880195,4.503772,15.024964,17.339228
2-117615-A-48.wav,fireworks,0.054269847,0.07849473898121387,1728.8595428781596,-223.25456,131.96205,-24.389002,22.425024,-26.50386,0.9578422,-22.326508,-6.9644227,-10.344876,-3.3610713,-8.471339,-1.297428,-9.410344
2-117615-B-48.wav,fireworks,0.03347509,0.07224022308526011,1555.5061125344196,-386.86453,134.38182,-16.710691,12.5025625,-12.295363,-1.6684633,-12.932132,-8.900385,-7.0805535,-7.3742647,-6.4829216,-1.8340343,-3.2916055
2-117615-C-48.wav,fireworks,0.060995232,0.047617300397398844,1219.8009638805354,-407.7565,111.80168,20.134747,11.84265,4.335245,8.499813,1.877865,1.5536823,-0.02064445,-1.7078233,-1.1258472,0.8704407,-0.09882196
2-117615-D-48.wav,fireworks,0.0891368,0.08067365877890173,1758.495798670729,-297.24326,111.27689,-7.837792,29.360218,-3.3805194,12.337871,-0.5775514,5.1209803,2.2325206,-1.2451727,-3.6417315,-2.875049,-4.1222715
2-117615-E-48.wav,fireworks,0.0748471,0.10472080473265896,2049.110503048116,-314.9142,98.47136,-12.673128,26.960802,-6.694751,10.289091,-1.8888682,3.5301352,-0.055321015,-2.93465,-3.5087934,-2.4601367,-5.065574
2-117616-A-48.wav,fireworks,0.29232278,0.14737908688583815,2440.645122278496,-125.43117,68.533585,-6.697943,19.319,-10.967298,7.6954303,-6.075634,5.260767,0.7490766,-0.5776126,-5.7597713,1.2255455,-1.649974
2-117617-A-48.wav,fireworks,0.38512278,0.3078119355130058,3893.5872762625595,78.40785,37.287674,-7.2953863,17.269556,-10.603296,10.13455,-7.0793033,-0.754582,-8.122124,-2.4185724,-4.6806674,0.50137717,-5.6138124
2-117625-A-10.wav,rain,0.10272851,0.2501185422687861,3450.1973860703442,-20.177065,48.48719,-25.02152,16.840237,-9.383137,15.057095,-3.982863,7.558095,1.2381948,5.320312,0.52895385,5.9054585,1.2237449
2-117795-A-3.wav,cow,0.07378979,0.05284162752890174,999.6846489738228,-235.42352,182.4237,-46.02454,16.366598,4.8771663,15.5076065,10.397652,13.601868,10.521848,3.1660783,-3.87199,-0.58508116,-1.2381989
2-117795-B-3.wav,cow,0.077264994,0.08599677113439307,1567.0130901914679,-181.90242,141.83678,-63.674675,25.223232,0.25579357,8.019773,2.531378,12.069604,-0.7085593,1.0863483,1.7183797,-1.0860876,-12.707861
2-118072-A-0.wav,dog,0.08960388,0.013846865968208092,547.0963303501962,-477.74466,36.374653,2.8697894,-5.6046524,-5.1038013,4.375122,-1.2100219,2.6420698,3.2721102,3.461006,3.8050935,-0.08729552,3.3262882
2-118104-A-21.wav,sneezing,0.06304677,0.10694770592485549,2410.922342441971,-403.72165,31.6443,-1.0960882,17.791739,-3.990432,-5.883417,-4.2982225,2.8156216,0.82118887,5.3112407,1.4234549,1.378623,-1.8888518
2-118459-A-32.wav,keyboard_typing,0.048220452,0.13195447976878613,2897.67273258501,-176.17484,66.840805,-9.730353,24.649628,6.5576763,16.538168,4.780316,5.8761373,6.4612503,7.2269244,0.6977403,3.9919374,-3.0385594
2-118459-B-32.wav,keyboard_typing,0.039375477,0.11649882586705203,2801.9772890967556,-222.43571,68.42175,-9.371231,26.172964,7.6106873,17.900629,6.971763,3.9157481,4.1462827,6.251064,1.748334,7.1187463,-1.2550715
2-118624-A-30.wav,door_wood_knock,0.06299574,0.0174144237716763,694.243740947535,-508.31766,41.774845,11.432027,7.788112,8.424546,10.954901,4.5371747,4.407119,3.4892926,4.913769,2.7482948,2.698912,-0.6351672
2-118625-A-30.wav,door_wood_knock,0.15702492,0.01945222182080925,664.4851116524941,-385.15118,52.094948,13.840811,4.0746007,5.8743906,8.251112,3.862954,2.432271,1.8121481,3.7755206,1.7333114,2.8204591,-1.11528
2-118817-A-32.wav,keyboard_typing,0.015922446,0.06079524927745665,3543.4634618146906,-393.95435,19.956373,55.948334,38.58249,22.337173,38.431583,16.863518,26.573395,10.648748,11.309244,3.3591323,8.7290325,10.983002
2-118964-A-0.wav,dog,0.22379489,0.02491645592485549,620.4307972512956,-380.50235,34.5363,-8.584219,-3.7961192,-7.6971145,-0.7178842,-2.338631,1.2416394,-0.82461303,0.76436603,1.3241285,1.2123537,-1.592875
2-119102-A-21.wav,sneezing,0.04750216,0.03506310964595376,1013.175935591275,-505.32153,22.160913,5.4680643,8.380942,3.62133,7.085401,2.0839434,3.7616146,3.5328426,3.0150764,2.6764643,1.8994274,1.2252969
2-119139-A-31.wav,mouse_click,0.02527263,0.018269621567919076,538.1835356767126,-577.28796,22.592001,11.566194,2.0557587,2.577317,2.5163624,1.3759217,3.0003476,0.86400926,2.1985946,-0.21446568,0.020991474,0.4792016
2-119161-A-8.wav,sheep,0.114857726,0.2426588466401734,3627.2984943999,-328.27972,25.459856,-24.872923,0.17336401,-13.751564,-6.9782715,-6.445433,-4.3694563,0.7648817,9.091823,-8.567906,2.0644794,2.6843278
2-119161-B-8.wav,sheep,0.08554026,0.1879911036849711,2915.392020109594,-250.65579,51.096092,-57.507103,-12.331634,-11.760434,-16.272789,-17.731833,5.3725843,-4.1404257,7.846124,-0.33945355,4.5896573,-5.802171
2-119161-C-8.wav,sheep,0.097032726,0.14998983923410406,2364.7101618641727,-336.03305,36.518257,-29.554182,-2.6086178,-11.038667,-0.61036533,-10.520652,1.4706026,-1.7284116,5.439703,0.52633446,-3.3854225,-4.1158376
2-119748-A-38.wav,clock_tick,0.012717556,0.04867853594653179,1100.4134033059943,-587.16925,98.55893,6.6769032,15.991465,14.176464,10.767921,13.972562,5.485714,-0.66581786,-2.4378147,0.8733789,7.770842,3.5896437
2-120218-A-30.wav,door_wood_knock,0.03970205,0.02129244942196532,1383.198767702827,-512.6032,78.53815,40.226997,34.528366,22.287018,17.963186,11.338564,12.937736,11.220003,10.831654,6.283087,8.774594,7.1057906
2-120218-B-30.wav,door_wood_knock,0.091851175,0.010753477239884393,834.0653314545768,-393.37708,109.94816,40.744743,38.015213,25.773745,19.717142,11.103624,12.192812,7.98554,8.125587,5.2189693,4.974505,2.164796
2-120333-A-32.wav,keyboard_typing,0.103896335,0.06033801481213873,3087.172620013891,-170.77707,62.635483,12.043236,-6.9954066,5.700957,28.742548,0.80355656,21.675388,11.918624,19.458185,12.508518,11.216882,5.4568496
2-120586-A-6.wav,hen,0.12519062,0.10785652998554913,2144.2409672512495,-305.61584,43.731472,-29.62984,-21.344622,-26.429276,-21.917706,-12.118396,-0.81524324,-7.3055906,0.23341961,-4.1434836,2.4401884,-5.4520574
2-120587-A-6.wav,hen,0.040707305,0.09627043442919075,1847.8220407731103,-427.98788,54.354454,-28.294611,-12.914127,-17.700659,-18.37676,-1.5295849,1.0208787,-9.963457,-5.160801,-13.783092,-4.69671,-6.224267
2-121909-A-35.wav,washing_machine,0.17193294,0.021391234645953758,1241.3783798322427,-154.78848,134.56175,-15.67756,25.389984,11.3289995,17.68761,-2.339616,10.0847645,4.4638095,8.175378,5.434896,10.855212,4.00753
2-121978-A-29.wav,drinking_sipping,0.076344304,0.07224304552023121,1451.6081309910064,-148.96857,149.1817,-10.779041,0.95226115,1.3415346,5.7912936,-2.8101761,11.65467,1.9281572,-2.568387,-3.118875,0.47255763,-0.13494952
2-122066-A-45.wav,train,0.2912789,0.09854813945086706,2093.4743323195985,2.822671,106.622406,-15.908762,16.581072,-1.639791,-2.1373947,-7.3020535,3.5302527,4.916427,0.7986789,-9.925787,-2.3380659,-6.029261
2-122066-B-45.wav,train,0.13026083,0.10739929552023121,2078.8899781346418,-45.698948,109.81878,-18.617933,20.618416,-7.305193,-3.1470823,-10.540094,-0.5739721,-0.5304136,-5.3664865,-10.867673,-1.8582693,-8.776599
2-122067-A-45.wav,train,0.14711863,0.08616329479768786,1953.6803256883518,-68.07149,116.18286,-6.1544394,18.936958,-4.96985,-7.043735,-10.332199,-2.949984,1.3348757,-0.55553126,-3.4953341,2.3918931,-4.638829
2-122067-B-45.wav,train,0.16689853,0.08713138999277456,1775.1172283122846,-45.98574,126.199814,-19.04324,12.366665,-12.715126,-13.007524,-14.554447,-7.109038,-2.8042946,-5.931796,-8.733226,-3.564009,-5.8312683
2-122104-A-0.wav,dog,0.07564525,0.04709514992774567,872.9315911490825,-368.85516,158.2533,20.559319,-28.45545,-24.302233,-5.850248,-5.7360144,-2.073418,-11.231803,-0.026029972,1.9532591,2.9136946,0.92366487
2-122104-B-0.wav,dog,0.10134049,0.05883365697254335,989.9697099743458,-341.46756,153.42964,7.825929,-32.05709,-23.593008,-4.0778704,-7.0269365,0.6362811,-5.1822505,-4.1445546,-1.8713864,-0.53634995,3.0053506
2-122616-A-14.wav,chirping_birds,0.065586574,0.3871985639450867,4304.608831473087,-454.65057,-100.826805,-76.79096,99.1546,-31.870884,4.1425624,-8.98353,3.0644224,0.68296295,9.738929,-5.712796,-12.593723,11.956767
2-122763-A-29.wav,drinking_sipping,0.027736532,0.038633489884393066,1638.3647183237356,-490.0831,81.0977,40.587048,30.602861,19.397434,7.59322,8.274437,8.220728,5.9301915,5.655247,3.9302273,2.5884988,2.573495
2-122763-B-29.wav,drinking_sipping,0.026725335,0.046883467304913294,1469.689842156257,-423.5548,126.74929,14.823296,32.331738,10.290372,6.6303406,2.6524549,6.3141704,4.5404034,3.265862,2.3816264,4.653115,-0.028356344
2-122820-A-36.wav,vacuum_cleaner,0.17235091,0.2619247877528902,4165.550712861117,16.576473,30.637066,-6.9775095,-0.054102197,-7.3948197,-7.045509,-18.094837,-11.720269,-17.290228,-12.399551,-20.390245,-1.7674751,-8.722991
2-122820-B-36.wav,vacuum_cleaner,0.14903098,0.2840216311416185,4215.61523438097,8.508625,27.629425,-8.492746,2.9415443,-9.066938,-10.916886,-15.819127,-12.320212,-12.583931,-11.326734,-15.505508,-4.0148134,-10.891546
2-123712-A-33.wav,door_wood_creaks,0.031728376,0.19704265263728324,3840.691770828799,-510.46545,32.302937,-11.266777,5.7369533,4.136577,8.207694,1.8399762,13.3865185,3.427438,0.1254858,-9.717952,-4.9387856,-3.5869339
2-123896-A-24.wav,coughing,0.07621077,0.11731733200867052,2410.053501568321,-310.4654,74.72258,-15.591606,-9.6882,-1.5956424,6.6290817,-0.9808476,-4.0266585,-24.423136,-13.2786255,-7.0106206,-4.037499,-10.362219
2-124564-A-15.wav,water_drops,0.028365336,0.13170610549132947,2771.0555919240473,-328.51706,74.10526,21.453203,13.58037,0.87604463,12.758651,4.013172,11.561133,4.7891936,12.439021,7.7705665,4.3848157,0.019700773
2-124662-A-11.wav,sea_waves,0.065865114,0.15894824783236994,2851.8156237140847,-144.8177,79.63316,-11.839117,2.413552,0.5080509,-0.7645234,2.6268773,-2.0984623,-5.085709,0.5446167,-5.297109,-1.6819069,-6.962498
2-125520-A-43.wav,car_horn,0.047314283,0.09755746477601156,1773.8766725267603,-442.7472,60.583164,-47.397614,-11.143836,-36.72021,10.903229,-11.502794,2.823675,-13.204246,-6.3442554,-10.28212,-14.059778,-11.502317
2-125821-A-13.wav,crickets,0.03265591,0.4432069635115607,6182.277493193162,-279.17227,17.042858,20.583574,-27.036385,-0.419296,-7.9400034,7.462141,-0.36740398,4.197969,6.098198,-3.8369577,6.159194,-3.0556111
2-125875-A-13.wav,crickets,0.01580832,0.39448044617052025,4871.631798224142,-239.17264,37.00644,-23.228344,-32.491055,7.6732197,-41.854378,-0.18522295,-11.263989,-15.311206,-24.997725,-2.553871,-18.985533,-17.848564
2-125966-A-11.wav,sea_waves,0.06771462,0.1110176571531792,2513.382216326396,-136.39134,83.05487,-24.861734,9.489151,-11.607388,-0.96204793,-5.8168797,0.9255357,-0.6401221,5.2060266,2.918583,6.1973977,2.1989057
2-126433-A-17.wav,pouring_water,0.10143056,0.021983945989884394,2836.9917505778185,-178.5956,47.78497,-0.25713345,13.190345,-7.5818014,11.191336,-0.10423323,10.951552,9.116506,8.752664,-0.92530674,4.91126,0.16598792
2-126756-A-29.wav,drinking_sipping,0.105816886,0.05909614342485549,1343.1584985749073,-277.79092,80.46691,-9.9023075,9.188432,3.549068,6.6618314,-4.3600106,0.18400662,1.7917414,2.7808492,2.6307676,1.9305632,4.841486
2-127108-A-38.wav,clock_tick,0.0053359754,0.20598977149566475,2802.0361788778278,-668.0029,36.57555,-27.571184,-0.96962214,-6.0435176,-5.0531697,-1.6242949,4.7702875,-7.3913956,-5.6203613,-13.687959,-5.668763,-25.016403
2-127109-A-6.wav,hen,0.07867254,0.16301819906069365,2468.892245571748,-316.01328,84.31555,-31.170069,-15.642742,-31.823559,-23.109348,-20.679785,-1.8277569,-0.02357774,5.5801406,-8.380827,-8.968156,-11.4973345
2-128465-A-43.wav,car_horn,0.07511163,0.17750011289739884,1869.397708928343,-157.1873,140.99483,-56.92264,43.73757,-12.694559,-13.344529,15.620037,3.2140987,-26.593208,15.208098,-17.023706,-12.398323,-3.3566153
2-128465-B-43.wav,car_horn,0.14158843,0.2001924900650289,2061.2952982023803,-86.551155,122.3582,-49.03306,34.020634,-9.756211,-17.898378,8.55456,15.59224,-23.982399,4.87266,-6.7219067,-5.6145906,-11.300959
2-128631-A-21.wav,sneezing,0.027005095,0.029296875,682.196930129102,-566.95996,28.59258,-3.1680307,6.7345085,3.4572499,0.8807591,-5.1260476,-2.865405,1.4861299,0.6824961,-0.6191953,-1.149435,-2.3525264
2-130245-A-34.wav,can_opening,0.14629169,0.058071599530346824,1838.0910875928,-353.20572,55.70131,20.43187,28.207449,2.4825592,17.510567,3.7193434,1.9989781,6.7055883,13.311064,8.368412,6.6771035,5.2590528
2-130978-A-21.wav,sneezing,0.063940026,0.06090250180635838,1171.8022189312762,-499.9535,25.800577,1.3075547,6.7758994,5.7774434,3.6771734,-2.6622627,-0.9248527,-2.9983983,-1.4670951,-1.2412375,-1.8780341,-1.9877298
2-130979-A-21.wav,sneezing,0.07398155,0.11019915101156069,2855.8354406366275,-424.57925,34.186974,9.581677,17.320023,16.344032,14.74857,0.6121135,3.6661923,-1.2986443,-1.8467507,0.6447428,-1.1958686,-1.491387
2-131943-A-38.wav,clock_tick,0.03159856,0.10428050487716763,1979.933955925774,-295.3661,116.55043,-12.70223,11.102278,-5.0791416,-0.24925709,-0.5515796,2.888218,-18.700724,7.5585713,3.1968112,-0.19218765,-0.86777437
2-132157-A-11.wav,sea_waves,0.086170256,0.1204417675216763,2382.492837385158,-106.340576,99.21202,-8.980242,2.8926125,-12.814168,0.84438425,-2.8619604,-4.8158145,-3.0551672,-2.943026,-8.390287,-5.9874587,-5.95946
2-132157-B-11.wav,sea_waves,0.08836122,0.15363078034682082,2801.8954402837844,-84.99793,80.32798,-10.201632,5.156206,-16.198996,-5.2600837,-8.51279,-5.393302,-4.806885,-4.5638556,-10.555698,-8.543259,-7.4017
2-133863-A-11.wav,sea_waves,0.09926122,0.11729475252890173,2231.893734416638,-93.12785,104.53344,-20.664959,6.880696,-18.40115,3.2962182,-11.30178,2.319596,-6.6149607,0.77099884,-1.2628436,0.6268371,1.5156758
2-133889-A-30.wav,door_wood_knock,0.07582249,0.004507428648843931,117.15753746361388,-515.98016,82.284546,43.261982,17.16867,6.938782,4.473861,3.3808312,2.7024963,2.6609821,3.5504112,4.4094896,4.929234,4.6790304
2-134049-A-6.wav,hen,0.04098226,0.08184214685693642,1167.3875711050118,-474.3544,61.409206,-30.248955,-14.0255995,-22.797117,10.797929,19.305874,10.063138,-2.6188793,-4.2304955,5.107595,10.831397,14.775805
2-134700-A-38.wav,clock_tick,0.008947006,0.1087230175216763,2292.1243324569296,-590.82605,35.74941,-7.921241,49.764927,28.41894,2.9096777,12.068461,34.89725,4.35715,8.06577,16.765224,11.133801,-2.580604
2-134915-A-30.wav,door_wood_knock,0.08249379,0.004603391437861272,148.70697645050606,-506.6603,94.39585,49.822067,19.550522,8.205907,5.329865,4.004898,3.262963,3.413148,4.1486607,4.9710402,5.5504,5.308231
2-135649-A-45.wav,train,0.070380114,0.05789943099710983,1831.092251685392,-161.2413,109.24894,8.3953,35.701057,4.3517694,14.605531,0.5778208,7.6351852,0.5941505,10.118254,0.48520246,6.9151816,1.3185625
2-135649-B-45.wav,train,0.2740163,0.06558774385838151,1778.250073982295,-8.542248,117.875404,12.49232,33.01127,-2.9945633,5.2771926,-7.750558,3.7714732,-1.8277488,4.6372952,-10.10303,-2.1976776,-2.0613544
2-135649-C-45.wav,train,0.2357425,0.03671423410404624,1392.3846345621469,-97.6261,125.70047,28.966515,40.883827,-1.4101431,8.72052,-1.3900503,10.061894,-1.509758,8.654782,-0.72339743,1.3940525,-2.3121078
2-135728-A-38.wav,clock_tick,0.015670734,0.03721944996387283,2137.266013406166,-459.51645,46.74849,23.426352,29.956383,21.435549,19.330801,14.609955,16.03806,13.220359,13.318941,4.643524,11.650482,7.389841
2-135860-A-49.wav,hand_saw,0.08124051,0.08471256322254335,1747.2855643266273,-245.60005,83.68698,-15.310307,19.035898,8.963394,12.059573,-1.7052594,-3.297677,-6.5133142,-1.8989766,0.24172,2.1936822,-5.946635
2-137162-A-11.wav,sea_waves,0.112977706,0.1604808300216763,2687.29649487346,-46.41106,82.555626,-23.955315,15.634519,-4.2570214,1.5168788,-2.977986,1.642994,-4.19609,1.7829541,-2.8830597,2.3737218,-5.129843
2-138257-A-31.wav,mouse_click,0.0034621027,0.01899498735549133,1332.4358483489164,-564.6933,115.062454,38.636837,25.574705,15.66158,14.769526,3.7826393,13.555055,12.496785,13.63428,8.553113,8.556686,2.5416746
2-138465-A-43.wav,car_horn,0.08887768,0.051834018244219654,1631.3517266721708,-154.81178,117.41709,-27.980587,34.16024,13.69925,21.93322,20.833977,3.7753148,7.0057287,11.602011,-0.48408094,10.791456,-0.96165305
2-139748-A-15.wav,water_drops,0.009520011,0.060470669255780346,1460.3532216186145,-503.80292,140.12172,55.318382,20.406368,-2.5834315,-2.0697472,-21.133505,10.1435585,-4.0843534,-6.2845902,-1.9134382,13.49663,8.531938
2-139748-B-15.wav,water_drops,0.009270427,0.04962687409682081,1249.3512241815163,-516.56647,149.89984,52.367184,21.494843,1.0319202,-5.244909,-17.841991,5.7817326,-1.880256,-3.1532671,-4.0249763,12.895479,8.86565
2-139749-A-15.wav,water_drops,0.004188414,0.06203994309971098,1801.7600443689105,-637.7296,121.29739,40.48849,12.764383,3.4392717,-5.3477592,-2.0358014,-4.8594637,1.1520883,0.2372806,2.1497502,6.556601,2.0477977
2-140147-A-38.wav,clock_tick,0.022321368,0.13628973988439305,2759.8354702275433,-473.32428,63.490913,-10.805828,-2.5173113,-10.182232,-13.111587,-28.584448,-4.3912163,-9.102128,-11.634857,-23.664204,-23.92178,-19.502975
2-140841-A-30.wav,door_wood_knock,0.031242773,0.0387379199783237,712.9104482380862,-582.5877,55.49125,1.3747299,-1.2917999,-2.4838054,0.35965636,-3.988824,-3.6235166,-5.727113,-2.0264502,-2.7358363,-0.8614546,-2.071176
2-141563-A-39.wav,glass_breaking,0.043210845,0.14511267160404626,1917.4458027202224,-494.92395,-1.8503219,-1.2692044,16.054739,-1.424591,1.4422914,-6.995098,0.9974524,-2.8687809,-1.1082691,-2.0032327,1.3183829,-1.8020508
2-141584-A-38.wav,clock_tick,0.008138683,0.3084272263367052,4418.030461575102,-412.08426,27.524986,4.196607,9.552673,4.151274,9.979159,3.3271265,3.267545,-2.765472,2.9369016,-0.18929796,0.81728745,-3.522391
2-141681-A-36.wav,vacuum_cleaner,0.08864025,0.1338059971098266,2581.508989425376,-69.68484,92.36553,0.109944075,0.6261689,-16.223328,-0.40801957,-13.425831,-3.537688,-5.9115634,2.3691707,-4.6734133,0.33500484,-1.3907257
2-141681-B-36.wav,vacuum_cleaner,0.15446013,0.1552621477601156,2879.59460739503,-8.7051325,81.66552,-3.2772076,-10.199511,-15.353153,-0.6426947,-17.353186,-5.252785,-7.9070516,1.3654029,-3.7559426,-0.57923776,-2.577391
2-141682-A-36.wav,vacuum_cleaner,0.17270182,0.10437646766618497,2394.6704121070616,-90.81887,98.339615,1.3184546,-6.497045,-8.6821575,0.19472896,-11.448722,-2.4610708,-3.5557597,-1.1108699,-5.9329057,-0.9693921,-4.806918
2-141682-B-36.wav,vacuum_cleaner,0.261304,0.15864624729046242,3057.7254504963284,51.469788,74.53217,2.3982096,3.3241143,-8.4473095,-1.9052161,-8.479238,-2.9492524,-14.724589,-2.2139628,-0.79371786,-3.3653042,-4.647629
2-144031-A-34.wav,can_opening,0.040680483,0.0911674720014451,1572.807146401592,-606.6854,-1.4053954,-0.27561948,4.1250334,1.968744,3.0102277,5.797564,1.3713399,0.104231164,-0.13471873,-0.8734286,2.1257925,1.4027762
2-144137-A-43.wav,car_horn,0.24999386,0.09224281972543352,1521.428487156518,-332.9443,0.5795389,-27.21279,-4.539477,-10.734249,-6.328774,-11.208126,-3.4544897,-9.977809,-4.64101,-10.511584,-7.3490534,-4.70208
2-146877-A-31.wav,mouse_click,0.0052853697,0.14519452221820808,3038.06269071129,-540.02405,82.53849,20.063488,8.536071,7.1231246,2.5607417,-0.59449524,13.212944,6.738243,6.2140336,-0.21915577,7.592841,-0.4226323
2-146877-B-31.wav,mouse_click,0.0048070354,0.18189182171242774,3347.5138052551115,-543.31085,75.58113,27.205406,7.6023626,4.4023786,6.249715,-4.1194315,16.852896,1.3688225,4.2352343,-0.46165368,6.2224545,-0.6402056
2-151079-A-20.wav,crying_baby,0.07064956,0.13177384393063585,2989.9332770769724,-259.76825,40.33281,-46.49792,-34.52044,-14.100421,2.130326,11.697322,5.3905497,0.6661756,0.9874411,-8.621307,2.6643846,3.2852373
2-152895-A-31.wav,mouse_click,0.028070774,0.09477736632947976,2221.631844660531,-353.2671,83.17544,0.34365276,13.297899,-8.406703,5.61222,-6.231609,6.4951806,-1.9866583,0.7818664,-5.485618,2.9016042,-5.4869223
2-152964-A-31.wav,mouse_click,0.010713424,0.014668194544797689,593.1377959853205,-671.7881,29.57777,14.551149,7.7277026,5.991796,2.582102,0.6240727,1.5887723,0.35096085,1.8016306,-2.2589977,1.6010638,-0.7806109
2-153388-A-31.wav,mouse_click,0.0332053,0.04838782514450867,1220.6883268250856,-467.391,50.620293,3.16161,3.1541224,-5.100529,3.9877093,4.3407917,6.4323173,3.7769642,3.1492882,-1.9150648,3.5573096,-2.9312932
2-154688-A-31.wav,mouse_click,0.0055735037,0.03213624458092486,1756.4699677968065,-574.2039,62.16612,14.109013,23.700808,11.574163,18.15749,12.470224,8.72664,-1.3464371,7.6948786,2.0773413,2.2577336,4.095735
2-155801-A-11.wav,sea_waves,0.09232844,0.12400085802023121,2493.811464254861,-83.15626,91.59242,-2.5276833,18.671976,-16.679922,3.060386,-10.346224,8.327371,1.3319681,3.0288224,-2.8520076,0.09753065,1.6318415
2-157488-A-6.wav,hen,0.03424475,0.18212890625,2439.0488553010628,-378.45135,83.970055,-28.964228,18.29916,-28.536087,-3.1634512,15.848909,1.5991225,-2.123048,4.687131,-5.1255264,-0.71823823,6.8357816
2-158746-A-2.wav,pig,0.42656067,0.04929100433526012,1181.2042011006256,-79.786896,168.01352,-10.635868,31.681934,-7.903759,1.5755546,-5.8264627,-12.041706,-8.195347,10.105795,5.879923,4.7392883,0.16862525
2-158746-B-2.wav,pig,0.30472878,0.05521811777456647,1640.7892262826206,-123.26084,131.2827,-7.5920043,26.238642,-4.811147,2.4542952,-3.617565,-5.199892,1.5509217,10.078036,6.5306234,7.0848126,-1.4588968
2-158746-C-2.wav,pig,0.21677801,0.07367119761560693,1803.8050004794065,-149.17415,125.545,-8.834132,28.903574,-10.60786,3.5400229,2.5077748,-2.0075617,3.0732243,0.09768006,3.212492,7.6780596,-1.9206716
2-158746-D-2.wav,pig,0.16517445,0.11484205653901734,2219.16942164604,-141.29463,94.831184,-10.806984,41.43656,-6.130501,4.311575,1.5492167,8.761863,0.44723326,5.08303,2.3977168,5.6516657,-2.979367
2-160128-A-7.wav,insects,0.035651766,0.04523234284682081,1597.0516507052773,-285.75708,112.33625,40.745384,39.343494,13.207652,15.680952,-5.68258,-6.0087495,13.154623,-6.3701086,-3.9383833,3.466286,-11.043398
2-160888-A-47.wav,airplane,0.31339943,0.02403867864884393,922.0275740005068,-113.77529,168.68634,-15.968451,36.285336,4.526482,19.545977,8.932355,8.719893,6.3345575,15.236921,6.477482,6.598932,1.561482
2-165801-A-48.wav,fireworks,0.01531369,0.031001625722543353,919.7892093416599,-530.6976,137.30063,19.55074,24.98401,14.776858,8.325328,3.8475976,0.42612046,-2.1512015,0.56431675,-1.5777074,-2.8456511,-2.2032487
2-166644-A-2.wav,pig,0.1630651,0.0906509664017341,1879.8695221584771,-108.06442,117.52233,-23.771688,8.7378025,-23.557652,-0.54741234,3.0183342,3.172909,-12.1324005,-7.6237936,-6.332397,-7.478486,-9.738025
2-166644-B-2.wav,pig,0.062039122,0.09851991510115607,2069.4095919873585,-180.12949,104.89616,-22.2057,9.924514,-20.407663,-0.5070849,-5.0916967,-1.2250435,-11.6255045,-8.691198,-11.353757,-8.183883,-14.806446
2-166644-C-2.wav,pig,0.08652224,0.08666851065751445,1935.1142155893688,-184.12648,112.02855,-18.99339,13.355866,-18.14785,-5.0613933,-7.5451,-2.8721004,-12.038268,-8.158439,-8.01178,-5.409423,-11.053881
2-173559-A-39.wav,glass_breaking,0.0596585,0.2866860097543353,4070.864710293567,-311.07043,21.9701,-8.461552,4.188038,-7.9945803,-2.8908396,-8.029165,-2.8378074,-8.390395,-3.9049137,-6.5161667,-4.4411855,-5.859121
2-173607-A-39.wav,glass_breaking,0.05839079,0.35117018153901736,4777.008513900127,-343.33984,-7.6058354,5.2425733,5.3583627,-5.4409776,-4.5291576,-6.559064,-3.3727474,-3.697392,-2.5777786,-3.9529436,-1.9626564,-2.7747004
2-173618-A-39.wav,glass_breaking,0.14153522,0.41781916094653176,4957.592631458099,-176.41074,-4.644494,-4.9775157,6.5608053,-5.7188087,-2.185101,-3.3780687,-3.861215,-4.2240825,-3.6549177,-6.3438954,-3.005165,-5.20498
2-182508-A-8.wav,sheep,0.02420412,0.15438437048410406,1909.4993753799558,-287.1795,123.36773,-77.115875,-3.4368684,16.097534,-0.46626973,-12.544401,2.0269194,-0.62530786,1.8668791,-1.7377136,0.84635305,-7.3999906
2-182508-B-8.wav,sheep,0.038870726,0.14563764450867053,1777.8991119379455,-252.6554,138.23312,-95.00188,-9.849925,13.784045,-9.060253,-10.271901,7.0877705,0.40648815,5.1855397,-4.2229795,-4.0397105,-3.6393254
2-184077-A-49.wav,hand_saw,0.01792326,0.11331229678468208,2518.036707025168,-279.26437,88.09775,-0.389595,9.03471,-1.18051,7.871441,-4.182624,3.0932498,-0.5749345,9.900264,12.73452,8.761042,2.9622478
2-18766-A-12.wav,crackling_fire,0.010829593,0.19084176300578035,5096.171645887338,-402.1539,-6.4632397,56.367844,48.583057,31.88204,24.21465,2.0646064,0.71667755,-5.907518,5.3057165,9.214256,9.235255,1.5900074
2-18766-B-12.wav,crackling_fire,0.01919384,0.17570786669075145,4615.3665879499695,-476.90228,-2.4033256,48.52684,48.76652,28.225693,27.559807,0.24203674,3.8550608,-2.0200357,11.011239,8.226339,9.399321,0.56323236
2-188822-A-40.wav,helicopter,0.09890823,0.08135668804190752,1384.2638491273538,-145.40047,161.47198,-49.165535,20.06386,-17.023897,5.5297437,-4.734084,4.1294847,3.13813,0.055619255,2.4424849,5.390757,1.1568177
2-188822-B-40.wav,helicopter,0.21169089,0.0952204886199422,1572.9729630029242,-18.51638,152.68365,-52.419926,18.000877,-20.837687,9.824499,-16.724672,3.5685558,-6.976801,3.3443832,-5.701823,4.318656,-5.5793858
2-188822-C-40.wav,helicopter,0.19884928,0.0913114161849711,1824.570224751039,-29.352432,125.966,-28.073185,24.081148,-9.450845,13.114661,-9.080508,5.953104,-5.7305074,1.9437436,-0.87248087,4.5799403,-6.1902294
2-188822-D-40.wav,helicopter,0.16886479,0.13431685783959538,2547.2008100165367,-1.0196928,90.93812,-7.395962,18.690134,-7.791982,15.190018,-2.744228,8.956558,-5.5734735,12.637556,-3.823482,0.72096753,-14.230713
2-196688-A-8.wav,sheep,0.031312753,0.1306956737716763,2261.603831716348,-190.20496,99.41625,-31.457836,24.366259,-11.5130625,10.951988,-16.25465,11.32313,6.458489,5.267843,3.1410449,6.307779,-6.0018315
2-205966-A-16.wav,wind,0.2340261,0.081715137283237,1248.4719252087464,-70.25424,167.89009,-51.235367,-46.693867,-26.205856,-9.600439,-6.9872174,2.9532285,-4.853093,1.7427468,-5.249896,1.4176437,-1.4754602
2-209471-A-25.wav,footsteps,0.051043082,0.08660923952312138,2268.9444217576183,-192.9823,105.47742,5.0517573,3.8999863,-0.18391082,1.1617973,1.516395,-3.8971364,0.64363724,1.5501688,-4.271,-0.2227351,-3.9995463
2-209472-A-25.wav,footsteps,0.081699744,0.07560456557080925,1998.2437613542188,-174.60696,112.48117,4.8810163,9.852406,0.5464836,5.275186,-0.09583823,-0.089717336,0.6069529,0.032749794,-1.8627007,0.5211007,-4.517838
2-209473-A-25.wav,footsteps,0.051698044,0.07570899566473989,2151.260559634392,-206.60033,106.243065,10.224507,11.967689,0.27279195,3.6804361,-1.7040437,-1.9243817,-0.006330766,-2.098804,-3.8490937,-0.46589157,-3.3754
2-209474-A-25.wav,footsteps,0.082404956,0.08058616329479769,1985.6847389549698,-151.4319,114.88376,2.6156423,8.049036,-0.15986273,7.7885194,-0.25941864,0.85599,-1.3179137,1.7532756,-1.1651537,1.6636379,-2.6020708
2-209475-A-25.wav,footsteps,0.048552625,0.0929145592485549,2556.4949895287327,-216.88399,92.3072,5.7439218,6.6416483,0.17188151,-1.3399899,0.6433484,-1.7930111,2.4099782,0.49877334,-3.7558534,1.2978852,-2.5490818
2-209476-A-25.wav,footsteps,0.06231294,0.11122369490606937,2632.479970321791,-173.20367,92.06608,7.933159,1.4281031,-3.827188,7.28288,1.8210276,2.9847715,2.2471454,1.445825,-0.68100137,2.6368313,-1.1743612
2-209477-A-25.wav,footsteps,0.033393003,0.09707482839595376,3089.7509856553443,-237.309,75.557304,14.101498,6.723258,2.0029643,3.6941073,2.2751985,-0.42090496,3.610657,2.8902218,-1.6968822,4.6035967,-0.1769668
2-209478-A-25.wav,footsteps,0.058142375,0.10168668713872832,2767.079256273045,-202.30844,87.05301,8.962974,6.0717673,-0.8917883,6.777537,-0.8783367,2.0679877,1.2438384,1.1636019,0.15927653,2.6537251,0.96297705
2-250710-A-39.wav,glass_breaking,0.04689027,0.28095364432803466,3198.499037854787,-382.8605,20.12242,-21.282555,3.8831294,-6.6790595,-1.8036072,-3.1032643,-0.5787354,-7.2009687,4.7244873,-3.999686,2.2835467,0.81860423
2-25292-A-22.wav,clapping,0.2937683,0.13739331195809248,2432.00978887187,4.6604853,72.752335,-71.89467,-20.280163,-19.14925,-36.478626,-26.60024,-4.849396,-14.418307,-1.0927794,-14.258058,1.7498754,-5.694614
2-25293-A-22.wav,clapping,0.1034028,0.11371308255057803,1827.8456320321868,-249.45737,59.18192,-45.481182,-4.8426995,-4.17443,-17.129017,-14.506607,0.6158606,-7.6986246,-2.81857,-13.794766,-1.3994641,-4.992681
2-262579-A-45.wav,train,0.10546964,0.058695357658959536,1238.2490620447913,-129.8235,164.75491,-26.111689,30.369328,-12.6125555,7.921985,-9.711636,-9.545981,-16.85138,-0.64214736,-10.37708,-0.57318324,-9.897122
2-28314-A-12.wav,crackling_fire,0.014100454,0.091940819183526,3015.1433790176566,-314.06497,70.75097,30.96315,20.329174,10.730067,15.058952,4.5426087,11.838568,8.612903,6.968191,6.5331163,6.5385046,-1.2556648
2-28314-B-12.wav,crackling_fire,0.0148239825,0.1106620303468208,3033.7827665152868,-407.5125,72.03742,27.658432,19.001596,11.2484255,13.468185,2.7859764,9.63892,7.1114345,6.110471,4.7746496,6.266346,-3.1710763
2-30322-A-12.wav,crackling_fire,0.019852906,0.08976189938583815,3052.92450581018,-281.505,67.573425,35.699444,23.279234,13.062119,17.106504,6.210626,12.693733,9.2960005,7.321016,6.422904,6.191388,-1.8216188
2-30322-B-12.wav,crackling_fire,0.024400905,0.10729204299132948,3015.7416675177396,-266.3699,70.14008,32.680897,23.232359,13.650579,14.831366,4.1504,10.810339,7.6863456,6.249159,3.8985498,5.2225094,-3.639221
2-32515-A-4.wav,frog,0.20751038,0.16655471007947978,2244.002828240282,-179.88408,56.517624,-118.97111,4.3765645,36.931896,16.962763,29.380611,48.56663,12.851507,-10.071287,-7.8613396,14.248532,6.5919
2-32515-B-4.wav,frog,0.26039064,0.05459718208092486,1172.8172373962484,-155.18787,127.341934,-6.2105184,33.264618,33.47103,17.133272,10.963006,34.97951,12.875326,-6.58631,-6.118608,15.979236,4.8330526
2-32515-C-4.wav,frog,0.2402861,0.09435117864884393,1633.5570572748513,-174.97736,103.43707,-54.664967,16.028046,36.905636,22.73771,15.956802,38.396782,11.056964,-9.168616,-7.0514235,16.471027,5.0559907
2-32515-D-4.wav,frog,0.22417416,0.12386820357658959,1917.0849794074838,-198.12575,85.992516,-89.485565,4.6488967,36.384186,18.788837,22.316534,49.963455,13.501391,-14.468056,-11.540265,17.257763,8.403817
2-32834-A-4.wav,frog,0.24598002,0.09595149927745665,1650.8417913612686,-163.12177,108.08883,-57.64059,15.83754,38.802307,24.480406,12.549735,42.51143,15.978498,-12.673343,-13.266352,12.892886,6.6289697
2-37806-A-40.wav,helicopter,0.20536137,0.09203960440751445,1945.08956281395,-25.293314,113.79819,-23.35191,39.546577,-4.642927,13.078069,-11.665993,1.704574,-16.580774,-1.8230712,6.0523334,1.2722147,-16.262024
2-37806-B-40.wav,helicopter,0.19417797,0.05155741961705202,1089.408466461452,-76.809006,183.38277,-26.494354,23.124346,-13.500141,5.342381,-10.918795,5.154667,-10.549449,0.41651008,3.4797068,1.0952634,-7.039573
2-37806-C-40.wav,helicopter,0.21357682,0.048153563041907516,1332.1744913373577,-73.98206,155.31317,-37.811737,40.054935,-14.467512,23.451754,-0.014751986,15.496314,-12.050623,-7.8630457,-1.8520063,-6.5313296,-22.239925
2-37806-D-40.wav,helicopter,0.15072191,0.06205405527456647,1400.8784246625905,-74.03452,154.05359,-22.21634,34.592735,-12.517913,2.848823,-17.79832,7.5391254,-12.398675,5.326229,-0.074739315,-0.029608369,-9.494403
2-37870-A-2.wav,pig,0.07912071,0.2857574286488439,4017.336026615738,-156.38565,23.302288,4.44601,32.42996,-9.688935,35.027565,4.9647684,0.90796226,3.477357,13.370493,-7.4098177,-0.24585141,10.632135
2-39441-A-19.wav,thunderstorm,0.031691577,0.030423026553468208,928.424301210446,-355.5608,171.67754,40.323704,15.618181,-5.7664804,3.7613285,12.742474,-2.7630575,-7.1760964,14.067007,-1.8006736,3.573859,-4.441378
2-39443-A-19.wav,thunderstorm,0.025783133,0.0172535449783237,906.0039984498766,-430.38138,166.67928,42.383938,7.330833,15.074537,20.607405,13.723398,0.5516335,-2.0882857,8.113311,-2.224139,1.6911317,-0.64148575
2-39443-B-19.wav,thunderstorm,0.20167321,0.057055522940751446,1143.1206661471888,-197.50912,187.17259,-25.173857,-10.526008,10.316748,0.7296221,1.4698223,-3.3179166,-7.2472396,0.8416963,-2.6340375,-3.3320906,1.0493199
2-39945-A-19.wav,thunderstorm,0.08464163,0.04083781159682081,713.062222681107,-291.1704,221.42255,-5.3767104,-16.145378,18.842476,9.133194,4.053582,-1.8733517,-1.7237431,5.524874,3.84218,3.2321565,3.0632815
2-39945-B-19.wav,thunderstorm,0.08428214,0.03387204208815029,677.252108612301,-322.93823,213.00758,7.3128314,-19.173786,21.53751,20.887938,5.206097,-4.3408265,-0.5664392,6.5328193,2.42639,0.5209126,3.1853034
2-39945-C-19.wav,thunderstorm,0.14071703,0.05525763186416185,876.8848371050179,-189.37918,215.66223,-39.44191,9.136921,15.295558,4.837555,7.1760197,-5.8747997,-6.059416,10.016462,-1.2867362,3.76649,2.7488542
2-42101-A-43.wav,car_horn,0.16646263,0.03721380509393064,1138.929642633935,-125.244865,156.98888,-9.504859,22.43405,8.680888,12.031979,-0.76482075,10.615135,1.182222,8.277415,-4.8223786,6.700904,2.6173337
2-43802-A-42.wav,siren,0.207153,0.098804981033237,1807.0580695527842,-64.96406,107.30257,-36.233047,0.9629842,-8.651919,27.11367,5.6397195,16.204733,1.6094279,9.810827,9.140396,20.216303,7.944494
2-43806-A-42.wav,siren,0.17808859,0.1170237987716763,1766.397026144785,-190.83382,117.39862,-18.771896,23.033363,-9.341899,44.069653,5.217004,1.9553685,2.583953,8.204599,19.277037,3.6233213,2.8809245
2-50665-A-20.wav,crying_baby,0.09236604,0.10421841130780347,1930.4930618705205,-395.3479,21.18808,-29.158327,13.329931,-23.154222,0.4154432,-4.8727145,0.16868688,19.796211,-8.935659,1.1728097,11.630472,17.38171
2-50666-A-20.wav,crying_baby,0.12737471,0.10862140986271676,2148.9798606657146,-275.40976,56.13525,-43.030106,32.903793,-36.54689,2.5897148,-23.246033,4.1205716,32.535965,7.8094983,-1.3102852,-4.1004624,-4.042414
2-50667-A-41.wav,chainsaw,0.18062808,0.15656329028179192,3156.4406315072674,-27.857828,51.829536,-16.993847,20.633064,-11.446654,3.4742343,-9.570786,0.6127198,1.6791767,-1.5817693,-12.122656,-4.3399067,0.50236255
2-50667-B-41.wav,chainsaw,0.12513067,0.13327820177023122,2733.639888655342,-101.95282,71.55101,-10.667836,28.587303,-6.59883,2.8527546,-12.961961,1.204546,4.0747924,-4.064053,-10.576317,-2.961675,-2.2409952
2-50668-A-41.wav,chainsaw,0.114497036,0.1911211840679191,3462.244766188556,-43.14349,53.13907,1.3477626,27.28338,0.045241162,7.377126,1.3641894,9.470414,2.2257178,2.8848236,4.0751505,4.8188987,-4.805317
2-50668-B-41.wav,chainsaw,0.1810017,0.18647827854046242,3680.7529496923385,-17.324152,44.370815,4.0404468,26.350098,4.3760805,6.8479185,7.8110995,10.199681,-5.6252604,-1.3417873,-5.022552,4.094767,-11.146187
2-50774-A-23.wav,breathing,0.040732197,0.008309248554913294,393.56924511298433,-536.31256,59.087624,7.819633,7.9571214,11.783804,10.112623,2.98468,1.6669683,3.2701113,7.3252687,1.9984642,7.9992723,3.5830283
2-51173-A-35.wav,washing_machine,0.14890838,0.06701025108381503,1627.527487348457,-85.76546,129.70374,4.274404,11.546693,-8.263125,-12.943825,-26.508425,3.4787133,-9.706419,3.6293762,1.8914735,-5.4028893,-3.6391234
2-51630-A-49.wav,hand_saw,0.08563661,0.15423195899566475,2963.0193419075804,-96.35104,65.83241,-18.488358,-3.1313257,-7.1067495,3.7304454,-2.1627564,-9.022423,-14.371794,1.3049461,-2.71327,-4.1167755,-19.181246
2-51630-B-49.wav,hand_saw,0.10658875,0.12413915733381503,2703.4398246359424,-74.895805,73.880066,-17.723158,-3.4678957,-6.01783,-0.04168607,-5.267741,-8.758854,-12.488623,1.615647,-8.744233,-16.55646,-30.721409
2-52001-A-28.wav,snoring,0.0122619495,0.046313335440751446,2093.8724795543803,-532.91534,82.55906,19.945343,25.913464,12.790048,10.406111,10.296041,7.0386214,9.795252,5.0048285,-0.14092104,15.721665,7.7194796
2-52001-B-28.wav,snoring,0.018913824,0.08554800397398844,1995.2219094379332,-351.9981,106.78005,14.383709,27.807272,4.290626,16.772121,-2.0668285,1.490726,-1.6020716,3.3365073,-1.1909543,21.413126,7.4259987
2-52085-A-4.wav,frog,0.09628894,0.17634291455924855,2378.6267795869376,-266.55026,32.92365,-116.89722,27.149612,26.056704,26.607094,37.921574,44.115566,0.26782402,-10.459357,9.198626,25.053757,0.043404154
2-52085-B-4.wav,frog,0.09409156,0.1739861813583815,2349.3101805635706,-265.86237,38.673794,-121.401306,22.771002,27.050995,24.315302,37.866673,41.169056,-1.5007007,-11.818524,10.770848,27.212162,-0.3792819
2-52789-A-4.wav,frog,0.02866994,0.04336953576589595,1198.3747639138503,-323.6509,139.28929,-7.2601595,-3.9669867,22.322683,25.25213,12.500121,6.987711,5.1833963,23.84984,2.6790736,6.776383,6.262159
2-54086-A-43.wav,car_horn,0.1330794,0.10232737987716763,1970.4468123545978,-436.67413,-20.676908,-3.6292777,25.86386,-0.6580142,-17.07722,9.294918,16.75489,-11.933947,4.123253,7.755992,2.3317902,-3.7624197
2-54961-A-23.wav,breathing,0.112320654,0.09496082460260116,1709.4209257179307,-233.9192,92.97611,-45.188847,-39.326862,-24.991903,1.4145503,-12.431514,-13.744244,-5.0353727,4.2043104,-4.949001,10.816158,3.893318
2-54962-A-23.wav,breathing,0.10913765,0.06253104678468208,1190.8933296248777,-304.41556,97.57701,-24.647648,-23.842657,-35.76848,-3.3514597,-7.8683314,-4.4298725,-16.190237,-0.14207648,-4.465961,-4.3458076,0.25581726
2-56926-A-46.wav,church_bells,0.11494834,0.07728109194364162,1545.9942087232273,-261.79684,115.35296,-38.81501,4.7809644,-15.274885,-4.138581,-7.3586693,-7.660639,-5.829908,-2.2731225,-17.758879,-10.462008,-10.508154
2-57191-A-46.wav,church_bells,0.30731955,0.10352973717485549,1478.82411826741,-116.86783,141.86665,-68.37359,7.568339,-20.125294,-8.515635,-8.278055,-6.8428645,-27.97771,-27.032616,-14.660128,-7.6407394,-7.9708
2-57733-A-22.wav,clapping,0.1410563,0.033567219111271675,2445.015971333035,-211.41551,55.467247,-37.210445,-17.423044,-3.5205991,10.7391615,-10.331258,5.953637,4.6097364,3.5792243,-4.6617002,2.3671072,5.713457
2-59241-A-35.wav,washing_machine,0.11000731,0.20657683796965318,3441.5966083291014,-41.85376,57.821568,17.933935,26.543606,-11.44814,10.666524,-5.7228155,4.072367,0.6091605,1.7216005,-0.11628792,4.814784,-3.0693233
2-59321-A-49.wav,hand_saw,0.18574968,0.12942840046965318,2517.9830581458436,-37.796,92.584015,1.8079529,13.271261,-17.119707,4.424508,-13.6796055,2.7953038,-1.9241834,-0.8920491,-2.5316863,-0.9155279,-4.5803146
2-59565-A-46.wav,church_bells,0.07266695,0.16631198067196531,2409.5790485554735,-253.74498,71.93366,-69.85584,26.297068,-29.867565,13.907983,-17.50429,-12.749302,-11.587033,7.9124446,2.2700918,6.7688117,8.497608
2-59566-A-46.wav,church_bells,0.062236633,0.19914254425578035,2530.632575667647,-311.583,50.595253,-63.649357,4.2737503,-55.14086,-16.68752,-15.938897,13.670631,-15.507849,-28.125883,-30.692976,-25.53473,-10.100122
2-60180-A-49.wav,hand_saw,0.15574303,0.07054111723265896,1880.9535002964112,-112.76283,109.31381,-23.17746,-11.264496,-17.36719,-7.82196,-28.467915,5.434148,-6.166648,-16.06384,-14.278388,-8.081196,-10.325941
2-60180-B-49.wav,hand_saw,0.1533394,0.079245506683526,1746.5598236618112,-124.482864,114.587746,-48.188644,1.7874281,-24.208103,8.934663,-7.092457,-11.763241,-31.664255,-5.3727503,-15.853245,-19.194067,-15.690377
2-60791-A-26.wav,laughing,0.105850294,0.07977612445809248,1642.2506106370768,-139.93369,125.926865,-34.023243,-10.423934,-35.170177,-15.585423,-24.873592,-6.135857,-17.178675,7.933224,-11.179914,-10.270951,-7.023655
2-60794-A-26.wav,laughing,0.30316824,0.0887034862716763,1656.2294788207546,-42.66131,121.90837,-61.17059,-18.625559,-50.547462,-15.781761,-19.694157,-3.1839879,-11.637434,14.516851,-3.9534142,-11.489742,-11.354902
2-60795-A-26.wav,laughing,0.13948952,0.09662041636560693,1915.287171263766,-104.07467,109.49068,-32.44125,-22.16798,-36.620697,-12.529582,-26.177198,-4.7630143,-14.294625,9.579067,-10.697864,-11.614778,-9.30904
2-60900-A-22.wav,clapping,0.043291528,0.1556234194364162,2091.286137881898,-217.14673,103.536835,-77.61211,-11.018778,-6.6908884,20.968866,-17.972761,0.48287672,7.5769916,0.79828584,-3.602551,9.827184,1.465089
2-61311-A-12.wav,crackling_fire,0.03576627,0.060555342304913294,2010.1039381233136,-357.20563,86.278885,24.184795,49.25234,16.54132,4.551771,8.071188,13.849988,4.4123626,10.5617485,6.4486732,8.575022,-2.826428
2-61618-A-46.wav,church_bells,0.1313592,0.0660873148482659,1119.0533446870343,-178.06352,170.00824,-38.199463,-2.39074,-11.099562,-5.9141264,-12.68541,-14.584526,-24.332737,-18.322823,-21.146679,-10.698837,-8.756938
2-62226-A-26.wav,laughing,0.044956133,0.08587258399566473,1639.189722178485,-331.36023,113.60538,-44.180126,-24.850409,-29.756487,-4.860909,-9.361594,-3.1035883,-16.88785,-3.5416644,3.456735,-6.1317267,-5.266918
2-64332-A-18.wav,toilet_flush,0.118166246,0.1949709853684971,3337.779345607151,-81.46525,58.57676,-3.8531008,15.797984,-6.6662073,20.099796,-20.542467,6.1375866,-16.435175,-0.4045994,-3.7161777,4.3771286,-2.3457663
2-64962-A-15.wav,water_drops,0.013554933,0.21062703215317918,3985.665809002025,-357.3524,11.220502,-33.2977,-4.1993566,-6.5429907,2.3746452,0.7913447,0.6983835,-15.880877,-3.5267363,4.8952646,5.949875,-12.156792
2-64963-A-15.wav,water_drops,0.015050353,0.16510115606936415,3003.1450792323076,-455.85034,54.351395,-18.933743,3.5839794,10.605021,1.0701181,-2.5031633,-3.7899084,-0.48869303,9.650806,6.0920253,10.036677,-11.47481
2-65484-A-18.wav,toilet_flush,0.15849692,0.2665366464956647,3806.428017281209,-12.494796,28.175486,-26.963951,1.6002116,-14.389425,3.5228631,-5.3017073,-2.2450728,-10.245929,-5.0294905,-12.697689,-5.939459,-8.470494
2-65747-A-12.wav,crackling_fire,0.019758394,0.1907655572615607,3765.3932737894916,-233.24394,43.232414,10.76927,22.466564,15.637231,16.416733,3.267064,-0.45337334,-7.2500496,7.803694,5.498647,0.73366416,-4.690383
2-65750-A-1.wav,rooster,0.1683182,0.06758885025289017,1059.6858654291502,-342.5205,47.89991,-24.904402,0.04117518,-0.41952553,1.7826064,-5.5209336,-9.275394,-4.962313,7.149666,10.339296,2.7161086,-5.978907
2-66205-A-23.wav,breathing,0.019468792,0.06340317919075145,1102.7595779973901,-585.3068,25.265207,0.7964974,5.236527,2.4709253,9.127992,-6.012675,3.3607686,-1.9503735,1.5282785,0.84035057,-6.037681,0.23578571
2-66637-A-20.wav,crying_baby,0.088313155,0.3056160811054913,4364.838765660871,-210.06772,23.604885,-12.294717,-8.938144,-2.748619,-11.171763,-11.256081,20.607407,-1.87073,7.748716,-4.5334167,2.783775,2.8233135
2-66637-B-20.wav,crying_baby,0.06965548,0.1910506231936416,3381.3044013499302,-227.66904,55.43208,-16.875072,-12.058052,-6.847952,7.9979525,-8.381097,12.0980425,-0.7777366,2.3801455,-5.8799562,0.81797165,-6.11857
2-67422-A-18.wav,toilet_flush,0.18425013,0.2316033688583815,3475.5503093340917,10.937059,48.192085,-18.887121,15.523094,-2.9759295,5.5476747,-17.419453,8.494522,-13.633204,-2.8280993,-6.057603,0.39955038,0.20396395
2-68391-A-41.wav,chainsaw,0.027464196,0.11618835802023121,2036.0182467545405,-247.57568,110.51829,-34.54011,30.531086,-1.2261798,9.7529,-18.00687,7.2441688,1.7025543,-11.603981,-7.1214337,-0.5102832,3.5013664
2-68391-B-41.wav,chainsaw,0.09189613,0.18384776914739884,2793.840937481662,-97.85027,60.662403,-59.624874,24.248549,-24.288544,7.2162747,-16.988745,18.244116,8.76372,-9.457957,11.8531065,9.505644,12.006697
2-68595-A-15.wav,water_drops,0.012299188,0.1583498916184971,3144.356834858377,-442.23755,60.952526,11.898862,28.224045,5.681972,5.025408,-3.205198,2.22251,6.6829624,2.886994,-0.6373657,4.2025223,-5.1667275
2-68595-B-15.wav,water_drops,0.0067983605,0.11437917720375723,2726.063447628726,-450.68655,87.58484,13.455434,9.61962,6.061618,1.8343301,-3.9439085,1.5917652,3.8103697,9.485664,6.829606,-0.39014995,-11.494262
2-69131-A-5.wav,cat,0.120759435,0.12068731936416185,1944.3668904206743,-384.9531,25.257607,-47.33275,-22.157219,-9.1493635,7.6366496,-3.944078,6.842153,-1.7749807,-0.78053766,-1.3608421,-4.88518,-5.9308286
2-69131-B-5.wav,cat,0.16998038,0.14379177203757226,2183.407477950926,-281.38876,27.318695,-83.07494,-17.579988,-19.391485,2.9047668,-9.801248,15.264778,-19.490427,-15.94941,9.109102,-12.7131815,-4.703295
2-70052-A-42.wav,siren,0.40169704,0.11287764179913294,1970.1927656581547,-65.37278,81.32544,-98.35655,-11.763602,-28.613976,5.500834,10.076477,21.611803,-15.391613,-1.638174,-8.305226,9.9938965,19.993923
2-70052-B-42.wav,siren,0.30068702,0.11392476517341041,1948.5712565503566,-115.39641,83.73656,-91.13983,-9.939698,-18.131657,9.957613,14.094479,17.86099,-11.352,-1.7477211,-2.5799758,7.4036384,15.184476
2-70280-A-18.wav,toilet_flush,0.08596371,0.17287978684971098,2614.8647016922623,-129.47476,76.59138,-52.447643,21.387484,-15.142555,8.104818,-15.804667,8.147251,-15.983639,2.4771383,-11.566453,4.6103888,-8.340442
2-70344-A-33.wav,door_wood_creaks,0.032289915,0.01974293262283237,444.5798723962765,-605.5491,14.172758,-1.2605544,4.857854,-0.5193824,2.2990143,-0.012980056,1.751471,-0.2636111,1.904941,-0.9024572,-0.91283137,1.3220079
2-70366-A-33.wav,door_wood_creaks,0.06751417,0.06349914197976879,1264.5921646868426,-451.04443,27.671057,-6.4444475,-2.5670564,-1.7325462,0.20341569,1.1451072,4.251716,3.7508168,2.5697086,1.923656,3.8510191,-0.83718634
2-70367-A-33.wav,door_wood_creaks,0.097276755,0.16760465588872833,3046.645270052444,-183.61125,35.488598,-12.403529,-4.109933,-8.027022,0.3132028,-1.0151454,3.1923652,3.8114111,3.8873057,0.9824408,5.9293585,-2.6057403
2-70936-A-42.wav,siren,0.35751042,0.10593727420520231,1916.4680760293961,-291.6847,5.7196407,-73.04535,-43.84216,-54.08736,-14.5795965,3.2582483,42.548462,25.005518,-10.199741,-12.214983,-0.46660355,6.9769316
2-70938-A-42.wav,siren,0.24512589,0.10337732568641618,2176.7806387304113,-260.15768,26.884144,-89.57158,-0.9218039,-42.04772,-21.631636,-37.419216,-24.824213,-17.400272,2.6393063,8.106887,11.639393,5.2302723
2-70939-A-42.wav,siren,0.42459503,0.10705495845375723,2059.1604426396884,-147.49368,-17.97248,-166.74521,-58.360313,-81.906845,-5.63795,37.629128,53.019215,-1.2397382,-2.2441185,-0.6626465,15.35607,-8.573246
2-71162-A-1.wav,rooster,0.06698904,0.14380588421242774,2148.625520444218,-467.44336,37.507885,-83.63729,-47.274113,-1.7453669,9.262077,-18.185646,-1.194641,-4.1400185,0.14919321,9.078492,0.031105967,4.70891
2-72268-A-6.wav,hen,0.21526271,0.14659727239884393,2126.523129151797,-165.61647,95.76303,-70.24362,4.5449357,-43.37298,11.950249,11.028508,-3.4305854,-4.097639,-3.569156,-10.954114,-6.8086486,0.7192136
2-72547-A-14.wav,chirping_birds,0.074661285,0.31272014992774566,3965.653934755156,-340.89783,-18.02289,-24.41417,58.578487,-6.622423,16.155893,-15.378847,5.6466494,9.654005,3.9752727,-16.854574,2.4872754,3.2632146
2-72547-B-14.wav,chirping_birds,0.0072910683,0.2555517295881503,3066.7897727166355,-452.13016,57.298782,-42.27138,45.746212,-0.12756357,1.8577099,-2.3999128,3.3510475,1.3039999,4.7915754,-5.107729,1.4580795,3.6318479
2-72547-C-14.wav,chirping_birds,0.010213572,0.2971459537572254,3425.559174710694,-325.63434,60.91666,4.791122,59.691864,-32.422924,12.061679,-4.2709494,-0.55238235,-6.3089685,8.849618,2.0065026,0.49708283,8.01063
2-72547-D-14.wav,chirping_birds,0.021094834,0.17086739071531792,2341.5193568418185,-402.4022,101.665634,-2.6848104,43.410954,-40.197586,6.035447,5.3632455,-29.134218,-7.656443,1.7761455,0.2892606,7.470337,4.370238
2-72677-A-18.wav,toilet_flush,0.07460225,0.2311630690028902,3737.374132258446,-135.73964,37.962276,-14.977633,0.69750226,-7.2691016,-0.78256243,-3.6838458,-7.4672074,-1.6241786,-5.139549,-4.530488,-0.27935368,-4.1274085
2-72688-A-42.wav,siren,0.24353166,0.0533863574783237,1127.5126637861872,-176.13657,149.85947,-48.34742,32.529995,-8.529029,-20.376776,-13.041215,-12.943729,4.9481835,3.3002656,-0.84737587,12.04176,5.9072876
2-72970-A-10.wav,rain,0.06799299,0.30628499819364163,4005.6799717198073,-61.11396,30.75953,-19.946547,6.001794,-6.6687236,15.814727,-3.2737737,3.0115232,-2.4325218,4.8281984,-2.3412302,6.333468,-3.099488
2-73027-A-10.wav,rain,0.086274974,0.35146089234104044,4530.271525183329,-33.562756,38.505657,2.3992033,-7.205609,-1.0239631,-7.351708,-3.0813894,-7.5575013,-2.4741607,-1.6808432,-2.031904,3.8439214,-5.574965
2-7321-A-33.wav,door_wood_creaks,0.04485567,0.08922845917630058,2489.182303497509,-195.68312,92.31834,12.751548,2.5779653,6.645107,12.899484,-3.7857525,6.639489,-1.1140611,3.3924522,-1.937457,2.6486251,-0.23667485
2-73260-A-10.wav,rain,0.035932362,0.07830845827312138,2422.3639187988197,-192.16397,99.09237,13.728034,4.145358,12.582122,6.166804,0.747852,6.7639484,-1.3637129,4.921793,-1.4630516,3.7941349,-2.3783925
2-73544-A-27.wav,brushing_teeth,0.03450312,0.3318562590317919,4239.020886458243,-208.78162,-29.205479,-66.93522,-9.099336,-30.952366,-4.266904,-15.371853,3.660921,-12.714718,0.51603806,1.2999496,1.0496027,3.9773061
2-74361-A-47.wav,airplane,0.073227964,0.03482038023843931,741.8869882841651,-260.40973,225.61436,-43.35972,17.552906,42.593624,-2.0188825,5.025404,9.357887,0.7422571,3.6471038,-0.47140422,4.422148,0.61991775
2-74977-A-18.wav,toilet_flush,0.043884408,0.2683599394869942,3745.1815813240914,-136.59973,42.297783,-5.877413,11.093802,-4.041783,8.695209,-16.15606,-6.8370166,-10.934221,-3.7265213,-10.23401,-0.7174057,-6.05983
2-75726-A-6.wav,hen,0.14798668,0.06463376083815028,1002.5219428952768,-364.7946,27.91794,-14.316091,2.1396692,-13.120479,8.955331,1.6348711,2.191619,-0.26615465,-5.442481,-6.9687304,-1.0871372,3.2279088
2-76408-A-22.wav,clapping,0.07294418,0.15253849801300579,2744.0146998946375,-226.64694,77.33866,-20.375948,16.717274,-21.664011,7.3753667,-20.670774,5.9058323,-3.6584685,3.1687005,-8.024163,6.319093,-2.5471876
2-76408-B-22.wav,clapping,0.109855674,0.18487231304190752,3036.956968318897,-133.9963,65.167786,-25.60261,15.380179,-24.714437,4.4999294,-20.95721,5.8423204,-4.40933,4.313278,-5.4636483,9.063945,-1.5887421
2-76408-C-22.wav,clapping,0.11717103,0.16619061596820808,2908.5603806167587,-136.75447,73.09302,-20.728252,10.881454,-25.182346,4.1747484,-25.299164,5.104986,-6.499135,3.6386106,-6.7037034,6.527328,-3.754165
2-76408-D-22.wav,clapping,0.08941024,0.15783903088872833,2831.9209662185535,-158.5906,75.92371,-18.228968,15.701849,-28.347317,5.0236554,-24.751457,1.9174311,-8.505302,4.0216417,-5.576892,6.013773,-3.7317672
2-76868-A-6.wav,hen,0.14481327,0.11056042268786127,2395.450026487224,-179.56915,88.61883,-8.13729,2.985849,-13.675734,16.595568,5.405935,7.4029746,-4.7585645,2.5730457,-0.32230622,15.209002,-4.5197387
2-77346-A-46.wav,church_bells,0.033323564,0.14959752077312138,2115.0212953108694,-219.74562,106.33243,-61.055206,28.368475,-26.83236,9.975113,-14.496717,2.3194482,-5.0232334,0.88281024,-2.6113074,-2.418407,-6.3657827
2-77347-A-46.wav,church_bells,0.094480895,0.08174336163294797,1225.1079436261973,-212.50089,179.91608,-59.808132,0.19893509,-10.416537,0.49438512,-5.1037354,1.1111426,0.16656467,3.4973114,-1.1946629,-7.8161397,-15.3714905
2-77945-A-41.wav,chainsaw,0.14007007,0.26130949692919075,4036.2648769143275,-57.68403,30.327217,-1.1772938,21.352169,4.73532,20.31522,-9.017635,2.6718895,-6.2002234,6.529512,2.8742762,7.1582813,2.8922062
2-77945-B-41.wav,chainsaw,0.23433037,0.27316936867774566,4213.975067040647,25.327808,17.211323,-13.969956,9.803779,-5.844124,9.579009,-8.162459,1.8930693,-5.9067163,1.2752906,-6.610378,1.7238616,-9.597659
2-78381-A-46.wav,church_bells,0.19239339,0.18186924223265896,2634.615520006252,-261.31885,36.199596,-40.12119,24.54705,-10.282576,13.6041355,-16.579063,-3.1936343,16.84341,19.917051,-0.07088501,-18.114153,-18.87743
2-78562-A-37.wav,clock_alarm,0.32500398,0.4984645953757225,5848.342013472837,-86.23211,-42.60321,-0.7066819,2.9632854,-34.19316,-16.457104,-33.043613,12.213028,1.2059106,-1.08052,-11.378145,-13.431279,-2.0822275
2-78562-B-37.wav,clock_alarm,0.31905603,0.4900876083815029,5812.42958155905,-90.66255,-43.714817,-2.4896536,2.415226,-34.851936,-15.772422,-32.782734,13.555437,1.7530503,-1.2254919,-11.257816,-13.6176195,-0.17631567
2-78651-A-44.wav,engine,0.07349933,0.09090216311416185,2455.5796703606643,-145.38918,84.3744,-10.755171,30.944029,14.631939,31.585983,22.075583,0.3121826,-11.955905,1.3860445,19.175915,13.75242,-13.9033785
2-78781-A-47.wav,airplane,0.064953886,0.058113936054913294,1007.2455680451071,-212.85605,194.54733,-40.70657,15.16098,7.8661623,7.3810105,2.1941302,2.1637187,-8.791986,-0.27296552,-5.223917,1.0296338,4.249872
2-78799-A-47.wav,airplane,0.13647777,0.06253669165462428,1697.866238782721,-97.30577,116.52087,-18.598816,11.285034,-2.1746283,21.604422,26.489477,19.69609,16.354609,4.6632113,-7.3413672,-3.378532,-0.06639908
2-79769-A-26.wav,laughing,0.15919495,0.05616927835982659,1582.9963069762216,-239.18631,109.673996,-11.5895195,-4.1775556,-7.227283,-10.325699,-16.866772,-20.236038,-19.779251,-3.5677893,-2.7284205,-17.420887,-2.0953548
2-79775-A-26.wav,laughing,0.112797774,0.059254199783237,1012.5771759897682,-385.29114,76.21742,-35.301743,-21.688404,-13.838122,-1.4108204,7.341198,-0.7567056,-4.2056417,-3.2844987,-7.420603,-0.83969027,-1.5139742
2-80313-A-28.wav,snoring,0.0594714,0.024893876445086706,1463.0370019170011,-337.6121,115.09147,38.24994,23.631432,16.56586,7.249707,-9.609894,8.150213,13.115449,22.048153,10.70945,13.380508,-2.133809
2-80482-A-20.wav,crying_baby,0.04816684,0.23378793352601157,4037.949800451239,-340.77115,-46.068184,-75.788574,-37.51563,-19.67377,-20.552032,-12.584137,-1.0108272,-20.804527,0.37953514,-9.146963,5.2901173,-6.581347
2-80844-A-13.wav,crickets,0.0071587614,0.5316253838511561,6257.304421628371,-553.3129,-149.91185,-1.2726866,24.756643,5.4142313,44.507824,18.026031,19.465899,24.212198,12.08867,17.049633,9.412177,16.378387
2-81112-A-34.wav,can_opening,0.021834716,0.06872346911127168,2694.8558693159257,-620.33203,17.701431,12.905974,28.836119,24.308178,22.491344,9.817078,12.589805,12.1898155,15.117169,7.4706197,9.841073,10.180905
2-81190-A-34.wav,can_opening,0.07193153,0.12216063041907514,1456.1393783093993,-589.66815,-8.40222,-4.6824865,3.652084,-5.377203,5.446445,-2.1240978,3.0682852,-0.16449113,0.9146704,-3.0847206,0.5951246,-0.13000914
2-81270-A-1.wav,rooster,0.11961724,0.11122651734104046,2278.5781844708094,-298.1786,83.57725,-12.078548,-17.515392,-1.5826662,9.621133,-13.685792,1.0054758,-6.4897876,-2.3029327,4.2346077,-1.4334686,6.702689
2-81731-A-10.wav,rain,0.0226772,0.3808424403901734,4873.649894807609,-220.97552,-0.037203044,-13.854247,-6.497628,-20.527601,-4.806972,-9.806115,-9.831791,-12.086132,-7.035895,-9.175482,-6.0016527,-9.831063
2-81970-A-7.wav,insects,0.024358138,0.07601664107658959,2780.796939701518,-303.70517,53.169785,-14.669329,2.6430953,-0.16000517,-4.545779,-2.397156,6.304634,-7.281409,-6.1095247,-11.615747,-10.061794,-3.111339
2-81970-B-7.wav,insects,0.048712615,0.058520366690751446,2628.7771502987925,-294.8232,53.119705,-9.562038,6.7222238,1.4560769,-7.9623094,-2.7512903,4.6841187,-10.562421,-7.3539844,-13.487946,-11.71469,-4.3791933
2-81970-C-7.wav,insects,0.008465363,0.11819228684971098,3118.74411020826,-406.27618,40.233116,-17.814514,1.8278567,-2.716239,-13.598632,-3.1245983,5.6006746,-7.640988,-4.377244,-14.687056,-9.232945,-0.6327059
2-82071-A-27.wav,brushing_teeth,0.017627947,0.13240042449421965,2622.0907436136044,-224.2367,89.25179,-5.5561113,10.0431,-2.2865138,5.5659685,-6.0145187,7.541333,-2.6669064,-1.6421177,-0.18526648,-2.4738054,-5.8133616
2-82077-A-7.wav,insects,0.11073348,0.03198101065751445,1111.4042287877583,-286.2341,114.037865,-37.26715,20.509218,-5.4304423,-11.99513,-1.0165066,-5.8188324,-10.32801,-17.753204,-18.331636,-19.318277,-10.872389
2-82274-A-5.wav,cat,0.03725814,0.0856157424132948,1985.3056350953866,-400.19022,94.93447,4.9647074,35.867176,12.933106,11.191828,4.859327,3.717093,5.2798433,11.090604,2.6725998,5.114842,1.0071672
2-82274-B-5.wav,cat,0.035109278,0.08201713782514451,1950.8922664578347,-394.86368,88.8324,2.302769,35.983425,13.460778,19.03669,1.762906,6.034809,4.0067425,14.161736,5.6857247,7.348417,-0.15482514
2-82367-A-10.wav,rain,0.031589177,0.2704993451950867,4133.338746996939,-142.06505,50.856304,18.409082,3.2844753,0.9168527,3.29194,-2.1450064,4.9248743,-7.565798,3.6111348,-4.516689,1.2547306,-3.5908701
2-82455-A-23.wav,breathing,0.06395075,0.12420971820809248,2023.74813893443,-176.60048,120.69301,-40.182903,-11.528356,-25.544357,2.9415534,-2.4382515,-14.925183,4.6224895,23.638672,-9.814162,9.048895,-10.437368
2-82538-A-21.wav,sneezing,0.12160129,0.03966650108381503,938.285837400679,-415.67462,12.758056,-6.822786,3.5063066,-3.1472461,-4.468043,-6.4190583,-1.4167693,-2.1922796,0.98949456,0.90154296,3.737699,2.2034237
2-83270-A-13.wav,crickets,0.0205413,0.27575189667630057,3436.0247330505736,-551.2952,-63.46882,-37.048954,116.016685,9.497695,-21.374174,34.122246,40.83244,-25.319023,45.50602,16.00105,-12.365353,14.5969305
2-83536-A-27.wav,brushing_teeth,0.096460685,0.09470962789017341,2898.2004285442968,-188.10953,38.001476,-14.527609,-7.4816318,10.827676,56.78757,34.979267,20.681759,13.889698,18.185598,-2.178098,14.686771,7.771274
2-83667-A-34.wav,can_opening,0.08368244,0.11186438764450866,2614.433474676303,-240.79805,86.660446,19.151842,15.416993,0.8322427,6.4723654,-1.8225387,2.82516,-2.4600718,1.148996,-4.1342425,3.076913,3.5894737
2-83688-A-34.wav,can_opening,0.031238817,0.1406137102601156,3236.0671183420473,-483.66104,46.74341,42.533066,47.929714,2.9782481,13.224632,11.876803,13.120529,-2.3327389,13.374595,-6.38864,3.0979636,-0.57697505
2-83934-A-5.wav,cat,0.07141887,0.03757507677023121,1373.9149171664437,-341.42004,96.81412,-4.162429,14.984493,8.362272,15.141931,7.486619,10.367686,11.569755,20.31606,19.43863,11.5523405,4.6237164
2-83934-B-5.wav,cat,0.047084972,0.07028145321531792,1567.399138474594,-360.29016,103.4103,-9.662239,14.424111,13.580314,20.702593,-0.89804447,14.058774,7.3563294,7.5607014,16.878433,7.2662983,16.13335
2-84693-A-49.wav,hand_saw,0.035968218,0.13956658688583815,2945.8036844375342,-192.194,70.39173,5.7262087,30.465345,-4.501309,15.3526745,1.709823,-0.5796306,-5.2893777,9.64194,3.7664723,1.0528176,-5.4614253
2-84943-A-18.wav,toilet_flush,0.026240105,0.1261797778179191,2593.0115116725838,-344.08252,76.27061,4.82366,24.911598,10.394063,0.35954893,-4.0816636,-2.4181778,-6.683345,-7.2958164,-10.425867,-5.9226203,-11.92093
2-84965-A-23.wav,breathing,0.016580675,0.1759308390534682,2788.4971705500557,-280.3837,69.55814,-18.551327,18.946236,-23.042353,-6.030194,1.86375,21.00066,2.0997083,11.6246,-5.336576,-9.765434,-7.4434576
2-85139-A-13.wav,crickets,0.039136257,0.08090792088150289,3310.7323723043423,-280.45953,65.30682,37.949722,18.03203,29.948023,-7.7454643,32.457188,1.9989702,9.167712,15.322842,7.0929294,-2.4381027,9.310353
2-85292-A-24.wav,coughing,0.0859852,0.035723559429190754,1645.6926414958687,-421.9712,87.07606,19.981874,17.400242,14.95829,6.923771,5.481707,9.326784,5.5739403,5.0951505,4.6678987,3.0875568,4.002884
2-85434-A-27.wav,brushing_teeth,0.048152197,0.27059248554913296,4063.6995338068723,-151.02144,5.60304,-35.76393,3.8281193,-16.713991,10.43935,5.2960777,16.824757,-0.0864582,-5.0091033,1.7167112,6.2678857,4.6659636
2-85471-A-34.wav,can_opening,0.023258885,0.1663627845014451,3869.703470158069,-555.0638,19.968103,24.244219,23.9294,8.06786,20.686033,21.742676,17.983862,4.800757,12.472329,4.871517,3.5879216,4.548541
2-85945-A-18.wav,toilet_flush,0.05561135,0.1917562319364162,3297.3168915779333,-167.69107,55.34842,-12.504832,13.097882,-0.86576587,8.403062,-0.50340855,6.91093,2.9164407,5.7280865,-0.6584418,6.4037333,-0.61616564
2-86160-A-27.wav,brushing_teeth,0.011048599,0.22617300397398843,3767.037415247997,-315.13333,37.685112,3.6060367,19.58492,-15.439821,-3.427793,-7.975543,10.949534,3.8083928,4.2555294,0.83672965,3.0373926,-1.8646424
2-87282-A-34.wav,can_opening,0.04090478,0.40346425668352603,5076.196753458912,-486.4483,-24.26802,-26.40379,-0.22914396,4.081307,16.389917,14.930375,1.6415136,-10.687436,2.818996,6.5723476,4.097681,-7.246732
2-87412-A-24.wav,coughing,0.20491903,0.06958995664739884,1456.504216588678,-322.37234,43.895336,-11.696594,0.8643699,3.6354115,0.03645157,-6.5369844,-8.4364395,-9.907005,7.360142,-7.302309,-1.7921642,1.8491274
2-87780-A-33.wav,door_wood_creaks,0.009357722,0.037608945989884394,895.9086193255362,-528.0118,117.66917,-17.628384,9.058037,2.5478728,7.6090927,9.524635,7.304596,2.6959076,3.6144764,-5.3145933,-3.83237,-1.1048528
2-87781-A-10.wav,rain,0.114024505,0.0732506548049133,2500.0412562715774,-110.41069,72.077965,-11.033145,22.28913,16.304142,14.6922,12.61737,12.969441,5.162583,10.726384,5.284735,9.55974,2.147655
2-87794-A-24.wav,coughing,0.16525331,0.12978402727601157,1545.573885559066,-283.92947,89.11171,-54.42915,-6.9589715,3.568563,-30.915823,-12.667257,4.8056355,-14.732089,-12.050426,-4.7693844,-13.439126,-9.703289
2-87795-A-24.wav,coughing,0.21541226,0.15403156611271676,1764.1699335743178,-244.5906,94.45538,-64.70777,-7.8295984,-0.7246891,-35.0451,-12.066774,7.36962,-14.376195,-8.546477,-3.2176154,-13.619397,-7.972083
2-87799-A-24.wav,coughing,0.24812059,0.09171784682080925,1694.003437279791,-273.8936,80.961006,-43.811832,2.491688,-15.646891,-26.52096,-9.381211,-8.991773,-8.911768,4.916658,-1.1791927,-5.254493,-3.7844024
2-88724-A-38.wav,clock_tick,0.012217463,0.09534185332369942,2835.079779156025,-450.90463,51.13673,17.971796,30.223475,10.562138,2.459195,6.401757,-9.403344,-3.5464778,7.493064,3.9554074,8.384222,1.3670734
2-89516-A-37.wav,clock_alarm,0.03778761,0.3126693460982659,3616.560134245675,-432.1941,33.93429,-45.27281,-24.823112,0.7283409,-6.9781966,-0.05657712,-7.9641705,-22.041636,29.669865,10.371894,-13.941361,-1.7101613
2-91912-A-33.wav,door_wood_creaks,0.020583026,0.06811946802745665,1941.3201050744647,-333.0663,113.383446,-26.66739,22.612423,-3.966752,6.412212,2.996088,5.2754064,-1.1556367,3.6017656,3.3442473,5.3790994,-0.2069187
2-91912-B-33.wav,door_wood_creaks,0.061032478,0.06892103955924855,2060.9546426273187,-286.16873,102.201294,-21.43632,23.55513,2.4522712,5.4343257,3.8676786,4.071489,-0.7227053,5.3525286,4.538716,-0.8176816,-2.6849036
2-92627-A-27.wav,brushing_teeth,0.015272575,0.1605118768063584,2635.361772465006,-353.84717,79.49303,-38.60922,-26.223661,-9.105991,0.52452487,19.431828,18.724644,-7.852451,26.479187,6.0198073,-2.815624,2.726977
2-92978-A-29.wav,drinking_sipping,0.110364184,0.07966040462427745,1572.8001033369226,-274.50204,72.57392,-2.9805532,2.5345998,-2.6577342,-0.48242453,-4.118946,1.1941323,-2.941237,0.37114015,-3.9511852,1.0060416,-4.6482725
2-93030-A-21.wav,sneezing,0.07997517,0.16108200867052022,2729.6704836931153,-461.30212,28.676186,-4.118615,3.5061514,-2.5156586,-1.0775956,-9.378347,-8.289525,-5.824369,-3.9177783,-5.2631207,-2.3218086,-6.7500014
2-94230-A-27.wav,brushing_teeth,0.0048310976,0.1311867774566474,4240.28023763668,-423.50778,18.176113,30.53481,17.323994,4.7102995,26.465916,9.92476,15.402939,-2.2868567,-3.0213382,-3.8005047,0.9942763,-1.0905097
2-94807-A-29.wav,drinking_sipping,0.07430834,0.11565491781069365,2251.0901405221125,-201.54744,118.98913,26.825071,5.9618917,2.3286626,-0.4173926,5.5984693,20.203873,-21.951424,-3.228095,2.6284218,2.60636,-4.209175
2-95035-A-1.wav,rooster,0.039360102,0.1818043262283237,2535.4468600165474,-494.87793,25.084606,-41.535614,-16.145697,10.89817,18.635479,-13.384122,3.894884,10.67254,29.227623,9.140254,2.1731443,7.6849346
2-95258-A-1.wav,rooster,0.10517881,0.09818686777456648,1579.4517974891883,-351.7161,43.529522,-41.923218,24.557606,5.373214,13.075829,8.526902,22.97429,19.466991,14.615423,-2.836186,3.3030212,9.708707
2-95258-B-1.wav,rooster,0.11924391,0.08749830653901734,1728.1149003546086,-310.94806,81.64732,-48.029736,15.326798,0.6802703,8.003364,7.7032337,21.696817,23.657063,19.618597,-9.2888155,4.452362,5.9799256
2-95567-A-23.wav,breathing,0.0113236215,0.13175408688583815,2427.7517879727475,-339.32697,79.37895,-23.34269,27.459513,3.2821736,21.86966,-4.45248,3.0497751,16.75767,13.783233,-0.48951513,4.950503,7.693852
2-96033-A-13.wav,crickets,0.07620858,0.12102601156069365,2579.017391074558,-287.4998,112.91594,72.30417,24.168339,2.4823613,69.79353,-31.182583,46.31691,-7.581403,9.856209,12.80092,-11.374545,15.986046
2-96063-A-37.wav,clock_alarm,0.024411416,0.21473367503612717,3283.1044764423937,-435.6134,38.441036,9.282731,39.021732,16.753988,22.463797,1.8080434,-0.8571836,27.476873,12.257821,-14.758921,18.063072,14.475201
2-96460-A-1.wav,rooster,0.09882586,0.04563877348265896,756.6071513160306,-385.25705,71.15244,-15.110408,11.308408,9.61776,-0.8823295,-1.3490813,11.406166,4.7229695,4.799127,-8.483785,3.363302,-0.21196921
2-96654-A-47.wav,airplane,0.029803572,0.1324850975433526,2586.486173705219,-207.83377,93.04218,6.745929,18.538658,-11.509928,16.720348,-13.927798,7.56541,-7.777948,0.46879044,-5.3906226,-2.5034041,-6.1188583
2-96904-A-27.wav,brushing_teeth,0.0063942494,0.33800634483381503,4480.57850679046,-363.72784,6.4888935,1.6345159,24.004278,-10.817762,14.250818,12.618282,15.084254,-9.35831,5.968109,-4.179595,-3.9264812,0.17622642
2-98392-A-23.wav,breathing,0.026159305,0.15350094833815028,2083.9606270361,-487.43036,6.476444,-92.45945,-25.717562,-35.4463,-15.578774,11.056447,6.9162087,4.678087,14.363651,4.828012,7.7541428,-9.2667265
2-98676-A-24.wav,coughing,0.0070829084,0.024907988619942197,684.4498549799988,-690.208,36.757904,5.345334,-1.7207999,2.863282,9.96487,-0.26657656,-0.0070077972,-3.386012,-0.25134808,-0.29461366,-0.54531765,-2.691732
2-98866-A-47.wav,airplane,0.1752343,0.09855942919075145,1886.2672687995946,-46.77447,134.6188,-45.36047,33.797092,-17.73647,14.76959,-10.991041,7.6996245,-7.033707,1.5528619,-4.4312468,-0.18239236,-5.0635424
2-99795-A-32.wav,keyboard_typing,0.029378634,0.25786894869942195,4179.627382605747,-229.16646,13.474333,-38.103527,7.2270494,-4.771455,-28.071453,-0.2764698,-4.9317513,-10.628967,6.137982,-8.767593,2.6725562,-5.560239
2-99796-A-32.wav,keyboard_typing,0.009665789,0.2807447841401734,5385.199647232136,-355.8425,12.907873,20.623781,-4.3610196,-1.3733522,3.9342837,0.92479205,-2.1852899,-3.1513731,1.7000059,-6.4349866,0.011679081,-0.60557723
2-99955-A-7.wav,insects,0.014945997,0.11030075867052024,1939.107018225074,-429.33173,119.91578,33.870342,5.9616847,-1.6754956,-2.7788994,-7.1818876,-0.12823565,-2.9680057,-0.18860966,-2.3021078,3.2302027,-2.915415
2-99955-B-7.wav,insects,0.025055477,0.21562556448699421,2957.9483125529,-464.28622,85.88109,20.169888,5.2277555,-0.68044275,-3.55961,-6.4308043,0.25083968,-2.1155,0.5565454,-0.3082242,4.388062,-1.9669764
2-99955-C-7.wav,insects,0.017044552,0.13756548049132947,2375.0102256967302,-440.19324,105.273506,24.37942,5.6626472,0.8612956,-5.052581,-12.352251,-3.455879,-4.229186,-1.6176883,0.15247244,8.262771,2.448891
3-100018-A-18.wav,toilet_flush,0.12829487,0.09498058164739884,2313.1751648219797,-184.81277,78.17776,13.196136,26.527573,9.296545,12.323045,-0.19093773,-8.090208,-10.790526,-4.9577274,-9.407127,2.5083637,-3.3961396
3-100024-A-27.wav,brushing_teeth,0.014426578,0.21804156882225434,3709.308495221985,-266.53613,41.94136,-6.087813,24.845179,10.186069,-6.9664645,0.51307917,0.015914124,-5.3014383,4.503366,1.2072759,8.669317,-1.8396481
3-100024-B-27.wav,brushing_teeth,0.018530808,0.3032141889450867,4293.320588482113,-254.48663,13.210893,-13.414097,6.766174,-13.963814,-7.461624,3.5983577,22.999271,17.84406,12.333178,5.989497,8.867213,-8.319121
3-101381-A-33.wav,door_wood_creaks,0.027855778,0.1826200099349711,2483.6219060417093,-547.5282,138.79834,-12.701466,-14.682052,-1.3447044,-3.3938525,-8.66025,-6.8120193,-8.933356,-6.9709263,0.83516294,-7.482443,-7.747163
3-101381-B-33.wav,door_wood_creaks,0.028827155,0.13472893334537572,1840.5586455930475,-509.6753,178.36343,-4.6980133,-21.519373,-5.538849,-0.16945794,-7.6583366,-13.505203,-13.682182,-5.1216764,1.8138837,-7.7023897,-6.2020764
3-102583-A-49.wav,hand_saw,0.02890414,0.1176729588150289,2371.9631378258205,-337.77228,99.69059,-4.5923514,8.553181,6.1933246,0.15996794,3.7776492,2.1681552,-2.7615876,4.229585,-1.3047336,0.15712443,-0.35076827
3-102583-B-49.wav,hand_saw,0.029149543,0.10576228323699421,2157.706865297794,-289.668,106.204605,-20.279743,5.055086,11.134546,-6.6914315,1.2783601,2.3366215,-8.117349,0.93042356,-4.372262,0.07737044,-0.56288207
3-102583-C-49.wav,hand_saw,0.037161514,0.11446949512283237,2229.233977334518,-253.39487,105.866875,-25.249912,-3.9966297,14.524035,-7.105676,1.7598491,6.6614738,-4.108669,4.0963984,-1.7038879,1.6603212,-2.0386803
3-102908-A-4.wav,frog,0.09624127,0.23700268695809248,3350.2705716695205,-158.22928,39.219135,-32.77427,58.597424,-22.482645,15.416919,2.6743693,13.343767,-2.583069,4.2831182,4.5722466,4.030365,0.7454998
3-103050-A-19.wav,thunderstorm,0.04366144,0.014244829299132948,560.8440440351035,-452.43607,151.62567,81.16715,46.736694,25.584639,20.053753,9.382263,6.42669,3.831898,1.4688939,0.13240603,2.4573174,0.011838527
3-103051-A-19.wav,thunderstorm,0.018821426,0.018139789559248554,1071.7449685133577,-455.16708,144.68774,57.69116,22.430027,4.920866,12.438847,7.581031,7.44723,3.6353607,5.9197483,2.6689565,4.5111947,-0.4698136
3-103051-B-19.wav,thunderstorm,0.028988885,0.01468230671965318,1555.4338788377172,-480.48416,107.505936,45.744404,35.543663,17.33918,16.006557,5.4673734,6.897234,5.7750316,5.5520196,-0.0164635,3.5612917,1.2184923
3-103051-C-19.wav,thunderstorm,0.03686235,0.025190232117052024,697.2257548953959,-389.85352,189.15367,47.5631,8.221399,3.8964846,12.777397,0.281528,1.4937983,4.5652018,4.6449757,-2.6162014,0.98522854,-0.19160667
3-103401-A-33.wav,door_wood_creaks,0.039355088,0.1573676842485549,2666.7869991554307,-273.2257,72.58771,-39.92593,12.165772,-2.591342,7.122665,-5.773352,-5.6077104,-8.512152,-2.765093,-9.934442,1.0026196,-4.262354
3-103401-B-33.wav,door_wood_creaks,0.04943182,0.1313448338150289,2320.5050083647566,-177.91357,88.2709,-75.11637,-14.314044,-17.516808,-2.4799333,-16.724468,-11.962384,-12.449733,-2.7265227,-9.377509,4.1070304,-10.525413
3-103401-C-33.wav,door_wood_creaks,0.05234933,0.1486435377528902,2664.505462991281,-145.73904,65.71315,-81.12052,-22.959015,-28.572424,-1.7122314,-15.94251,-6.1310873,-10.819432,-5.9840083,-2.097986,3.0000536,-13.451298
3-103401-D-33.wav,door_wood_creaks,0.054079287,0.16075742864884393,2955.3576543400013,-144.90422,45.131798,-74.95344,-27.40025,-13.682163,-9.502342,-16.50169,-13.246575,-15.074878,-8.236453,-10.304993,-0.40503493,-13.950602
3-103597-A-25.wav,footsteps,0.07627344,0.16589426029624277,3348.0692569181356,-145.58824,53.156036,0.27356124,19.356812,1.6190983,13.581458,1.5806403,11.418818,3.5724971,6.790886,0.086773604,7.89827,0.7030913
3-103598-A-25.wav,footsteps,0.032331653,0.11706895773121387,3272.6825328945583,-236.51422,41.629807,-8.610513,20.193102,4.0224967,13.893634,7.312023,12.095466,6.404973,8.958907,7.52886,9.228156,2.7641354
3-103599-A-25.wav,footsteps,0.044972297,0.04467350072254335,2224.818529494344,-256.73312,77.18512,-8.758494,13.506525,8.947287,16.586332,5.26554,11.20437,9.378395,9.762551,5.641329,9.038728,2.9403446
3-103599-B-25.wav,footsteps,0.047156256,0.07319420610549134,2664.066734048625,-216.91849,66.57519,-9.359713,11.270793,9.160321,17.283714,3.5540707,8.441048,6.5526576,10.164891,5.955269,8.711847,2.3222308
3-104632-A-12.wav,crackling_fire,0.005686071,0.11967406520953758,3152.1510849329306,-460.93063,63.87072,-12.597854,-2.432062,-14.799881,-17.370483,-20.282623,-13.089286,-10.5256405,6.527282,-5.0398316,2.3026803,-6.063706
3-104761-A-7.wav,insects,0.07946884,0.03772466582369942,2109.903077234078,-213.84113,87.912796,30.318737,24.461409,8.339747,22.775448,14.250361,2.2416725,15.463578,2.2764573,5.696786,12.203472,-0.30033955
3-104761-B-7.wav,insects,0.052438628,0.0843315345014451,2525.4477960027484,-197.9874,80.96533,27.135395,21.855085,-0.94029874,20.823719,17.508253,-2.9327548,16.95099,-2.1325464,-0.9252523,17.3141,-3.9507337
3-104958-A-12.wav,crackling_fire,0.0057964055,0.1899583408598266,4801.065592795316,-432.35864,33.265766,35.709194,9.091824,14.499956,7.674768,3.4363601,3.4642203,-0.45327932,8.417969,-5.1018815,3.5144491,-3.3943791
3-105235-A-7.wav,insects,0.037533805,0.1535263502528902,2799.443175077981,-258.113,67.70141,3.852508,42.0627,-15.755083,6.811235,-0.4887242,8.953328,-8.14808,5.17498,1.1325808,1.0704956,-2.801008
3-105236-A-7.wav,insects,0.024444245,0.10535585260115607,2754.8914750725517,-263.7955,67.75303,-1.6409861,30.999142,-6.620386,11.490585,4.822291,4.427712,-4.4647865,1.0372229,-1.8927513,0.27474892,-4.83522
3-107123-A-26.wav,laughing,0.05347999,0.09045339595375723,1726.3607462403436,-353.93137,64.71132,-45.775574,-12.456509,-5.930422,-8.195097,-6.6873217,2.1860325,-4.2565613,21.283249,1.4798717,-0.31149662,16.442165
3-107219-A-1.wav,rooster,0.063674435,0.0844783011199422,1290.200867794003,-471.89432,-7.822463,-31.333826,11.620954,-6.7057242,-12.723562,-9.541283,9.9318,15.754353,15.381697,3.9877415,-1.6868844,-0.05531527
3-108160-A-23.wav,breathing,0.020126944,0.13674132947976878,2445.8323195120583,-272.20117,86.75334,-30.35878,0.027290013,9.136262,8.72032,-1.916341,2.4259593,9.906889,21.680922,-8.2160845,-0.09617024,4.6210494
3-108451-A-17.wav,pouring_water,0.028424762,0.2532288656069364,3699.928231505754,-307.5995,8.273065,-40.11808,29.18957,-13.6159935,-0.8592744,-11.364781,11.391081,2.1534688,12.045583,8.474936,5.2179427,1.5664372
3-108451-B-17.wav,pouring_water,0.041835535,0.35491273031069365,4808.1850060076595,-244.13852,-41.24851,-33.810947,25.627308,-15.207825,-1.1136538,-17.171774,13.970205,1.8194044,17.515581,11.895116,5.4116073,1.777952
3-108677-A-18.wav,toilet_flush,0.033357166,0.14740448880057805,3015.3616913359915,-302.8649,57.802044,-0.57255495,9.9571085,3.097432,7.571604,-4.648666,4.8357716,-2.4581933,1.075462,-0.098572835,1.5941408,-5.496203
3-108791-A-18.wav,toilet_flush,0.08454352,0.1194680274566474,2584.84456729759,-218.3728,74.36853,6.6398416,27.275644,7.55009,7.5204606,-1.4477546,3.6735945,-12.053921,-5.9338393,-2.5584292,-0.884878,-3.6581016
3-110536-A-26.wav,laughing,0.026828088,0.019638502528901734,547.6894336036039,-557.73206,30.384117,-7.8092833,-1.245775,-0.19647966,3.9320657,4.6895175,1.4181876,3.151735,6.7887597,-2.3335972,-0.34840542,0.07136505
3-110913-A-7.wav,insects,0.061089654,0.05234205653901734,1838.2257229220936,-200.9342,101.50416,8.151512,18.610292,15.977484,16.124048,4.3863316,4.053075,-0.55089813,3.6260986,-1.4561265,1.5630085,-5.0344934
3-110913-B-7.wav,insects,0.053135976,0.04324817106213873,1709.850706262784,-226.43391,103.41919,12.882567,22.255484,18.632778,19.175486,4.622094,6.42536,1.518926,6.9780555,3.1570008,3.7274222,-3.716087
3-110913-C-7.wav,insects,0.06070378,0.052062635476878616,1922.7447679645027,-189.25343,100.47713,4.1444955,14.6003685,12.055918,14.573934,3.3209524,3.9577382,1.7582551,5.506984,2.7574413,3.8699446,-2.8796437
3-110913-D-7.wav,insects,0.07132821,0.07294865426300579,2075.3137126049332,-149.29898,97.05636,-10.522473,7.627749,12.905288,14.737705,0.38419655,1.3870606,-2.1276712,5.6198277,2.4479113,6.1135635,-1.6011552
3-111102-A-46.wav,church_bells,0.1095913,0.08913249638728324,1259.454654250853,-168.34338,192.19958,-67.79594,-6.4046245,-10.8568535,-6.364883,-0.8475077,-8.147676,-7.117973,-4.3081365,-8.156096,-3.9925125,-3.4233165
3-111102-B-46.wav,church_bells,0.14533977,0.086770118316474,1274.7185371857624,-131.62401,174.58519,-55.843773,-18.321835,-21.141726,0.30214995,-8.4151745,-5.9506335,-10.429876,-0.44473138,-7.980521,-4.537382,-3.9834294
3-112356-A-18.wav,toilet_flush,0.23769231,0.13508456015173412,2675.1794204273997,-32.91294,73.115204,-13.498055,14.277888,-5.579235,16.659693,1.7366744,0.23509277,-5.0032783,3.8710594,-8.556501,-8.76826,-12.570148
3-112397-A-9.wav,crow,0.07601095,0.04973412662572255,1059.0334143203322,-222.08391,161.79663,-35.77088,12.628215,26.268538,37.4751,5.5440216,4.0518646,4.8904805,11.149316,2.5611434,2.8805914,3.5920897
3-112522-A-27.wav,brushing_teeth,0.00991253,0.2693619039017341,3999.6662015773886,-281.288,23.106144,-15.119005,10.31899,-4.374787,16.523054,25.93196,16.676521,-4.668594,2.2587054,-4.351892,9.519484,10.34923
3-112557-A-23.wav,breathing,0.035854217,0.18851607658959538,2968.993980081684,-301.60364,58.312115,-30.832512,20.0661,0.65427035,4.4041877,-7.1542068,-10.127038,-2.0377994,13.500001,-2.6976035,-6.0042367,0.0777478
3-112557-B-23.wav,breathing,0.006822501,0.10946814035404624,1771.1970455534733,-614.62476,32.900223,-16.19852,12.069204,1.2625586,4.5410275,-4.481091,-0.47142762,-0.16326584,8.605183,-3.5076485,-2.5160282,-0.07639649
3-115382-A-44.wav,engine,0.3322873,0.024865652095375723,1238.3308004796663,-108.51165,114.23756,25.19295,64.48542,19.262255,18.314035,-23.076668,0.9649978,11.369224,1.9269211,-4.5894,8.829859,-5.223213
3-115387-A-47.wav,airplane,0.08612745,0.03546954028179191,745.2052587657826,-261.53293,232.30826,-41.13188,2.69336,2.4338233,-6.813022,13.621514,-12.559796,-7.948575,-7.4390917,-13.914107,-0.7321516,-9.620933
3-115387-B-47.wav,airplane,0.3953628,0.038032311235549135,958.5666001940165,-80.816284,212.24185,-61.185852,20.125593,5.8830457,-13.559926,0.47658905,-1.8101953,-12.925473,-12.539325,-18.3917,-5.6155605,-7.9625506
3-115387-C-47.wav,airplane,0.13309057,0.027518740968208093,672.0511189841279,-234.27303,229.86197,-37.8027,10.773487,23.690907,-5.837238,5.900946,-4.8187294,0.9377129,-2.521004,-18.555853,-9.130725,-9.741569
3-116135-A-1.wav,rooster,0.084476024,0.22259697886560695,2887.1307609615374,-477.18488,8.804906,-56.318924,-32.09017,22.615232,-7.0971074,-24.997005,-2.26283,36.89536,25.709019,-3.2005863,-24.95284,-1.5316207
3-117293-A-9.wav,crow,0.089981295,0.12763897669797689,2409.134508304282,-303.53476,83.32159,-6.6347494,14.487173,-0.09624715,27.71704,2.2406738,1.5407747,-2.2572236,11.493997,6.9546504,-1.4364738,-2.9723725
3-117504-A-16.wav,wind,0.04955803,0.06211614884393064,1471.4805953569385,-184.71187,142.16599,-17.484104,-2.7242017,-10.592398,2.4713955,-10.34601,4.4598827,-12.896809,10.556493,-0.9134915,5.7279468,1.9414288
3-117504-B-16.wav,wind,0.04039436,0.06284151463150289,1395.133051931118,-206.18031,149.60118,-18.693888,-2.2269988,-10.418375,0.71133363,-12.446632,0.63899964,-14.860933,9.077001,-1.713679,3.5195208,-0.3333183
3-117793-A-37.wav,clock_alarm,0.010768583,0.07051289288294797,1184.3964206978287,-693.46136,20.267456,-12.274358,4.3485494,-18.231047,-12.480992,4.710865,7.9096828,-0.39364713,2.1442554,5.278252,2.5262861,-1.3311722
3-117883-A-37.wav,clock_alarm,0.05970308,0.212058006683526,2852.260235393979,-309.76913,30.285608,-39.63384,19.480503,-12.778134,-10.899599,19.078472,32.617878,38.30629,40.489967,-0.28821787,-9.16261,-18.240227
3-118059-A-18.wav,toilet_flush,0.14584903,0.1290671287933526,2356.35545657467,-141.89485,69.13448,-1.8626927,14.645846,2.0588086,8.414516,4.3251815,7.438716,-1.6734241,-1.2337452,-3.226822,1.7696189,1.7492815
3-118069-A-27.wav,brushing_teeth,0.031116262,0.07605333273121387,3250.190705100295,-269.30533,38.165813,2.781481,14.233305,-0.78309447,20.911732,9.616391,8.702999,-0.7252607,10.844318,3.6513486,5.2060823,6.946427
3-118069-B-27.wav,brushing_teeth,0.017467545,0.12445244761560693,3789.2200955735034,-284.43106,34.77973,14.472753,7.9938006,-10.688649,18.14653,11.430872,17.825205,7.2925243,5.9310627,3.1697276,-0.90525824,4.1986184
3-118194-A-33.wav,door_wood_creaks,0.014655507,0.17356281611271676,2857.72294055869,-307.58206,54.886562,-40.470314,18.314577,-11.677261,6.7529874,-6.3867884,3.019348,3.02724,10.112477,1.0053811,6.7176676,-0.109295174
3-118487-A-26.wav,laughing,0.15531537,0.14162414197976878,2693.0000634380845,-254.51021,66.20426,-30.461565,-6.8003,-16.506578,-3.6747377,-20.051622,-5.907085,-9.084932,12.717653,-1.3667533,7.774505,10.094934
3-118656-A-41.wav,chainsaw,0.08886553,0.06925126445086706,2187.829453817023,-136.3183,89.642845,-21.203949,27.436089,1.8775098,25.079031,-5.648087,4.75363,12.124103,16.82196,12.716662,11.903958,2.9378705
3-118657-A-41.wav,chainsaw,0.08907346,0.1017262012283237,2191.153381673019,-153.21552,99.17729,-27.438963,15.864797,1.1496438,47.07504,-10.791248,7.4897156,14.081228,7.4725633,0.6595159,-2.6711423,-5.3403764
3-118657-B-41.wav,chainsaw,0.20236515,0.08094461253612717,2997.722480096067,-90.03253,50.062782,-4.120681,41.36694,6.0828257,49.51639,4.1379437,2.628691,7.9469748,-4.9246163,-5.7897005,-9.569583,-9.296068
3-118658-A-41.wav,chainsaw,0.11825381,0.10022184338872832,2211.4559173751927,-124.25381,88.29675,-31.419687,27.01234,8.235987,26.522215,2.4519124,7.953084,7.1091027,-1.3626732,-7.0433803,5.3167577,14.108507
3-118658-B-41.wav,chainsaw,0.26693118,0.06370235729768786,2702.746372640077,-25.968748,65.21745,-23.111141,6.818545,1.8358625,19.119219,8.061525,12.453311,-0.524393,2.8323152,-5.7669873,3.1108603,11.100727
3-118972-A-41.wav,chainsaw,0.21977466,0.22191112716763006,3563.304330279502,-20.085016,47.720753,-12.577948,9.663229,-15.38614,-8.574118,-17.430788,0.19691935,-16.550175,0.16273728,-2.250482,0.542547,-5.968132
3-118972-B-41.wav,chainsaw,0.32690367,0.26276305093930635,3833.6934390371016,49.406708,35.23923,-18.025377,6.7001657,-19.959307,-6.518744,-14.254591,-1.2073057,-14.409984,-0.2784272,-6.957205,-0.19753763,-8.047264
3-119120-A-48.wav,fireworks,0.028324667,0.019071193099710983,699.8655534075859,-498.65643,126.214935,35.609673,26.607899,16.736053,10.18104,7.4683003,10.907513,11.091227,9.327286,5.1781,4.4255314,1.8726609
3-119120-B-48.wav,fireworks,0.012957657,0.03022545610549133,1100.1892298649846,-549.53296,97.69682,22.987438,23.475725,9.966914,5.459814,2.7248797,3.6546044,6.9029293,7.3710294,5.2706137,3.9103143,1.8295509
3-119120-C-48.wav,fireworks,0.05501995,0.017747471098265896,700.9659331696395,-431.527,99.83314,40.808643,29.709486,16.99524,10.370251,6.8627844,10.122863,10.6112995,8.233701,5.0997944,5.914991,5.457305
3-119120-D-48.wav,fireworks,0.028050141,0.11037696441473989,1689.6074695279863,-416.67422,109.732796,-18.830639,12.934958,11.585444,13.818665,-14.242797,-5.245199,12.287,7.1104307,2.2283173,-4.2724133,2.9475088
3-119120-E-48.wav,fireworks,0.051232446,0.05333837608381503,1085.3039174629653,-295.4082,164.91212,-9.338019,19.421124,-4.3971424,5.761276,-7.274982,-1.5870465,-1.8876262,2.6997569,-0.45353845,1.7815604,-1.1559942
3-119455-A-44.wav,engine,0.08889658,0.126320899566474,2812.1825953108746,-97.483696,76.32841,16.641562,14.7198,-18.678333,9.976315,2.987402,14.6285925,-3.483421,5.956527,6.3525996,12.138731,9.244321
3-119459-A-26.wav,laughing,0.024832262,0.08644271585982659,1891.0334792524843,-394.26038,95.27163,-45.19419,-9.908402,-7.2637134,1.2218993,25.750454,15.990758,-13.526629,4.794064,11.567794,7.4870896,1.1540371
3-120526-A-37.wav,clock_alarm,0.04241034,0.17915123735549132,3488.017830501347,-524.7037,25.403393,5.2388415,35.634453,20.234829,13.2103615,7.133957,14.640842,15.739008,4.779105,-25.589489,8.6702175,8.298223
3-120526-B-37.wav,clock_alarm,0.18145344,0.2026480084898844,3197.2524878140052,-416.02475,19.532255,-26.76986,36.269894,14.174078,12.333585,7.4739094,8.707583,19.137411,4.470981,-30.305298,14.50177,14.145097
3-120644-A-12.wav,crackling_fire,0.021109717,0.04415981755780347,2261.603941890121,-387.69693,53.652946,44.27249,37.468834,27.24676,24.168482,17.956343,19.343557,14.169513,15.702651,8.024434,9.921387,3.5127056
3-121348-A-9.wav,crow,0.012452861,0.08389405708092486,1342.2650190328839,-593.28015,24.16991,-39.397366,-6.3540936,3.4265304,9.502555,-10.875457,-0.66575086,-6.2184033,8.143988,-1.6087999,-7.6618156,1.6275778
3-122110-A-46.wav,church_bells,0.14335662,0.056694251264450865,951.8182256589724,-187.44435,214.59569,-65.69478,23.721256,8.974179,10.821745,0.9629379,-12.603886,-13.886616,-15.022007,-16.322294,-12.361963,-5.5663986
3-123086-A-28.wav,snoring,0.01637726,0.16687929010115607,3057.9829909070813,-342.88177,53.72489,23.109768,18.245533,17.839626,23.779425,5.5155063,14.005895,-2.504491,19.43523,18.20878,9.361588,-1.9160925
3-123224-A-19.wav,thunderstorm,0.07857732,0.059807397037572256,1288.5487061107233,-242.4797,163.51207,5.574291,8.542224,-8.904312,15.391351,-2.3700483,3.5539818,-1.8195356,2.9914248,1.6585436,1.133304,-1.8048713
3-124376-A-3.wav,cow,0.07923303,0.07936404895231214,1632.3587856856077,-194.81734,128.6962,-32.58158,15.105015,-11.483055,8.001647,-12.21712,-1.2731216,-8.549987,-7.069484,-16.516283,-6.350261,-2.9070349
3-124376-B-3.wav,cow,0.18366404,0.07866408507947976,1635.074249290666,-147.61447,128.6628,-30.339945,14.235079,-8.272859,8.274226,-15.008147,-4.294943,-14.655164,-13.962087,-9.359946,-3.917657,-6.806835
3-124600-A-19.wav,thunderstorm,0.09982142,0.034126061235549135,974.9700894700064,-338.98822,138.74388,23.045412,36.455513,17.676405,14.744291,13.359368,12.033071,10.467236,7.3531814,7.047905,6.2609625,4.60052
3-124795-A-28.wav,snoring,0.005064373,0.02809169526734104,1079.367193154475,-614.47406,75.9628,-19.518698,31.670898,12.746011,21.992527,14.263548,2.4118798,18.677753,-13.316522,-2.4577372,-11.559262,-5.3675027
3-124925-A-9.wav,crow,0.028608892,0.037961750361271675,584.5762666353525,-588.0718,16.933477,-18.330313,1.0448183,8.907392,1.2271231,-2.9103024,7.6886005,-1.0746611,4.1730227,0.19133359,-1.7378,3.262056
3-124958-A-28.wav,snoring,0.05056596,0.061839550216763,2399.8180530844606,-266.00143,76.47098,18.986229,24.993654,7.3231587,18.868498,5.3340907,15.088511,8.109022,8.888638,0.3961664,9.677672,2.4611738
3-125418-A-24.wav,coughing,0.0230267,0.050061529082369945,1150.2109008077828,-435.56525,110.18623,7.410416,5.5836077,-2.512765,-3.84407,-1.1478205,13.979892,-3.7082522,4.823862,-9.556046,4.9034953,0.91673976
3-125548-A-32.wav,keyboard_typing,0.005898233,0.15871398572976878,2958.720675002958,-380.84067,58.776352,-56.299957,-0.20409587,-7.8427,11.133627,-10.980979,11.245325,13.2295885,7.25651,-10.282028,14.28876,-1.2545033
3-126113-A-26.wav,laughing,0.06827541,0.06474383580202313,961.601130967491,-308.47495,197.73866,-32.45606,-7.093916,-16.516876,-48.34033,-26.476597,6.275922,-0.9798549,-17.277594,3.8836458,-12.284794,-19.030054
3-126358-A-3.wav,cow,0.16630502,0.08097565932080925,1478.3661718497374,-112.296196,142.71207,-53.383568,-8.170155,-1.0063149,7.281497,9.767077,6.8128695,0.14490046,2.0060894,-1.0363729,-0.34366328,-1.7393953
3-126358-B-3.wav,cow,0.09228717,0.04472148211705202,1018.4517121266697,-238.2421,168.78305,-19.01787,-1.7620246,8.841797,6.010935,11.055257,14.951905,9.241124,-0.4795548,-1.3822925,0.43689266,-4.2024107
3-126391-A-27.wav,brushing_teeth,0.020664686,0.24158632135115607,3583.429667422171,-232.12477,37.929108,-25.59392,3.733375,-7.280471,-3.1474254,20.53256,19.226482,-11.532765,8.3107605,0.43204343,-10.448612,3.765499
3-126391-B-27.wav,brushing_teeth,0.019806575,0.15534964324421965,2848.9816118666417,-254.53624,69.66077,-27.414808,-6.373448,-5.0115614,-5.1426535,7.3084483,16.423134,-0.14523192,11.188562,0.2779211,-4.342959,-0.26120365
3-127874-A-17.wav,pouring_water,0.02226008,0.2262266302384393,3824.6770132345287,-348.9676,24.136612,-7.365339,-24.448896,-5.0166497,-7.5743804,-16.68179,-5.2672625,-2.9837255,0.36257532,1.3083074,9.249204,-5.571123
3-127890-A-9.wav,crow,0.16482565,0.15107083182803469,2110.838416592701,-104.214554,91.13253,-87.31193,6.983141,30.432335,37.22691,-10.729235,25.119474,0.6813545,15.3978195,2.4891202,-0.7680578,6.9457297
3-127890-B-9.wav,crow,0.124056734,0.15164378612716764,2102.6625285694245,-99.701225,101.46019,-85.893105,2.1543438,20.618961,36.790356,-11.220782,26.674212,-3.3429308,16.762253,6.8465514,-4.847218,3.6462014
3-127890-C-9.wav,crow,0.096623674,0.13960610097543352,2036.832999599512,-137.87216,108.51523,-79.28354,1.0442803,22.21931,37.15645,-13.411519,23.581799,-2.2512777,15.124393,12.618651,-4.436976,-0.46461302
3-128160-A-44.wav,engine,0.01869205,0.16024374548410406,2767.6067158305113,-211.26195,78.09253,-34.90057,9.080328,-11.547758,26.476309,-1.7421056,19.857939,-7.035322,-2.949591,-1.8415704,12.140924,-7.049366
3-128512-A-47.wav,airplane,0.03799787,0.024416884934971097,1060.4830825404888,-295.68674,141.35202,38.627865,21.681236,4.3398633,18.838806,6.3990865,11.536377,-0.47431007,9.032317,-1.2893027,3.819977,-1.4307663
3-128512-B-47.wav,airplane,0.19284815,0.013683164739884393,650.4059771451798,-201.49632,179.27505,-4.652228,8.219546,20.74187,20.67456,3.1997888,10.117929,0.72082436,9.979678,5.7052045,6.8880734,3.9889622
3-129264-A-9.wav,crow,0.074243136,0.10686021044075145,1587.5468737103417,-156.06876,142.48291,-56.646576,8.531617,-0.905592,-4.4691753,-20.402996,7.3885493,-12.326749,-14.995618,-15.943359,-12.253412,-14.352401
3-129338-A-13.wav,crickets,0.0099305445,0.3022714956647399,4141.513577928767,-278.44925,31.429947,0.7116076,24.865915,-23.282785,13.305785,7.1800785,-8.40563,-0.6543709,4.1602335,-21.788828,9.926681,-11.566012
3-129678-A-13.wav,crickets,0.03926416,0.40889462156791906,4559.408601905288,-251.21895,31.029627,29.461061,74.73701,-58.886696,48.285835,7.857297,23.461575,-36.810623,46.81625,-23.43293,-10.783164,29.243052
3-130330-A-22.wav,clapping,0.31866777,0.31972261109104044,4157.396663592032,-112.07817,18.399733,-30.758282,-2.5161822,-22.038715,0.5281005,-12.243582,6.33382,-1.7537341,-7.3985114,-9.700593,-1.2730094,-7.2724714
3-130998-A-28.wav,snoring,0.07359793,0.07286680364884393,2668.8771044387754,-237.74721,68.87992,32.97407,22.986341,17.11198,17.96313,1.3614107,9.062873,7.801758,7.293956,9.291331,10.092401,5.108304
3-130998-B-28.wav,snoring,0.2152858,0.04332155437138728,1989.2456869095574,-194.71808,83.738045,23.65383,32.87893,21.624529,18.285162,5.9643316,10.38128,1.5521554,7.7070622,10.247188,9.890165,0.055221055
3-131943-A-37.wav,clock_alarm,0.6659061,0.7223909411127167,6694.915673516133,-36.56355,-21.361738,6.9800425,-6.566421,6.452809,-8.091861,-13.081019,-15.6634445,-3.2671406,13.879936,-31.386606,8.101892,-16.544538
3-132340-A-37.wav,clock_alarm,0.20430782,0.36694477059248554,5167.76825986678,-39.840652,-14.360478,-5.659611,0.01626415,4.5884595,8.809652,-11.765844,0.058071513,-20.40576,12.9355,3.7462947,11.996943,3.5919452
3-132601-A-24.wav,coughing,0.022858234,0.02973152998554913,793.8567086096383,-586.91394,24.762362,6.3292603,6.8666754,4.767226,4.541788,3.3230171,-0.30358914,-3.6617188,3.2216766,1.1656214,0.048816923,-0.8308318
3-132747-A-26.wav,laughing,0.19577035,0.12120382496387283,2512.25176927793,-261.75864,37.676785,-82.717804,-3.6580796,-10.02272,14.734446,17.1645,-0.7893783,-13.5994425,3.168239,9.399052,-0.5947929,9.824359
3-132830-A-32.wav,keyboard_typing,0.0026995423,0.1157254786849711,2664.023529437261,-475.38773,79.81443,-43.98534,31.179247,-21.781197,19.1278,5.8035936,8.412201,7.500263,5.3152385,-0.74688286,8.357672,4.358731
3-132852-A-10.wav,rain,0.19460604,0.019014744400289017,1079.261965697448,-149.3621,139.8109,-30.134342,30.56123,9.837429,7.610543,4.3826847,9.32689,5.9862103,13.606468,5.1404734,6.5667324,3.7007005
3-133977-A-29.wav,drinking_sipping,0.0074336254,0.03424460350433526,640.6440677663566,-678.43005,23.327194,-1.7596409,1.3627039,-2.3162446,-1.0542839,-1.4896148,0.07054508,-2.9721048,-1.2779251,-2.7187402,-0.37493375,-1.5009372
3-134049-A-1.wav,rooster,0.14653899,0.1381779488800578,1902.7888138255823,-324.89932,53.97203,-75.929634,-32.02009,-22.506187,19.656612,2.9467816,0.284973,-7.7018332,9.220943,28.341497,25.088245,5.987081
3-134699-A-16.wav,wind,0.07605329,0.031746748554913294,1227.7068128524306,-246.1133,134.24945,28.23967,27.237265,5.8092175,11.667539,3.559534,5.3494754,5.906557,2.2826545,2.4128585,9.085928,-1.2830951
3-134699-B-16.wav,wind,0.22428115,0.020792878432080924,1091.984620092088,-177.34616,133.2771,27.29114,26.435242,7.631678,9.278007,3.8677375,7.741173,4.9061766,5.600592,3.9127896,7.696492,1.2545516
3-134699-C-16.wav,wind,0.21057886,0.04864748916184971,1427.3108098255916,-144.22208,122.20225,29.271938,35.868084,-0.35058135,18.453701,1.0212297,4.045891,10.728968,-0.96093506,2.5091877,9.392775,-5.1892977
3-134802-A-13.wav,crickets,0.031219864,0.3771140037933526,4483.991686412952,-410.73434,-16.752031,19.900295,48.834965,-61.65478,24.775633,2.4355092,-39.264732,13.896253,-2.9183035,-32.802567,17.537209,-20.26579
3-135469-A-35.wav,washing_machine,0.15847552,0.02019734465317919,929.577995025975,-171.73436,153.31061,8.139358,34.770226,18.4882,13.392607,9.79241,12.517019,5.269745,4.3756166,2.1309044,0.9232948,-4.588811
3-135650-A-45.wav,train,0.04580049,0.058734871748554913,1672.4112765537966,-201.21301,127.57885,-2.5893564,14.711808,-5.562543,-1.2686801,-6.4635096,4.4587646,-4.477629,-1.3895465,-6.686063,0.51718014,-6.688919
3-135650-B-45.wav,train,0.034707583,0.09872595285404624,2338.9866991359136,-219.27406,105.044586,28.105993,13.032777,2.8959036,-0.15117438,-8.538408,2.4166005,-6.246929,0.6116705,-7.927118,-0.6662665,-7.4592443
3-136288-A-0.wav,dog,0.05917313,0.07591503341763006,1361.718913351048,-238.49129,146.8496,-20.592445,1.1216476,-9.758039,5.2682753,12.936007,24.257088,7.9016294,0.570371,2.4925618,17.40578,2.0055592
3-136451-A-45.wav,train,0.25035957,0.06696791455924855,1549.1803528054536,-15.640697,137.68323,-14.145544,13.69426,-13.83217,-5.1132836,-8.905291,0.31740963,-2.6520166,-3.0785272,-8.698136,-8.712569,-11.028671
3-136608-A-16.wav,wind,0.115748905,0.08405211343930635,1804.4869591546922,-67.50231,127.88943,-5.3285084,1.6155958,-15.603233,-1.3114833,-3.8760264,-1.542484,-3.5769749,4.61855,-2.5238237,6.726233,-1.448248
3-137152-A-1.wav,rooster,0.14407785,0.0737389360549133,1138.104660489177,-335.78876,62.187233,-20.206282,-16.52025,-12.766727,2.1716383,-15.500401,-5.391924,-7.236983,6.2884054,4.033975,-6.571679,-11.389438
3-138114-A-22.wav,clapping,0.14167601,0.18183537301300579,3029.3747192802716,-30.380943,38.901554,-74.86611,-31.767717,-22.683178,-21.68912,-26.822454,-13.165768,-15.819218,-16.661282,-12.905211,-4.0729375,-10.471706
3-138212-A-45.wav,train,0.124551825,0.060645660223988436,1438.1607294162002,-108.607704,142.39606,-10.09885,29.152807,-4.258742,4.496177,-1.3970101,8.612651,2.3161855,2.3328753,-4.7814827,2.3283448,-5.5200095
3-139109-A-46.wav,church_bells,0.29376158,0.049861136199421965,1000.5739399686835,-83.914085,194.28249,-37.832466,15.947571,7.864818,-3.7680159,-4.3656373,1.4828359,-3.3989308,-2.4359295,-11.92627,-6.079837,-8.754932
3-139331-A-27.wav,brushing_teeth,0.03444618,0.22130430364884393,3506.916181544351,-209.07428,21.572561,-46.27073,-18.147379,-47.40957,-16.884626,-3.3654158,12.185987,-3.0127702,-3.7493677,-16.905691,-9.962662,-9.394866
3-139958-A-37.wav,clock_alarm,0.2009865,0.43432758309248554,3964.348012082295,-250.78752,39.82014,25.757029,9.948862,-0.37279955,8.4768505,9.223388,9.009347,12.287583,2.0531645,-1.7229397,12.006356,3.884344
3-140199-A-8.wav,sheep,0.044442084,0.11854226878612717,1917.771334995095,-173.08566,122.895004,-52.553955,30.709969,-3.8446841,5.1203628,-14.1981,11.512604,6.0028057,8.874451,6.4222894,6.2078333,-2.8165195
3-140199-B-8.wav,sheep,0.036979564,0.11142126535404624,1766.5935309185745,-199.57869,135.12819,-53.833046,32.25919,-6.2888227,-1.5462079,-4.542116,12.887903,-0.5734683,8.819021,4.379109,6.161273,-3.4358037
3-140199-C-8.wav,sheep,0.07851646,0.13955247471098267,2017.8539153720353,-168.47052,112.07819,-70.211716,20.222767,-3.7083378,-0.76951945,-16.064287,13.547771,2.2560482,16.409224,3.4320605,-0.21826851,-5.205902
3-140199-D-8.wav,sheep,0.036479298,0.09557611542630058,1608.1499510573901,-216.00781,141.41226,-48.706585,36.131187,-1.8258351,1.4791973,-1.7351917,16.579494,7.48839,15.249949,0.6044135,6.4021354,-1.0911121
3-140323-A-29.wav,drinking_sipping,0.014510186,0.2154816203034682,3030.399817714054,-568.7145,76.670204,3.8249624,6.8347974,-2.0826852,-0.9400322,-3.3200119,-0.6565889,-4.7822056,-1.3147174,-2.551373,-1.2842573,-2.769446
3-140774-A-10.wav,rain,0.09841856,0.056945447976878616,1229.9779250134382,-127.47044,165.19566,-24.30867,30.412033,-9.269984,14.283701,-12.149925,-3.0303278,-11.227446,1.57568,-3.637388,4.4474525,-4.546731
3-141240-A-44.wav,engine,0.049540784,0.08607015444364162,2663.8403459222823,-285.26364,68.669464,24.45339,27.14395,15.077337,13.735168,5.3102303,21.473738,7.3837357,23.08543,0.68481624,6.5406938,0.26551247
3-141240-B-44.wav,engine,0.021033065,0.06877145050578035,2628.0741062394595,-303.97903,69.7023,20.671356,27.30103,15.386692,13.930427,6.2795043,21.47166,8.129891,24.310987,1.3866694,8.341299,-0.34501868
3-141559-A-45.wav,train,0.13762853,0.05233076679913295,1519.4461678993146,-103.22856,127.961266,-3.5911095,33.03068,2.4689,7.539809,-1.7179608,9.680574,-5.282416,-8.148786,-13.580981,-8.301234,-5.595392
3-141684-A-21.wav,sneezing,0.039544284,0.2522748825867052,3662.128249609118,-517.9836,28.203213,0.68092346,1.9515649,-1.220014,0.7471012,-5.810165,-3.498111,-0.7394739,-3.6586018,-3.5885825,-1.7416643,-4.9302373
3-142005-A-10.wav,rain,0.09911097,0.17679450415462428,3233.0276868013143,-55.060062,70.15729,6.6149993,-2.7302513,-14.960469,9.90821,-5.316471,4.594194,-5.1594357,0.6167653,-2.8427942,1.1242094,-1.034191
3-142006-A-10.wav,rain,0.095904395,0.18206116781069365,3152.307066759245,-34.887287,75.242195,-1.1422585,-12.138522,-19.197296,7.8112497,-8.277885,3.420178,-6.336117,-1.0153,-3.585006,0.11988346,-0.17173341
3-142349-A-17.wav,pouring_water,0.014737756,0.19504719111271676,3410.2191174581203,-303.95752,48.419437,-24.973904,-0.1301947,2.152947,17.938414,11.581463,12.619361,-2.960567,8.139749,-6.0043817,-1.7736735,-5.8235645
3-142593-A-38.wav,clock_tick,0.032404467,0.23791715588872833,3580.312932507968,-275.93857,16.274174,-49.998886,24.105682,14.774976,-7.5859623,-2.6714237,3.4132578,-5.88183,-4.038298,-3.6476648,-5.630446,-10.441027
3-142601-A-21.wav,sneezing,0.032495454,0.03786296513728324,1627.9498591889585,-604.2008,20.258032,10.139101,11.723929,8.5560665,8.399966,6.281218,6.3468366,3.6880002,5.833309,3.6343224,4.3300176,3.263235
3-142604-A-24.wav,coughing,0.043954175,0.07249706466763006,2247.122603442783,-418.02887,70.72475,2.3297827,15.208955,10.988289,12.241431,1.2739303,-3.8662815,-8.819259,3.97576,-2.871632,1.5467304,3.6792595
3-142605-A-21.wav,sneezing,0.03368011,0.0434598536849711,2582.7457166177537,-487.77167,40.186527,21.665596,23.117094,15.002782,15.875753,8.2611265,11.103102,7.3774104,13.067597,6.383261,10.115385,6.203089
3-143119-A-21.wav,sneezing,0.123991564,0.0960502845014451,2143.472079951154,-421.84857,27.92717,2.531927,9.58865,8.235125,3.9930763,-3.7780092,-1.4175324,-0.44301918,0.7835083,3.590752,0.63686985,-1.5708696
3-143560-A-47.wav,airplane,0.17159037,0.07760567196531792,1266.839431509054,-155.48067,174.83624,-60.957104,15.504492,-2.048203,-5.321071,-13.206043,-10.722923,-12.571456,-10.919021,-9.602945,-10.111301,-5.7472267
3-143562-A-47.wav,airplane,0.10482831,0.08394768334537572,1526.5191739622344,-132.62364,157.02734,-57.938934,33.863163,-8.271491,5.0807433,-9.326246,4.851863,-6.5224805,5.3550434,-9.909649,-3.0300117,-12.1228
3-143929-A-10.wav,rain,0.18578392,0.029353323699421965,1465.2216062391517,-130.99498,102.80502,30.26586,53.044968,11.517045,22.389042,10.76369,14.63901,2.3294077,5.3662624,2.609081,7.67972,0.0728055
3-143933-A-38.wav,clock_tick,0.008301082,0.05271744039017341,2160.924192457634,-474.6905,74.56652,21.386112,27.557,13.304244,13.523011,12.838424,11.520308,4.9820204,9.995628,7.181347,8.995014,0.85449165
3-144028-A-0.wav,dog,0.32852563,0.0854576860549133,1648.5775603274492,-111.13462,124.16625,-50.08888,-28.056477,-16.313019,-18.613855,-16.752697,-6.603074,-4.7488356,1.150203,-2.581847,5.888935,4.7256007
3-144106-A-32.wav,keyboard_typing,0.06602745,0.23586524566473988,3760.886091163278,-175.67912,31.423445,-20.116335,21.694494,2.9898815,2.3039718,1.974444,-2.6875033,-6.5594335,-4.0553055,-6.7167583,-2.4877737,-8.368276
3-144120-A-32.wav,keyboard_typing,0.010512893,0.0717688764450867,2098.193591190262,-403.4851,103.074554,2.1678138,19.472052,8.954651,2.7878964,6.694786,10.19798,0.87585413,10.917446,3.6046746,5.9598126,1.7422514
3-144128-A-23.wav,breathing,0.049772885,0.16377178919797689,2700.0943765801335,-225.6483,78.61772,-30.832544,5.9438434,-6.81866,5.9386563,-23.772388,-10.011408,4.6295843,12.871201,-9.687565,4.614152,0.18261895
3-144128-B-23.wav,breathing,0.028452614,0.17147703666907516,2718.707882906856,-241.89407,78.41425,-33.903225,6.460296,-4.910786,5.118691,-23.678623,-10.51239,5.102256,14.295472,-11.022781,4.6525984,0.085714266
3-144253-A-29.wav,drinking_sipping,0.04472847,0.24549539378612717,3170.6081322495843,-421.3445,55.86695,-13.830393,18.747204,4.148934,3.1795442,-4.9036436,-4.4944425,-6.0745997,1.1868396,-0.83200663,2.7431798,-4.773638
3-144259-A-29.wav,drinking_sipping,0.016207926,0.263584379515896,3382.5682394948935,-528.6511,62.098354,-2.6374197,8.198554,12.560012,3.48233,-0.62149817,1.9723202,-7.282496,-0.77731895,-5.8125396,-0.0617349,0.7337768
3-144510-A-30.wav,door_wood_knock,0.15817201,0.015289130238439306,558.3564783288034,-403.16257,42.100243,10.199718,8.257503,6.382652,6.6053967,2.3240428,0.66117066,1.5599594,3.4496071,2.133082,1.4770213,0.8283873
3-144692-A-21.wav,sneezing,0.1822685,0.19065548229768786,3098.788066615703,-265.67,38.21766,-13.418889,21.060131,0.030209051,4.5249815,-6.0031204,-5.866616,-10.88468,-3.2199333,2.3225784,-2.2882233,-6.818775
3-144827-A-11.wav,sea_waves,0.14961581,0.12780267792630057,2300.3208980560426,-20.654793,96.0907,-36.44197,-13.302173,-25.027634,0.5415578,-20.096064,-10.070232,-17.790579,-2.7629654,-5.4005623,-3.94405,-2.5330436
3-144827-B-11.wav,sea_waves,0.1356226,0.10463895411849711,2129.1924227191157,-58.037086,106.477486,-20.297363,-22.120195,-30.16028,2.6346073,-20.438713,-12.190438,-19.467495,-5.4661307,-9.814735,-8.508424,-7.589295
3-144891-A-19.wav,thunderstorm,0.084965326,0.040118090679190754,973.0319463310294,-241.49905,185.06345,8.5737505,2.2646365,12.636257,0.6557608,-3.0106103,-1.0552132,-5.8058286,-0.23253134,-7.181861,-3.0454211,-3.6458895
3-144891-B-19.wav,thunderstorm,0.14521725,0.0711479407514451,1326.8391919217897,-195.9374,176.19553,-34.419155,9.21424,11.636931,-0.70066375,-4.32686,-1.6628319,-3.9980261,-0.25999683,-6.269899,-4.115746,-2.8693905
3-145382-A-1.wav,rooster,0.13316108,0.07399860007225434,1146.272583707965,-384.74445,51.22699,-12.088228,-14.884149,-5.4954224,21.345749,6.949491,0.16994154,0.7377628,19.366838,21.069471,14.9351225,-12.9597435
3-145387-A-29.wav,drinking_sipping,0.057169355,0.009982952492774566,1840.2146841243375,-431.34204,92.06247,24.16435,19.149399,13.36624,5.753488,5.4014826,3.570428,3.1771467,2.8687057,3.28761,4.8990827,3.8896732
3-145487-A-24.wav,coughing,0.08789584,0.009949083273121388,300.7227858837263,-483.12314,26.355745,1.6010294,1.2681628,3.529243,-0.6770014,2.6650603,4.6661553,-4.52547,-1.0452135,0.9334312,1.6273578,0.80335027
3-145577-A-43.wav,car_horn,0.119125925,0.021585982658959536,590.719893291378,-443.0279,14.923089,8.704393,8.002851,5.6811256,1.3701614,4.1259413,5.365804,0.4225874,0.15547137,2.7473085,0.8329642,-0.86887956
3-145719-A-17.wav,pouring_water,0.0063551627,0.27045136380057805,4478.999429504135,-462.52493,11.20641,-15.795287,-7.820564,7.177964,4.745164,6.3725805,13.7268505,7.0466127,13.218682,7.1825905,3.0056527,0.26737615
3-145774-A-12.wav,crackling_fire,0.013161541,0.05839335711705202,2606.2833054210582,-406.60126,65.02219,58.427567,42.381287,19.358429,15.685874,13.316025,6.5473533,8.233867,5.51167,5.5099645,9.3600025,5.066867
3-146033-A-13.wav,crickets,0.011690451,0.0805579389450867,1656.29712225588,-433.72296,132.90454,23.699896,25.352516,-18.610445,33.31111,15.690209,-14.943797,30.842873,9.804052,-2.101034,33.91477,-7.95479
3-146186-A-44.wav,engine,0.22170544,0.025020886018786128,1757.252440307516,-140.12788,82.5591,29.876724,22.940649,14.424188,30.330297,17.076578,40.27876,9.935599,10.582023,21.10564,16.773306,-6.5154076
3-146697-A-43.wav,car_horn,0.050807014,0.016322141437861273,906.1419596573579,-314.7023,148.93199,20.86657,10.202206,11.305616,19.035408,11.446437,13.4636755,9.336518,10.492938,0.04123928,3.9985218,1.1646086
3-146873-A-24.wav,coughing,0.04292185,0.0320685061416185,864.8368115439364,-512.3876,35.032112,2.3702924,2.050416,1.2843355,5.7377877,-0.2752316,-4.721195,-10.287054,-5.29679,-3.481769,-3.7234664,-4.797477
3-146964-A-5.wav,cat,0.016330225,0.06257056087427745,1162.8150684998157,-445.32794,154.93669,22.938425,-5.30004,-50.58356,-2.7827191,-0.36904043,0.39058656,-6.504762,14.553414,-12.655538,-1.32621,0.045184538
3-146965-A-5.wav,cat,0.017510556,0.060363416726878616,1215.3690782440083,-454.76273,139.13293,22.130125,-9.455514,-38.491722,2.2780442,-3.8736897,7.6698766,-6.3082647,7.3146195,-11.86465,-2.4754832,0.6139116
3-146972-A-5.wav,cat,0.055453405,0.1058159095014451,1803.9534743842803,-288.08658,110.49485,-39.515163,-7.619108,-25.500978,6.6087766,10.058667,4.861299,-19.469313,20.595808,0.75376475,-0.99260646,3.5445316
3-147342-A-34.wav,can_opening,0.048549633,0.13728888186416185,1609.5116398577081,-581.9179,-11.857549,-7.667095,-3.7776167,-4.743391,-1.1316621,1.3532184,1.3478898,0.021563819,0.38283235,-1.3240496,0.6200503,-0.11154492
3-147343-A-34.wav,can_opening,0.03737147,0.10718196802745665,1380.6854207454453,-644.94696,-13.057581,-7.606895,-1.1800987,-5.6430073,-0.87180966,-1.3997937,-2.4440763,2.6480742,2.836258,-1.2634083,-0.33797884,-2.2493634
3-147965-A-12.wav,crackling_fire,0.025177658,0.14018187770953758,3719.946132968044,-245.53116,35.58063,22.404247,29.788837,6.119226,22.47451,8.747232,19.821846,8.112775,11.184398,2.4760015,-0.73101866,-13.980124
3-148297-A-37.wav,clock_alarm,0.37339824,0.502325686416185,4975.359950024177,-395.0209,-9.252112,-15.070409,24.100773,-17.640202,3.107321,8.66182,-11.067765,4.3429227,5.174332,-10.216224,7.7179203,-0.235284
3-148330-A-21.wav,sneezing,0.082188584,0.04050476427023121,731.5285537940704,-469.43524,22.94465,-6.2653813,1.9678396,2.4159856,-0.28340277,-6.450901,-3.551163,2.0162263,2.152737,-0.34798443,0.20962432,0.24489889
3-148932-A-34.wav,can_opening,0.012786691,0.07278777546965318,1270.8944749598543,-744.58295,1.9294412,-3.3938377,5.472962,2.282911,3.7198367,3.254846,2.7337072,3.2972023,1.1927105,-0.16010304,0.51232666,0.64366984
3-149042-A-24.wav,coughing,0.028977076,0.01484318551300578,372.2978060126171,-596.8894,13.611922,-2.059689,1.4480796,-1.6699797,-1.0005553,-0.2941231,-0.40350527,-2.5716913,0.28407857,-2.2980566,0.07164632,1.2581621
3-149189-A-1.wav,rooster,0.16477871,0.061094427384393066,968.7984487945571,-415.2485,19.483782,-18.246698,-15.270186,2.1160154,3.4478166,-6.961742,-3.2712438,2.1029959,18.093876,23.096338,7.822195,-8.289441
3-149448-A-17.wav,pouring_water,0.011088668,0.33212439035404623,4626.651283077416,-333.7141,-13.551026,-46.731678,-31.512377,-3.2218814,6.4795537,13.261563,2.7731192,-14.7501745,4.650804,-5.2389145,-4.158019,-4.296363
3-149465-A-22.wav,clapping,0.09500064,0.118996680816474,1973.7814456642589,-100.4251,107.58797,-68.38566,-30.699018,-27.779121,-7.775626,-14.049246,-10.724542,-13.283585,-6.1646595,-17.346373,-4.084561,-9.647279
3-150231-A-21.wav,sneezing,0.072573915,0.05856834808526012,1064.6285354648005,-441.60965,11.158161,-6.818246,2.848909,-2.1677594,0.60797757,-2.1528683,-3.4267807,-4.8854737,-0.004350111,0.18003431,1.1166351,0.490112
3-150363-A-38.wav,clock_tick,0.0103336405,0.041873645231213875,1873.5489536918817,-474.51562,97.38271,33.75021,16.61655,19.326908,19.867386,10.438145,10.600515,2.3904703,7.366546,5.1252165,10.655331,7.3561206
3-150979-A-40.wav,helicopter,0.1454623,0.020420317015895955,483.74921947536666,-244.73326,205.9295,28.992722,29.486856,9.6294365,16.910131,-4.0302544,12.89139,0.2429656,1.3028444,6.651395,3.3894203,0.1914627
3-150979-B-40.wav,helicopter,0.1572231,0.02104125270953757,508.238573140296,-228.41049,198.9511,16.406404,42.669743,9.594186,22.93107,4.9713087,5.867902,4.6193156,0.51126206,-5.4049377,12.096719,-0.60814303
3-150979-C-40.wav,helicopter,0.14790122,0.022142002348265896,547.5044970269348,-223.51463,206.78247,26.465797,32.78106,5.186637,13.837472,-8.1374,8.7385235,-2.1991713,-1.8627647,-5.9421725,-0.56175596,-1.9647926
3-151080-A-20.wav,crying_baby,0.10492665,0.13756830292630057,2827.847020308302,-183.86182,44.354862,-60.065586,-25.503553,-29.065216,-0.6441829,11.283001,15.174307,-13.94933,13.572425,-16.540579,3.1009994,-6.38904
3-151081-A-20.wav,crying_baby,0.106686406,0.18756491600433525,3665.1818191734133,-191.03587,15.726116,-31.642044,-7.5579176,-12.9598675,16.844437,14.009078,19.0105,3.471217,0.97674024,-0.016733423,8.619079,-7.5006137
3-151081-B-20.wav,crying_baby,0.13190313,0.097800194183526,2150.380437678064,-230.0498,83.76786,-33.05838,-7.2139454,-14.347476,2.4370859,13.555344,29.661003,8.962235,-2.4331367,-0.6471212,-0.9570016,-8.811698
3-151089-A-30.wav,door_wood_knock,0.03323957,0.010502280527456647,494.64049496761686,-571.31006,57.015343,18.543688,6.7405024,6.3195214,5.993883,5.98932,8.454988,8.331678,9.027333,5.693782,5.991982,6.792847
3-151206-A-23.wav,breathing,0.0052181454,0.09128883670520231,2174.1511788898456,-519.5264,94.18122,-21.657475,-0.39844984,9.899958,32.634624,5.2680926,3.5321934,5.0412717,4.0018873,7.8708925,0.19684614,-5.8115172
3-151212-A-24.wav,coughing,0.025821643,0.07770445718930635,1385.3054421300183,-559.80023,23.51776,-8.032786,-2.434804,0.67761606,4.8901496,-3.74305,-7.754452,-6.152213,1.8181593,-1.3165983,2.0398874,0.97595435
3-151213-A-24.wav,coughing,0.06278171,0.036499729046242775,848.7733899248204,-519.5297,19.70119,-7.6012216,-4.9536715,-7.3761263,2.1974928,0.44523963,-0.2913136,5.0625734,2.4720483,-1.8123723,2.3334835,-0.036886454
3-151255-A-28.wav,snoring,0.041530184,0.16875620935693642,3425.2923560135164,-367.2749,31.234676,5.284008,33.204998,7.439093,17.954725,25.247398,18.317566,13.0914135,0.6580156,21.379593,5.5003366,-17.274864
3-151269-A-35.wav,washing_machine,0.10448012,0.07567230401011561,1930.8776276289695,-82.90229,114.98358,-15.215155,7.4026513,2.2693458,10.480367,-5.393933,-2.8780508,-3.8119793,-2.163344,-10.626621,-4.4725065,-2.1938307
3-151273-A-35.wav,washing_machine,0.13430251,0.0499627438583815,1837.4860340226267,-83.57589,116.24657,-18.612795,6.731796,-2.7718503,4.0741405,4.398376,6.195579,-5.0617423,-5.484635,-9.324391,2.6890757,-3.9885614
3-151557-A-28.wav,snoring,0.049028073,0.09893763547687862,2434.645808335435,-304.67407,91.36466,22.111917,21.578098,5.9350615,11.416451,2.5435514,9.435246,3.7798133,8.716589,-2.4298153,7.5048656,0.77290213
3-151557-B-28.wav,snoring,0.13947944,0.07724722272398844,1969.9809532463719,-226.00119,112.77254,4.2215295,23.149313,-7.6434736,8.038375,-1.3966354,8.964282,7.1022496,7.4052925,-0.7577116,7.0486107,-5.0270205
3-152007-A-20.wav,crying_baby,0.1337239,0.20335361723265896,3061.679904096955,-317.86288,4.046053,-49.19004,7.084958,-21.885643,-6.640471,-39.22046,-3.9384017,-3.607321,-1.6611092,-7.287923,4.2230835,5.2562523
3-152007-B-20.wav,crying_baby,0.20374833,0.14385951047687862,2563.3714901635794,-185.76833,51.46509,-71.95137,-10.72525,-47.524403,-7.6914725,-37.65526,-16.246454,26.890356,-19.626389,-15.815085,-8.076519,-5.5509214
3-152007-C-20.wav,crying_baby,0.1616013,0.1492080247471098,2550.40969145099,-292.66647,34.48746,-37.48526,17.589369,-29.757452,-14.263305,-35.50887,-9.882658,-2.5208452,-15.898832,-15.020417,2.1709204,-4.252328
3-152007-D-20.wav,crying_baby,0.18532814,0.21503003070809248,3217.0095397651135,-283.83694,-13.40627,-65.76284,2.3575287,-21.113186,-4.066114,-33.752056,-7.421626,-14.4012375,-4.1470413,7.762904,3.0131698,3.0715854
3-152007-E-20.wav,crying_baby,0.15452155,0.1476246387283237,2613.456179689944,-213.67047,40.320797,-71.53791,13.212202,-54.977825,-22.614445,-37.806835,-24.32793,13.603837,-23.730509,-11.668019,-8.514695,-4.3404098
3-152020-A-36.wav,vacuum_cleaner,0.41118398,0.19079660404624277,3421.755681312351,30.99996,43.71162,-29.964691,-0.2370582,0.3959369,-1.7472668,-10.847937,-5.5085964,-9.542795,-4.1623836,-5.4153733,1.4992155,-12.805432
3-152020-B-36.wav,vacuum_cleaner,0.5427776,0.21668680003612717,3678.189382011916,117.53894,33.407253,-30.263254,4.796643,-1.6793414,-4.1266108,-14.878029,-8.378784,-9.3165245,-7.3645887,-7.557934,0.8538134,-15.491767
3-152020-C-36.wav,vacuum_cleaner,0.21760477,0.15875632225433525,2873.3248998645777,-88.4185,65.27694,-24.409567,-4.713654,1.8405682,-3.347173,-13.975688,-7.057349,-9.48232,-6.2854004,-7.3943543,-1.3205817,-15.889626
3-152039-A-3.wav,cow,0.27130896,0.0701487987716763,1225.0569411296071,-157.17546,155.14375,-29.61511,4.290951,-13.8215065,4.4429817,-3.3289626,-3.1408057,-12.839209,-7.82097,0.7837763,4.063543,-10.054068
3-152039-B-3.wav,cow,0.4359724,0.06169842846820809,1290.5738704250384,-149.05896,131.96838,-24.955524,-5.401314,-9.714886,3.049712,-7.2330174,-10.997687,-14.885039,-2.5843916,6.723587,14.222241,7.599755
3-152594-A-30.wav,door_wood_knock,0.008488695,0.0048828125,223.10308171116966,-725.0247,48.20096,15.605765,9.448214,3.6043386,4.25014,2.2526214,3.089745,2.6644032,2.7398508,2.5635736,2.255551,1.6474059
3-152912-A-26.wav,laughing,0.1308131,0.0338494626083815,878.5359771143404,-318.77432,52.952698,6.0545535,11.891229,0.0006256048,5.9935675,-6.1266603,7.933383,3.855754,2.274056,5.02206,-1.3200262,-3.131786
3-152997-A-26.wav,laughing,0.19880418,0.04903416275289017,1555.300843899644,-173.18478,104.16465,1.113765,33.571342,7.4304686,16.554642,5.0664473,6.250587,7.2379107,15.548249,4.6698885,5.679441,4.4670944
3-153057-A-43.wav,car_horn,0.083912514,0.01685840408236994,333.80196371312263,-491.52115,24.891584,3.0024915,6.689197,7.8607354,4.5755715,5.278112,2.5215533,1.7419128,2.5294757,2.3147223,2.7079096,-0.36542824
3-153444-A-32.wav,keyboard_typing,0.0030590845,0.3134568054552023,4376.484211714221,-469.35248,27.891426,-19.86266,-17.45045,16.597145,4.594651,-4.729166,7.519071,5.7531896,8.724012,-0.56927913,7.1399484,8.17186
3-154378-A-30.wav,door_wood_knock,0.03609469,0.011334898843930637,304.3780714633921,-541.7102,38.203175,7.535093,-0.645762,-2.9235983,0.3323464,-0.78764725,0.92820114,0.2895638,1.4091028,-0.7128251,-0.28959528,-0.51834124
3-154439-A-17.wav,pouring_water,0.01903671,0.1988687680635838,3915.0778538342142,-306.65463,19.158022,-30.608852,2.347696,5.3966084,12.411034,19.724455,11.449139,11.784983,10.875532,7.048319,6.3537364,0.76460433
3-154758-A-44.wav,engine,0.030915538,0.11756852872109827,2470.790271040267,-167.15651,96.933624,-9.211911,-0.21517399,-2.2602046,6.083996,-5.0130787,0.021137502,-14.743426,-6.615968,-4.239688,0.91002035,-4.0664783
3-154781-A-32.wav,keyboard_typing,0.003341539,0.10273381051300579,2796.010211618333,-431.35187,72.33104,-17.988842,32.29446,-2.3372371,1.9894832,1.5548488,13.377659,-4.835561,13.048669,-4.7749434,2.4881365,-3.2856615
3-154926-A-40.wav,helicopter,0.06343689,0.022364974710982657,505.3069864252927,-473.19492,113.97731,-16.726255,14.514725,4.501843,0.108634725,6.355719,1.1570448,5.719529,-1.0654349,-4.9785404,-3.8692067,-1.9364812
3-154926-B-40.wav,helicopter,0.12479358,0.05477217304913295,982.5238789176008,-174.1966,223.70511,-64.19607,38.07623,-12.524496,9.802102,-0.6450732,-4.2761965,3.8647206,-5.681304,1.3797469,-6.7205577,0.27037096
3-154957-A-1.wav,rooster,0.42775035,0.17339911488439305,2979.7356208246183,-256.75446,13.111791,-30.704836,-27.38275,-9.133608,8.313605,-18.140871,-8.931026,-9.102807,24.48394,19.520393,6.4325128,-4.973497
3-155130-A-43.wav,car_horn,0.056229923,0.06955044255780347,1840.411380275436,-270.9468,114.7204,11.265695,13.761157,3.3406885,6.314319,9.780505,9.331879,-0.10045258,2.7114997,-0.50983053,-1.4447211,-3.0306082
3-155234-A-43.wav,car_horn,0.049671702,0.052251738619942194,1215.0839062430287,-216.62758,148.51303,-8.303278,27.664398,8.982923,8.525902,3.0522993,10.903639,1.5901881,11.121393,-1.8031327,1.6722342,0.30799446
3-155312-A-0.wav,dog,0.18219781,0.08002449873554913,1293.0681660909195,-290.35516,119.51188,-64.961365,-30.683249,-28.427553,-31.428593,-21.599503,-21.487356,-5.935706,-10.60457,-0.3907917,10.254272,0.18050954
3-155556-A-31.wav,mouse_click,0.0043655448,0.00535415914017341,278.8997549157193,-785.1916,11.660543,0.37381193,1.8243214,0.039032843,1.2025436,0.62757397,0.96511453,0.2636508,1.4580721,0.627318,0.7540586,0.94954365
3-155568-A-32.wav,keyboard_typing,0.0074392185,0.08787086795520231,2707.462675112529,-363.59442,66.48035,-31.358364,28.14956,13.189419,16.609499,7.752274,14.697256,15.131472,9.33457,2.4879017,4.7843695,-0.140145
3-155570-A-32.wav,keyboard_typing,0.019061284,0.028311845195086706,1844.7295951142112,-423.67877,90.37502,27.88073,14.538907,22.688663,37.109882,25.59296,15.353425,15.68085,10.090965,6.090641,9.446678,4.6093345
3-155577-A-14.wav,chirping_birds,0.09445361,0.2934034049855491,3554.3453369260797,-79.63258,56.20938,2.7326634,25.563889,-25.23025,15.162171,-8.306802,-1.966008,-5.453778,-3.537344,-4.9861565,-7.875978,-5.137978
3-155578-A-14.wav,chirping_birds,0.10058788,0.4109493542268786,4424.857478148083,-108.90361,11.755265,-13.043121,21.489262,-30.725851,21.167564,4.570194,-6.0728073,0.07723858,-5.5118275,-9.096704,10.557572,-9.645013
3-155579-A-14.wav,chirping_birds,0.15439494,0.33942885205924855,4152.5106849451795,-127.49218,13.686782,5.0128655,46.373432,-17.706108,9.0526705,4.34158,-2.525398,-3.3127494,-3.5519814,-10.3010845,-4.5573916,-9.9119
3-155583-A-14.wav,chirping_birds,0.022949615,0.10811054913294797,2384.9604715284004,-262.20828,91.248665,9.353445,28.891132,-12.015984,15.716147,11.400059,13.084004,11.420477,6.562019,-7.1702876,1.5478244,3.4607742
3-155584-A-14.wav,chirping_birds,0.023197748,0.10616306900289017,2069.85760887514,-299.76187,98.63004,9.517422,62.35246,-8.951271,10.772876,7.4320846,5.697303,15.510304,10.536951,-4.253961,9.197802,-13.6993475
3-155642-A-11.wav,sea_waves,0.12778956,0.07417076860549134,1800.5169963418846,-67.85076,125.17216,9.035928,3.0474002,-9.104123,9.675658,-11.488904,4.090795,-7.2303996,-2.057019,-6.5615296,-0.9588191,-4.0955687
3-155642-B-11.wav,sea_waves,0.1444941,0.08133975343208093,1910.9460511612067,-56.325054,120.923965,11.713403,3.5220375,-8.001314,10.015965,-9.810938,3.0185864,-6.60635,-0.5598074,-8.238253,-1.7338971,-3.0338144
3-155659-A-34.wav,can_opening,0.10840516,0.10444138367052024,2290.604228250038,-340.38086,19.85691,11.817989,15.89309,8.833613,8.61599,10.7689085,9.868263,3.4665422,8.397406,3.8332639,4.2552743,3.6029444
3-155766-A-13.wav,crickets,0.010064194,0.1676385251083815,1932.3171661811705,-711.7313,1.6555315,-137.56462,-42.148865,109.53306,48.27661,-83.35333,-42.052437,49.034252,19.95722,-32.64662,-9.834187,14.865334
3-156391-A-35.wav,washing_machine,0.030278482,0.07457155437138728,2255.4869067398413,-233.99535,94.476326,11.040737,10.152696,3.5220735,16.43257,12.410032,11.270664,-0.4024993,2.6325824,-8.266192,-1.460448,2.998981
3-156393-A-35.wav,washing_machine,0.050178695,0.04878578847543353,1825.563502277321,-217.37221,106.10328,16.487833,20.661331,5.483155,17.904486,10.207,11.448463,0.5690057,4.6258883,-8.80237,-1.0176044,4.512913
3-156558-A-21.wav,sneezing,0.09656547,0.04336389089595376,1132.4738807433573,-419.26743,30.188995,-9.883859,13.094524,2.5945652,4.4058957,0.30230713,1.3803642,0.571783,6.1354656,5.7129993,1.8689185,1.1660175
3-156581-A-14.wav,chirping_birds,0.017546346,0.28689486994219654,3975.4099917705344,-286.88882,16.037458,-13.733872,31.244587,15.717297,10.056446,-7.152011,9.5223055,21.29278,1.65488,-2.797944,21.471289,-5.4932904
3-156581-B-14.wav,chirping_birds,0.07214308,0.3300724801300578,4186.669665709365,-214.41942,-30.59372,-26.021973,56.522964,6.5138674,13.279449,-12.5430565,13.390505,20.387964,3.9614494,-2.7747922,15.539113,1.8967121
3-156907-A-15.wav,water_drops,0.02006874,0.2185975885115607,2642.1627093607553,-594.68994,18.87889,4.48186,0.58476764,-1.1617188,-2.110859,-3.5649195,-3.3703535,-2.80782,-1.8184954,-2.2911625,-1.0221827,-0.40058988
3-157149-A-10.wav,rain,0.0727297,0.400074512283237,4789.900379479556,-63.86532,-9.342513,-27.03397,-16.170218,-30.476015,-26.886189,-29.386293,-17.978432,-21.367088,-15.895463,-18.046423,-7.4653096,-8.068228
3-157187-A-12.wav,crackling_fire,0.0751487,0.01731846098265896,890.0552500134199,-421.19003,44.29281,24.046244,21.194117,14.186337,12.427942,10.828578,8.023701,5.62568,4.591448,2.8984492,4.2677526,-0.5732689
3-157487-A-10.wav,rain,0.0711417,0.08030391979768786,2310.865189928361,-119.7507,97.158394,-5.0451655,13.422218,21.644018,9.391486,9.523512,9.899763,1.2572877,7.8902836,-0.22944126,6.635841,2.496932
3-157492-A-45.wav,train,0.10044242,0.055426977962427744,1096.7728195041318,-161.55887,177.29929,-23.442371,27.537064,-4.8897023,9.2787695,-11.062404,4.365036,0.7608355,-0.9423979,-4.5235176,3.0439806,-1.9357247
3-157615-A-10.wav,rain,0.06398007,0.4505368271315029,5169.077949868425,-72.220535,-9.6319065,-14.219172,-7.473249,-16.757917,-5.9105,-14.321821,-9.108815,-12.130777,-3.319719,-10.647764,-3.9035666,-7.986787
3-157695-A-0.wav,dog,0.09633817,0.25835722994942195,2285.387007663974,-403.872,58.61252,-12.145298,-20.850243,-10.53067,-11.075672,-32.705654,-14.394839,-6.2479672,-7.148024,-5.1342163,-7.6385517,-6.954459
3-158056-A-31.wav,mouse_click,0.003140653,0.4783039423771676,6041.983650468971,-678.6026,-49.974586,10.467697,5.6262927,13.115452,18.233759,5.7128425,13.636275,1.0129615,4.3252325,3.4353893,10.487088,11.311482
3-158056-B-31.wav,mouse_click,0.006457554,0.470415236632948,5791.23948254564,-685.2461,-27.289728,29.71638,4.4790072,-7.125684,4.474073,-5.7980633,14.340523,0.44813907,7.038804,5.903501,10.745789,1.6400859
3-158476-A-12.wav,crackling_fire,0.015607983,0.039852781791907516,2184.489806716055,-440.79272,64.50884,42.8355,32.72706,24.20323,30.495998,14.595886,21.852798,13.393041,14.91863,4.598608,7.6052217,2.0097795
3-159346-A-36.wav,vacuum_cleaner,0.09836386,0.14554168171965318,2398.7888992453463,-45.11013,95.46529,-30.512379,13.392072,-8.449845,13.905985,-15.100747,3.7274442,-7.96527,-0.66424835,-3.0661366,-2.521714,-9.069339
3-159346-B-36.wav,vacuum_cleaner,0.13247673,0.3501399927745665,4130.43742601129,-10.298658,18.191511,-24.407274,16.001623,-16.404099,24.832218,-10.252162,4.5419173,-8.070453,5.2224927,6.9552135,7.666754,-8.971248
3-159347-A-36.wav,vacuum_cleaner,0.13383877,0.32897455292630057,3982.65097735054,-10.43301,25.95833,-22.429007,15.244035,-19.643797,25.25026,-9.186365,4.4678288,-10.258386,5.715955,5.8921337,8.270833,-8.559295
3-159347-B-36.wav,vacuum_cleaner,0.08480402,0.17554416546242774,2711.999151900789,-101.49487,84.48318,-25.705761,7.473455,-8.0592785,21.238613,-6.976695,5.5124273,-12.728459,5.3297224,5.111027,4.1890483,-11.641807
3-159348-A-36.wav,vacuum_cleaner,0.02795026,0.15454242684248554,2616.041717842412,-211.00137,82.27333,-27.840284,16.569466,-6.6451693,9.6582,-9.648411,9.869996,-2.7942784,7.458211,4.0501404,1.1736221,-11.637016
3-159445-A-45.wav,train,0.24613401,0.06915530166184972,1384.8108001757255,-36.055115,153.15523,-23.300356,15.157577,-12.440853,2.5912626,-7.5167203,3.0926511,-2.0321257,6.753384,2.9406981,0.51813084,-4.156579
3-159445-B-45.wav,train,0.24807227,0.0564853910765896,1231.7193691768005,-75.56566,159.96086,-12.110538,7.286161,-9.172174,2.0710723,-4.8640842,1.2835603,-3.0771852,1.8024883,-0.16670324,1.0905204,3.9409902
3-160119-A-15.wav,water_drops,0.009914828,0.02942952944364162,871.4460555465909,-630.1802,22.562754,1.2674146,3.1080909,0.118835695,0.42328048,0.05050891,-1.4149741,-1.5020604,-2.6036081,-4.256368,-3.686169,-4.558597
3-160993-A-3.wav,cow,0.22172365,0.05113405437138728,1007.4613901983894,-136.79797,191.36435,-43.31701,4.0241475,4.489036,-5.001726,0.9862632,-3.65368,-6.688731,5.3259172,0.19649334,-4.7292337,-12.943421
3-161010-A-43.wav,car_horn,0.04100568,0.1251524114884393,2661.4285475936604,-159.80934,81.15246,3.5506546,31.001207,-1.821489,23.125486,-0.7203453,12.951299,-7.2071295,13.666016,-4.185009,3.088631,-3.7544518
3-161500-A-17.wav,pouring_water,0.035121746,0.1668425984465318,3308.3661766877635,-162.8063,55.973064,-26.897432,1.5791435,16.72875,-1.3996397,-9.707,-3.5973983,-6.847015,-0.8844066,-7.7686563,-2.3458865,-3.8170357
3-162786-A-13.wav,crickets,0.06805054,0.1681042268786127,2775.685840066156,-227.08011,69.46,-9.323972,29.126577,6.188145,-12.128689,1.4322984,26.762232,-7.3439884,-16.684658,16.908695,2.615364,-22.843475
3-163288-A-1.wav,rooster,0.11430074,0.06149239071531792,973.7030303740273,-389.52945,37.570957,-68.84448,-16.651655,-17.23751,-13.23601,7.8247266,13.965397,16.427683,17.14946,2.5733829,-0.38044447,-2.1914902
3-163459-A-0.wav,dog,0.05194891,0.0411793262283237,953.7658150338393,-508.06836,54.54031,-12.264058,-10.037223,4.126863,5.338695,0.53882587,7.274773,3.0462346,3.8479304,-0.92512316,2.4889333,2.306118
3-163607-A-13.wav,crickets,0.021143615,0.03481473536849711,1263.9724657674597,-345.54224,141.83768,23.364792,9.279686,8.307071,4.272592,5.2863398,2.9159582,5.46198,8.37725,0.46570292,8.14684,-0.98301864
3-163607-B-13.wav,crickets,0.004866913,0.07934993677745665,2334.112170128445,-423.35864,111.37223,49.564026,1.9431057,12.631659,-3.7510993,9.176341,0.51852494,1.611865,7.030029,-3.155821,8.7101345,-2.9119525
3-163727-A-3.wav,cow,0.23702905,0.10951047687861272,1654.0147475376114,-284.7424,129.88908,-14.396716,-2.1758358,-21.782646,-4.307887,-6.419267,-11.741849,2.5295727,-5.260949,-18.293787,-11.638788,-15.829358
3-164120-A-11.wav,sea_waves,0.11946976,0.22293002619219654,3357.2394290236093,-27.889278,64.34118,-8.544617,6.1493144,-4.7237225,9.500062,-14.89377,15.537104,-9.283925,3.0542064,-1.5836868,4.5759625,-5.914534
3-164216-A-6.wav,hen,0.13151604,0.1020479588150289,1820.9651116752843,-290.2711,74.69018,-40.96158,-30.531456,-21.902554,-5.5067043,10.113494,12.58412,-5.1228156,-5.322516,-2.3314922,5.86832,8.338231
3-164216-B-6.wav,hen,0.19381493,0.07088263186416185,1689.8588914138977,-300.7837,53.156025,-24.327166,-19.771156,-15.507901,0.23149365,14.772356,16.402615,1.1034635,-2.9147904,-5.0071473,5.9551663,13.992432
3-164216-C-6.wav,hen,0.1509592,0.08961513276734104,1846.4056200626999,-278.27722,68.9312,-37.164383,-27.91763,-23.50778,-4.990276,12.036936,12.397634,-2.5047202,-0.066315316,-8.380516,2.3524823,11.598878
3-164592-A-15.wav,water_drops,0.007924959,0.05932193822254335,1703.891686919963,-693.23114,22.526073,2.6941798,6.228657,3.7772336,2.8740647,3.4543664,3.5745084,1.7701868,2.7055125,1.5750579,1.9669892,0.318887
3-164593-A-15.wav,water_drops,0.01824235,0.09566643334537572,2300.924192222511,-592.743,9.380714,6.3807974,4.9261975,2.9446955,2.647966,1.3063109,2.3835561,1.4481312,0.7371951,0.076853186,1.4011279,-0.039904248
3-164594-A-15.wav,water_drops,0.014826612,0.06945447976878613,1778.9368512739347,-618.8592,-0.32861543,-3.3392253,3.4107637,2.40089,4.2313166,2.1269019,4.2667575,4.5111747,4.140549,2.3923357,2.8180523,1.5044934
3-164595-A-15.wav,water_drops,0.0077212946,0.04725320628612717,1292.594205236294,-689.6898,25.812517,-2.7306821,1.0910995,-0.58584803,2.4319077,0.675095,1.9890531,0.4627018,2.0152056,0.5088538,1.6124246,0.6026255
3-164630-A-11.wav,sea_waves,0.104125045,0.17232094472543352,2982.3075714156726,-29.323196,73.81895,-22.891823,0.14214197,-8.644782,-5.871884,-0.5492424,-6.4285016,-7.6151986,-2.1356094,-3.2720404,-2.1528506,-1.1158507
3-164688-A-38.wav,clock_tick,0.015501855,0.04430658417630058,1702.4158143569948,-561.42017,58.052677,6.793573,3.9009354,9.666949,6.035739,14.096854,15.542322,12.473698,11.365453,3.0203512,8.017807,6.474035
3-165856-A-41.wav,chainsaw,0.16139995,0.06811100072254335,1899.0095277425887,-198.1522,83.56532,-14.781648,9.644729,-34.987217,-11.711493,-20.07277,-14.280011,-6.035131,-4.770981,-4.126048,-1.5082375,-3.5667152
3-166125-A-23.wav,breathing,0.0072326013,0.16171705653901733,2856.9681775377885,-413.54028,74.76692,-18.164154,10.995155,6.531919,11.987884,-0.5521706,-8.255179,-0.18859942,13.492381,2.0240438,2.6191223,-4.5753527
3-166125-B-23.wav,breathing,0.0049545146,0.2003561912933526,3293.30836631218,-476.85974,62.833275,-8.693792,12.155358,6.1153855,10.464793,-2.8564682,-4.8906107,0.16570339,4.3926845,-1.7760568,1.3397617,-0.78614867
3-166324-A-15.wav,water_drops,0.0072307843,0.3344839459898844,4060.6430616332755,-745.15686,26.106575,11.391636,14.058129,5.800539,7.606238,2.9396956,3.2371128,-0.22248258,1.6941756,-0.2892891,-0.76456535,-2.5682735
3-166326-A-15.wav,water_drops,0.0102327205,0.23267024927745664,3140.4499316493275,-580.2439,-7.683835,-111.05205,-37.19931,-2.1500883,17.395592,1.4547316,0.9704457,-0.5196355,3.4272645,-0.70193267,3.5719333,1.7416011
3-166422-A-11.wav,sea_waves,0.14757524,0.18499650018063585,2815.2610990651956,-8.414506,74.371216,-36.307312,9.5696745,-17.500622,-1.462666,0.42973,-8.483479,-12.155695,-0.4360358,-10.617324,-2.793065,-5.3223658
3-166546-A-34.wav,can_opening,0.06361396,0.09677282785404624,1954.8263061815796,-508.083,49.261932,20.57948,33.31455,28.43786,33.733932,28.50153,18.210032,1.2194595,6.0305686,6.9964895,3.069283,4.767305
3-166546-B-34.wav,can_opening,0.04600968,0.0712918849349711,1690.0568238163266,-532.88293,35.41632,8.933118,23.76769,22.77289,27.743053,25.313393,16.629131,2.6795733,5.423465,6.0197163,0.33181277,0.88725543
3-167096-A-31.wav,mouse_click,0.0112145245,0.06647681087427745,2912.7479744246843,-397.69962,97.490685,19.68571,10.237831,13.0292,4.577584,11.031446,3.624816,0.9013337,4.1001463,1.3799226,6.8229628,-5.3836107
3-169907-A-29.wav,drinking_sipping,0.012497619,0.19363315119219654,3304.1145918260645,-342.21368,62.84379,4.234037,28.12627,-0.5353147,-1.4423726,-11.399808,2.0492218,3.4347532,5.14738,0.13012218,1.3423519,-9.69284
3-170002-A-34.wav,can_opening,0.063616104,0.1933424403901734,3299.6548687765594,-365.8144,52.89451,-8.728083,11.673379,8.510693,11.161722,7.1695833,2.1409948,3.1081545,10.288525,0.22339714,8.07422,0.25281882
3-170015-A-0.wav,dog,0.02289432,0.031029850072254336,1200.0101215613859,-556.27386,39.44059,1.2445358,1.6651839,2.5472121,-2.093109,0.56868225,3.6430702,0.9775165,4.843024,8.366452,9.491445,5.9827194
3-170312-A-31.wav,mouse_click,0.018442024,0.07773268153901734,2728.506002638784,-475.0077,27.895367,16.996826,14.590259,9.609632,8.872483,9.283464,16.100395,7.510123,10.408426,3.9432027,8.256999,0.6713936
3-170377-A-38.wav,clock_tick,0.01716969,0.17539175397398843,3147.9893025205183,-474.62744,63.030968,-5.2034473,22.320925,-8.8996105,13.414122,-9.199846,5.964424,-10.2728815,-2.4471006,-1.7157413,0.5391494,-3.51253
3-170383-A-38.wav,clock_tick,0.0073867454,0.038540349530346824,1989.8051286082455,-515.8287,77.19495,26.338198,21.155296,13.677551,8.0885105,3.906311,6.2781053,4.099532,4.044028,10.218427,14.171802,6.561752
3-170574-A-30.wav,door_wood_knock,0.063633814,0.06691146585982659,847.7056298039464,-518.7666,39.077198,9.764492,3.3826787,1.1620363,0.4846882,-2.1105576,-3.5233605,-4.0479674,-3.629151,-3.5751367,-2.3392549,-2.1560888
3-170851-A-31.wav,mouse_click,0.0063262507,0.13701792810693642,3338.3590379745046,-401.78247,49.137722,-21.585392,9.144647,5.121478,27.052288,6.2992477,8.045896,-11.830622,5.3257513,5.650898,8.397381,-5.482364
3-171012-A-38.wav,clock_tick,0.012956833,0.1798370890534682,2871.4840107094387,-490.4776,61.465904,-53.66002,12.2233305,0.13951217,19.155758,-4.8569913,3.2952728,-3.0865655,4.2528353,0.65884393,2.5258236,-8.51095
3-171041-A-38.wav,clock_tick,0.0146354055,0.08487626445086706,2497.2760891323824,-331.96573,84.82735,-0.68879825,16.211409,11.6524315,26.671864,12.467912,-0.05232605,-4.4152846,6.5518546,-5.9305096,15.682823,10.97588
3-171281-A-6.wav,hen,0.026715267,0.14626704750722544,2622.9957526739836,-276.11612,73.298164,-35.433407,-0.9735626,-18.459738,16.756948,-1.5040302,9.183003,-2.9188752,19.131102,11.584881,14.099876,7.788423
3-171937-A-34.wav,can_opening,0.06474955,0.12713376083815028,2934.139666481925,-418.9583,44.955864,11.974392,10.602133,6.5931883,24.488874,13.542959,-1.1103042,-2.841404,2.103847,11.874385,7.907291,4.9394436
3-172179-A-31.wav,mouse_click,0.053257626,0.17552440841763006,3159.175948542826,-376.5896,54.288895,20.964691,20.241705,-5.7983885,15.696413,14.303254,20.620298,11.7161,15.685603,1.3119835,4.1385407,-0.20274565
3-172881-A-48.wav,fireworks,0.04061286,0.09916907514450866,1816.2157698433118,-265.79916,128.67288,-39.675423,22.016644,-14.282065,1.2758645,-15.029423,-4.221436,-6.940599,0.9915505,-2.4542935,-0.10796239,-2.113772
3-172922-A-48.wav,fireworks,0.020513883,0.04209944002890174,910.2241306044859,-398.77017,186.02289,-7.7929544,16.220926,10.833322,2.7708952,1.0964164,-1.6953238,-6.5139556,-4.968488,-4.668145,-1.28641,-0.49773598
3-174840-A-43.wav,car_horn,0.12439577,0.22291873645231214,2476.1541619092695,-468.8331,6.7739096,-18.357597,24.095726,-6.2589245,-14.034545,1.9913838,-12.546093,-11.763155,3.5164948,-18.682688,-15.621938,-1.286114
3-174866-A-29.wav,drinking_sipping,0.006026663,0.0999565345014451,1912.2465467117454,-690.9018,39.61866,17.591957,9.784153,5.8527875,6.389238,-3.9657624,4.9524555,2.0568242,0.38893524,-2.485212,4.1604905,1.6679298
3-177082-A-22.wav,clapping,0.12817499,0.1376896676300578,2272.1995200325696,-43.771507,93.55871,-62.425873,-15.329062,-17.056408,-16.925886,-21.308899,-6.4229717,-5.3384027,-5.182382,-10.627653,-4.3040304,-10.189255
3-177083-A-22.wav,clapping,0.07350111,0.1312150018063584,2077.5651115294677,-150.16444,107.62039,-56.809746,-5.342697,-6.384882,-7.888305,-17.189177,0.11829284,1.553525,-2.748261,-7.5624175,-0.5796044,-7.844463
3-178096-A-6.wav,hen,0.21910776,0.09275650289017341,1347.262556730458,-171.40245,156.9933,-77.664505,-20.734226,-39.65618,-7.533731,22.871487,9.252497,2.9513226,5.4755445,-1.7294745,9.335098,24.633366
3-180147-A-30.wav,door_wood_knock,0.020466933,0.03344867684248555,1309.8590046186273,-553.3277,111.911545,40.140366,27.786015,22.902117,18.063957,12.535165,12.536854,5.6788945,10.049926,5.979296,9.444573,5.423799
3-180256-A-0.wav,dog,0.112121515,0.09041388186416185,1353.5523881399597,-367.5675,100.77005,-37.898205,-51.278133,-31.080112,-9.795686,1.5367942,-2.718236,4.9412613,3.376733,3.6336775,-0.5463692,0.11655492
3-180977-A-0.wav,dog,0.28580153,0.12024137463872832,2148.1102586134057,-103.46407,98.03048,-47.111984,-14.277733,-23.945597,-3.3552995,4.479391,16.132036,2.9987485,7.128747,-6.343113,-2.4263175,-7.0093684
3-181132-A-14.wav,chirping_birds,0.0053964383,0.14822299494219654,2612.493754481521,-451.64478,86.41494,-6.9505568,17.298483,-2.1597795,-3.108245,-2.3305051,10.795324,-20.174847,-2.8100548,-5.7513247,-5.9382887,-10.906383
3-181278-A-22.wav,clapping,0.04636476,0.11228210802023121,2283.651776666169,-162.35603,102.02226,-30.838339,3.5037248,-7.4788213,1.7045906,-18.82714,0.27669656,-5.2195997,-2.1539865,-9.952212,-4.3875113,-5.654172
3-182023-A-30.wav,door_wood_knock,0.17740631,0.05233358923410405,1597.1756685385037,-372.2826,66.234215,36.93946,20.71376,13.725589,14.499331,10.543213,7.5577965,2.958923,4.4189134,4.3851514,6.639706,5.108074
3-182025-A-30.wav,door_wood_knock,0.056638867,0.01961027817919075,888.9916958826159,-472.5365,81.75175,37.703552,10.38071,0.09678429,7.168091,7.1209507,7.349624,2.3075545,3.369809,-0.31852412,1.4829472,-0.33102822
3-182710-A-35.wav,washing_machine,0.16752061,0.02273753612716763,1403.520689950187,-160.40697,118.64684,15.667252,32.61781,15.097694,17.37376,-5.7999845,6.596337,5.2116504,6.4133654,-2.4644961,8.193142,-6.903728
3-182710-B-35.wav,washing_machine,0.07200701,0.04955913565751445,2069.979698870314,-304.27002,90.06842,16.361605,26.486074,6.314518,13.905315,-1.7227931,7.8458204,9.679008,8.090255,4.139828,5.910353,-2.674202
3-185313-A-31.wav,mouse_click,0.004333448,0.10127178919797687,2931.9894336569414,-489.46884,83.683174,22.62942,20.261232,-4.0206738,-0.700294,-12.605884,4.07464,-8.252865,-9.562252,-18.8908,0.47518894,-14.343309
3-185456-A-29.wav,drinking_sipping,0.018074429,0.07688595104768786,2018.2048107238118,-337.73706,106.27609,-10.905289,21.162046,5.9379416,8.886905,-9.51299,4.9935083,9.840404,14.383778,1.2684194,1.1081592,-4.6928215
3-187549-A-6.wav,hen,0.17934804,0.054721369219653176,1267.8191108925741,-161.68867,150.87865,-9.979601,15.224186,-12.750158,1.7549114,10.790597,9.478143,2.9713986,7.1940813,-1.406126,0.3834532,3.2838604
3-187549-B-6.wav,hen,0.1735013,0.075855762283237,1676.0380886859186,-257.18896,128.39716,-13.975892,-6.5025177,-17.113594,-6.696049,2.385674,4.031281,-0.8584683,4.635131,-1.7352608,-3.0867236,-1.4460168
3-187710-A-11.wav,sea_waves,0.06994898,0.16828768515173412,2728.092057744909,-262.26562,64.15217,-6.4121447,14.33225,7.2234,1.210145,-2.9941576,-0.54136544,-0.22501087,3.951668,1.2685134,2.7111568,-1.8604625
3-188390-A-6.wav,hen,0.112308905,0.08292031701589596,1297.4732252160777,-349.72345,55.183903,-19.367565,12.071392,-17.522966,2.1568832,1.97367,10.830579,5.736498,2.1091557,2.4780016,3.1068904,-0.36362505
3-188726-A-35.wav,washing_machine,0.3328266,0.025994626083815028,1087.4838198823736,-69.70518,146.83865,11.806452,34.20315,8.759046,16.523651,2.1100032,9.223425,-7.0404696,2.4295223,3.4379082,5.1738915,4.8582544
3-193767-A-47.wav,airplane,0.11737194,0.02783203125,634.3786399890935,-246.54195,233.71907,-29.55554,34.51997,26.197054,-12.882612,7.1777472,-4.259468,-3.9355724,0.68389004,-4.102504,-0.4028766,-2.42492
3-197408-A-8.wav,sheep,0.22401927,0.12049821622109827,2006.5755910842352,-27.821125,115.10667,-64.5522,25.070349,-12.823767,-4.0559154,-20.758492,12.810871,4.7112865,10.39726,4.983349,6.341322,-5.27049
3-197408-B-8.wav,sheep,0.3147508,0.14072096278901733,2162.586656110738,-35.655342,97.437294,-74.11572,15.109827,-13.00636,-2.363447,-18.6091,6.664716,-0.12660773,13.809011,4.9654455,-0.3109198,-7.8375864
3-197408-C-8.wav,sheep,0.08441135,0.13352375361271676,2150.374559998644,-101.60615,105.93192,-49.459045,20.076138,-8.714083,-1.410733,-13.256956,5.6411963,-5.8300843,1.943263,-1.1658334,0.5901917,-8.804438
3-197435-A-22.wav,clapping,0.035967026,0.2312872561416185,2954.3345277774174,-517.4132,41.424313,-38.066967,-15.771844,-12.149806,-2.5273664,-4.68692,-4.79646,-3.5126755,1.2452282,0.190562,1.8041117,-2.414862
3-197435-B-22.wav,clapping,0.038251463,0.23136346188583815,2969.051667905428,-499.96054,38.17971,-45.60942,-16.255758,-11.428753,-5.6261387,-7.2000823,-0.4351602,-5.9916244,-1.1930858,2.4763436,2.0651994,-2.7998745
3-203371-A-39.wav,glass_breaking,0.088863626,0.062020186054913294,1237.7207339842935,-444.33472,11.260527,4.7784777,4.1620464,6.5248,2.3173475,4.296609,2.9066072,2.2252002,2.004274,0.7882168,1.503853,-1.1707304
3-203373-A-39.wav,glass_breaking,0.056649722,0.0852883399566474,1137.5786151272023,-596.9983,-5.0247188,-1.2945592,-0.09611187,1.6972624,1.4424949,1.3530693,2.1235127,0.24132213,0.15769826,1.311741,1.1634506,0.30846792
3-203374-A-39.wav,glass_breaking,0.066874735,0.10864681177745665,1241.8745010395012,-539.2906,-4.652145,-2.2400753,-1.9418066,1.4097098,0.7987557,1.0760086,0.18195643,-0.7673145,0.19817321,-0.93661714,0.6748495,0.23420803
3-203375-A-39.wav,glass_breaking,0.081920005,0.11535573970375723,1711.6872272669148,-525.54767,0.5831732,-1.9815409,0.06682564,3.243378,1.4347701,3.2037702,2.4898646,1.3093078,1.5233938,-0.0026612254,1.5818317,1.5968797
3-203377-A-39.wav,glass_breaking,0.040183973,0.11507631864161849,1250.2960790476188,-631.7416,1.7324318,-0.65303123,-2.2788858,2.444339,-0.80375767,0.53025675,0.3308378,-1.3224843,0.39659745,-0.6321315,-0.4619024,-0.5118614
3-20861-A-8.wav,sheep,0.13050306,0.0927734375,1399.6368794227058,-154.16534,183.53488,-84.89195,17.627855,-1.502084,-24.48541,-15.155611,0.7818339,-11.303444,6.1197996,16.539532,1.735514,-6.757454
3-208820-A-49.wav,hand_saw,0.22749063,0.24798478143063585,3062.271167406469,26.273397,51.586018,-61.31421,28.491617,-22.70866,4.983757,-1.2670046,-5.8773932,-7.257516,-2.7350597,-8.912382,14.288554,3.2966309
3-216280-A-39.wav,glass_breaking,0.016854227,0.08825189667630058,1130.4143136575808,-731.3016,-11.066213,-1.8711817,4.3858066,0.641552,-1.1134034,1.397456,-0.23769343,0.20826422,1.3877058,-0.60780925,-1.0318332,0.3976084
3-216281-A-39.wav,glass_breaking,0.030325867,0.12460485910404624,1375.4566717296855,-583.4411,-5.2735577,-4.133073,1.7639393,-0.18772906,-2.5337214,-0.002409775,0.8324784,-1.1983804,-0.17501664,-0.5217159,0.05040493,-0.6450025
3-216284-A-39.wav,glass_breaking,0.026131943,0.08493271315028902,1049.9068872334703,-622.37964,-7.4023986,-4.4457316,1.8599659,0.5211647,-2.0228913,-0.6849651,1.3998222,-0.36785302,-0.019671159,-1.5409589,0.4362005,-0.8312516
3-233151-A-2.wav,pig,0.049356747,0.10049844201589596,1512.9905370902907,-440.05414,24.764435,-15.701999,14.065441,-4.964984,9.314986,-6.2642355,-1.6845831,-3.8568084,-0.6364244,-5.7748947,-0.7637561,-3.3554864
3-243726-A-43.wav,car_horn,0.0140733635,0.10531351607658959,2095.0002656032807,-281.28943,108.557915,-16.226093,13.857817,-3.3082333,9.322334,-10.83108,5.180276,-6.456842,-1.2944838,-13.151429,-5.9081707,-3.7139618
3-246513-A-16.wav,wind,0.36438927,0.02161420700867052,673.7327619782254,-155.66454,184.47043,7.844818,8.055646,-13.990517,-8.416503,-9.849522,-0.21034461,6.681503,17.389378,14.498362,14.769085,7.7769794
3-246513-B-16.wav,wind,0.14613925,0.04432916365606936,855.0169749537803,-206.58202,179.39886,6.4574943,12.306172,-17.296598,-15.932247,-17.094437,-10.079599,-2.0806377,8.823874,8.06813,9.17003,8.953522
3-249913-A-25.wav,footsteps,0.017755458,0.017786985187861273,1007.8252450007376,-416.88486,140.68199,-0.35188264,14.45054,3.8528383,24.456202,8.052502,18.03439,9.294408,12.594691,3.8670633,7.6655626,2.771631
3-251617-A-48.wav,fireworks,0.047417365,0.04327639541184971,971.6490114629597,-357.5832,136.39119,2.5738645,6.3527904,6.6813936,7.63256,5.020021,3.9497077,7.863968,9.478518,8.786268,5.9517293,3.9533103
3-253081-A-2.wav,pig,0.14224985,0.08521495664739884,2096.2155062297,-137.37315,107.44786,-6.284325,14.021947,6.674491,15.986154,2.6564322,1.8735919,-3.866425,9.987569,-1.5965862,4.9445796,0.5744609
3-253084-A-2.wav,pig,0.14804791,0.16313109645953758,2853.434146247417,-196.71504,67.482925,-3.08655,26.143454,-8.955915,9.6095295,-6.7976694,-3.479175,0.92886,7.30911,-3.7693245,4.87039,0.29689083
3-253084-B-2.wav,pig,0.15184444,0.18183537301300579,2999.9816075917365,-202.81105,64.33112,-8.499929,19.325432,-19.918617,11.377947,-3.479835,-5.4844823,-1.3525753,9.45994,-1.3578899,5.510139,2.8359632
3-253084-C-2.wav,pig,0.07444254,0.07246601788294797,1896.3621262566953,-269.37384,116.82147,0.13235314,20.93141,-16.5212,20.130669,0.6616897,-2.6728404,2.5756824,3.2215075,-1.0289792,4.1450715,6.571051
3-253084-D-2.wav,pig,0.21274215,0.15407390263728324,2573.0537275184247,-186.74695,61.883186,-2.4519324,30.41541,-8.474063,7.885154,-3.321561,7.508563,4.793431,15.242875,5.635859,4.6808624,4.1114297
3-253084-E-2.wav,pig,0.104249164,0.15710802023121387,2807.1564927586082,-233.07428,75.503555,-5.841413,17.882912,-20.731665,16.235035,-1.9215317,-10.01382,-0.43324068,6.562821,-4.9153094,7.486311,4.5000644
3-257858-A-2.wav,pig,0.10815755,0.06946859194364162,2006.4662242005222,-286.4227,98.64478,7.4887633,21.02866,-1.1265984,9.51626,7.3284693,4.108137,6.1039968,6.197226,1.783779,-3.3320467,-0.7746514
3-259622-A-44.wav,engine,0.12644267,0.34313470917630057,4909.491693816071,-14.985641,-3.224639,-15.352113,-1.5685918,-15.906352,-1.6326467,-14.781301,-17.490705,-7.071296,-11.748832,-11.118653,1.1248617,-5.751433
3-51376-A-42.wav,siren,0.1902696,0.0624971775650289,1150.9133067481164,-180.2964,172.67657,-57.92686,9.411747,4.593946,-9.592652,-2.160558,-11.64869,-4.4178176,0.5149688,1.5860305,4.266728,3.5900025
3-51731-A-42.wav,siren,0.07816986,0.061108539559248554,1306.3389428767057,-185.44966,152.67584,-33.659653,26.769533,5.2021327,23.129826,1.3646796,17.741821,-3.9702919,4.2757697,-4.2496295,11.37626,-1.1810318
3-51731-B-42.wav,siren,0.22825061,0.12279850072254335,1941.9068412348363,-88.45041,106.53433,-42.010292,24.216509,-5.9947405,14.571044,-6.246529,11.442805,-13.94376,-4.448651,-3.895296,11.232689,5.705418
3-51909-A-42.wav,siren,0.2851329,0.06108031520953757,849.0158360222041,-173.29373,197.96542,-32.962776,33.434814,6.068643,-3.2805564,9.850402,-4.125336,7.9087176,5.694257,5.3316007,8.73286,4.6515884
3-51909-B-42.wav,siren,0.618048,0.05151226065751445,1378.5686050724694,-92.94493,97.2172,-38.12649,12.745526,-10.852046,-6.537827,-10.036151,-5.11429,-15.965567,-4.6324086,-6.514846,-0.64109725,-9.165583
3-58772-A-42.wav,siren,0.24040627,0.07817580382947976,1508.5407606729652,-147.77554,121.65179,-49.14392,38.720905,-36.67037,-3.27596,-20.818413,-7.8322062,8.002782,13.1920185,-3.9390981,-8.997768,-13.514815
3-62878-A-42.wav,siren,0.45762178,0.10656103233381503,1865.4240262656226,-257.47504,46.435974,-51.2892,-8.735038,-17.605997,4.08534,13.786697,5.9399533,-3.9325218,6.6035624,11.383154,13.901144,2.8972592
3-62878-B-42.wav,siren,0.3527003,0.07522635928468208,1235.1170072857549,-345.1943,27.486393,-33.942513,-8.986781,-7.1892543,9.829943,15.413692,4.386078,-6.387732,0.2729689,6.786943,8.026327,-1.241655
3-65748-A-12.wav,crackling_fire,0.016606176,0.15606936416184972,3392.0821741746404,-268.73962,52.330723,8.758622,26.385466,15.103191,15.9740505,-0.66732854,2.1826086,4.238991,6.150626,-6.702497,5.829347,3.2281318
3-68630-A-40.wav,helicopter,0.16992806,0.10875970917630058,1567.2181505857502,-44.91039,155.95874,-57.257046,31.11558,-13.757114,8.29472,-2.9723246,7.0687094,-0.64795625,-4.289964,-3.5231087,12.321298,-3.4256244
3-68630-B-40.wav,helicopter,0.16011244,0.08511899385838151,1485.016140283616,-61.279976,153.24178,-39.73735,26.871246,-4.052452,8.733282,-1.1644456,8.35291,-6.657664,-1.5968938,-4.68994,14.361193,-4.9057374
3-68630-C-40.wav,helicopter,0.1726332,0.0782858787933526,1305.1754389865218,-64.54347,175.01822,-49.25727,22.232876,-18.620337,4.0208106,-7.0363197,3.0219045,-0.45507565,-0.6474051,-5.764697,2.4870267,-9.16376
3-70962-A-4.wav,frog,0.017096909,0.16135013999277456,3032.111036225521,-316.4282,54.09295,-35.411285,35.62008,27.162487,-5.4357853,6.2177925,3.0974724,17.401539,-0.69052875,23.529589,11.998512,3.934922
3-70962-B-4.wav,frog,0.02109207,0.17084481123554912,2896.4609926808216,-305.74634,69.29786,-52.358,9.14632,20.438004,-17.184677,2.9744477,-15.74339,13.038865,-0.8071095,9.70623,10.344668,1.1788623
3-70962-C-4.wav,frog,0.087938264,0.1948298636199422,2508.4070742327494,-136.35698,65.89126,-108.118675,17.839655,-8.4886875,-9.501444,-32.792953,-16.112034,9.495085,-16.52394,6.223734,7.4383864,6.7410827
3-71964-A-4.wav,frog,0.059827715,0.08340577583092486,1699.042587519013,-436.75677,98.162384,-30.641754,13.083846,50.219772,9.884137,5.025644,31.961807,25.470978,2.3020978,-14.610024,16.498608,17.265926
3-71964-B-4.wav,frog,0.10864412,0.1354034953034682,2095.061121835159,-315.48392,75.696815,-82.54322,-4.3785825,47.14663,5.9943285,21.321606,46.37799,20.389236,-3.0698206,-19.63181,25.62649,11.081947
3-71964-C-4.wav,frog,0.1325724,0.1337777727601156,2096.6456114618077,-313.3798,73.8555,-79.07449,-4.9383235,41.423225,4.4190083,21.104153,45.67639,29.262949,-2.6735666,-21.141567,24.79168,11.252801
3-83527-A-4.wav,frog,0.0312,0.20026305093930635,2885.8266444024002,-384.03595,64.179665,-27.981226,51.910336,-40.91536,27.068367,-20.225323,13.468719,41.740936,13.915073,32.60867,9.125216,5.0307813
3-87936-A-46.wav,church_bells,0.08464093,0.045825054190751446,906.7024280471339,-294.67773,175.56943,-20.960558,-15.264863,-1.9498475,-20.525843,-25.66084,-16.491034,-12.422172,-7.4126244,-12.769229,-12.121332,-14.370403
3-87936-B-46.wav,church_bells,0.062373243,0.062356055816473986,1230.858869929465,-235.13353,153.47702,-30.367445,-2.909994,-3.779711,-15.127647,-30.793816,-12.47087,-13.722635,-12.937114,-19.279144,-12.846465,-17.554588
3-92637-A-18.wav,toilet_flush,0.035157893,0.07654725885115607,1624.8063802899526,-293.51733,128.63814,-23.36907,25.943466,13.494126,-0.5016453,-5.356061,4.795521,-17.734516,-2.7230031,-7.510754,1.8122578,-5.880211
3-93010-A-18.wav,toilet_flush,0.19873245,0.21867379425578035,3405.2502610778806,1.3093153,52.57621,-10.068586,13.495408,-10.604516,-3.6724389,-10.846122,-7.5472865,-7.6101327,-2.027394,-6.08962,2.2401416,-5.473534
3-94342-A-25.wav,footsteps,0.09182629,0.20490313403179192,4368.254619873303,-123.86387,6.5725965,-2.93767,10.141861,0.520651,8.596006,9.751545,9.517886,9.411563,13.158373,9.095445,12.520155,6.490974
3-94343-A-25.wav,footsteps,0.11931107,0.014100885115606936,1643.3647963946507,-259.88318,74.8837,17.151625,22.790455,13.3021755,20.135843,16.019575,12.550669,13.524814,15.812068,8.337155,12.7427845,5.835401
3-94344-A-25.wav,footsteps,0.044129387,0.11761651011560693,3754.1069550304323,-207.56989,23.964937,-9.551393,18.39371,5.2603884,12.297566,8.20454,7.7340603,5.2669168,7.749444,5.4036064,10.894606,3.8590186
3-94355-A-33.wav,door_wood_creaks,0.06769803,0.1459791591401734,2640.363071320732,-273.998,46.655376,-31.984669,30.97409,4.3146048,10.449022,-1.2160624,3.4380069,-1.1824913,8.09651,2.499221,6.4661,5.4837475
3-95694-A-5.wav,cat,0.09151604,0.14035404624277456,2572.531147093643,-321.2214,79.66807,-22.953112,2.6457617,1.0414915,13.61586,-3.4746993,6.8575673,-2.3638988,1.5010858,2.0710056,3.4717567,7.7824664
3-95695-A-5.wav,cat,0.064358875,0.154008986632948,2804.11131482919,-322.45105,76.96227,-9.936163,7.2572975,-1.3844736,5.7644706,-3.0418582,5.2742143,-0.4073937,9.124027,2.6627405,-0.9413258,-1.8866919
3-95695-B-5.wav,cat,0.20565286,0.15608065390173412,2603.8693490133446,-241.04701,67.60825,-41.728153,10.216183,-0.6890082,4.513994,-14.778368,7.3669114,5.166265,6.8521433,3.0109568,-0.5372999,-0.3820374
3-95697-A-5.wav,cat,0.024726601,0.0992876174132948,1460.2517830290178,-507.88052,17.111399,-19.695972,1.4531692,-3.000713,1.3373094,-4.16136,0.6067218,-2.9498339,-2.1750097,-3.4378889,-0.84618366,-0.93728036
3-95698-A-5.wav,cat,0.11081057,0.13796908869219654,2511.6930226628247,-328.6693,70.973274,-27.084383,-9.037461,0.9230337,1.3054445,-5.515085,5.58085,1.4323739,-0.29436585,-1.7656299,-4.713062,-1.8641438
3-96606-A-49.wav,hand_saw,0.056702975,0.41451126716040465,4826.581402804024,-176.91103,-28.984585,-30.222328,15.290547,-18.392033,8.103468,-12.467658,5.6889453,-1.0653223,3.919857,-9.407862,5.575947,2.0339508
3-96606-B-49.wav,hand_saw,0.06410237,0.4189312003251445,4918.995380965291,-163.14621,-36.231514,-28.25963,18.767452,-18.125141,-0.010375712,-12.177328,6.4836054,-8.951957,-3.664,-9.618528,3.9188676,-3.0158036
3-97909-A-49.wav,hand_saw,0.1855245,0.1635601065751445,2816.448659214855,-34.70952,71.49543,-27.21669,14.745992,-21.726639,4.4559193,-12.111272,-2.9329166,-9.519306,-12.2175255,-6.0486283,-6.2931795,-7.840917
3-97909-B-49.wav,hand_saw,0.1869979,0.18481586434248554,2999.750083327215,-62.35748,65.10941,-17.429468,21.139404,-27.806942,3.353071,-11.470409,-7.8109217,-3.1008976,-9.7598915,-9.030988,-5.539961,-9.737558
3-98193-A-46.wav,church_bells,0.24882652,0.0815486136199422,1318.3703126878456,-137.61847,148.99562,-49.92035,21.393038,-11.613566,5.553322,-4.097899,4.886463,-0.22741497,0.83288115,-14.169468,-13.715658,-15.467911
3-98771-A-18.wav,toilet_flush,0.122601755,0.1448586524566474,2943.696460797991,-120.18931,71.411674,-0.16761595,12.937973,1.3306454,5.8231215,0.29739603,7.260721,-3.0820587,1.0939804,-0.6405393,6.110853,-7.0244684
3-98869-A-46.wav,church_bells,0.19416426,0.11233855671965318,1431.6249784431272,-95.096886,188.1816,-94.03339,25.002342,-14.491696,-4.74726,-14.517237,0.3645696,-13.831467,-6.8006105,-0.5056254,-7.3472238,-3.7449038
4-102844-A-49.wav,hand_saw,0.108954296,0.2534038565751445,3844.6876559129664,-73.87432,42.97432,1.1518757,9.186338,-9.114092,-1.1873522,-16.06374,-7.396836,-18.268373,5.9497867,-0.38526437,0.7165399,-6.802901
4-102844-B-49.wav,hand_saw,0.1368666,0.21768594201589594,3581.421716335758,-77.17054,52.962593,3.950455,10.271697,-3.6990578,4.4116516,-10.623981,-4.8584046,-21.346315,-2.5322678,-8.698789,3.044804,-2.9644027
4-102844-C-49.wav,hand_saw,0.09934705,0.2457437680635838,3862.8898889824272,-92.516884,41.293114,-0.45933744,6.265203,-5.405273,6.7794776,-6.92907,-0.5954496,-17.811283,-2.8319173,-20.057278,-13.595442,-6.1586227
4-102871-A-42.wav,siren,0.10979418,0.12208442467485549,1825.698722157123,-110.63213,126.17682,-68.79439,11.914332,-22.223028,10.966513,-19.22942,1.8752596,-20.566372,-13.185583,-4.674644,4.2262216,4.377753
4-107117-A-33.wav,door_wood_creaks,0.14428651,0.17470307984104047,2831.410316107943,-34.641697,65.223656,-68.76869,39.872074,-27.364439,4.938442,-29.10434,9.441161,-15.431855,-14.947964,-19.470472,-7.981657,-7.5231137
4-107120-A-33.wav,door_wood_creaks,0.15877205,0.200051368316474,2535.698221423154,-332.92456,-11.490363,-8.417271,8.74935,-12.625321,12.5254965,-13.472213,2.6078446,0.3396227,-1.3987743,-6.3100557,1.1116147,0.5467342
4-107122-A-33.wav,door_wood_creaks,0.12050216,0.32024476156069365,4097.762668554342,-144.62279,-17.169952,-43.38126,15.048687,-24.786076,9.937189,-19.804548,6.2214146,-1.3561336,-17.374634,-9.613118,4.6181545,-13.5882225
4-108352-A-33.wav,door_wood_creaks,0.0119576305,0.19150785765895953,2863.252874109679,-487.37762,48.56051,-8.153635,42.61547,8.38793,12.771176,10.663932,8.008841,-7.8737,21.191477,7.598624,4.6844306,11.396359
4-111671-A-42.wav,siren,0.088914484,0.11221436958092486,2021.5419357826975,-363.5508,32.785725,-66.195,-32.460724,-30.117334,27.131712,37.034016,18.352825,-12.82456,-6.4673557,5.3387976,12.456004,-6.0379076
4-111671-B-42.wav,siren,0.07539969,0.11039954389450866,1661.5521932621164,-234.72958,84.1419,-114.29322,-58.154076,-65.49858,-4.0611215,-3.5548363,-6.9368606,-2.3614566,17.040812,25.408466,16.32362,-13.167433
4-117627-A-25.wav,footsteps,0.047821052,0.07146969833815028,2099.761722887863,-267.52454,98.673454,-6.7218165,20.233387,-4.905034,25.13782,0.6963342,8.807932,-0.49734443,11.568433,0.39054537,6.4464173,0.75836664
4-117630-A-25.wav,footsteps,0.06430165,0.011278450144508671,1261.7410541704016,-354.1651,81.30934,-21.73874,22.523018,11.366487,13.27508,2.7837782,7.6764946,10.467594,11.991605,1.8814017,7.81778,6.523443
4-119647-A-48.wav,fireworks,0.02255283,0.10749525830924855,1782.5741442645708,-469.33932,80.85985,-7.6823187,23.212303,15.3381,0.6277736,1.3346019,14.941853,13.115038,-2.0542684,3.0439453,14.679429,3.1090353
4-119647-B-48.wav,fireworks,0.04290873,0.08077808887283237,1491.0011431476241,-413.17505,94.62032,-0.2081447,27.757076,19.385822,5.0706244,4.466945,15.314095,12.536542,0.03460658,6.2237883,12.500762,2.8709807
4-119647-C-48.wav,fireworks,0.030478904,0.04659275650289017,1324.9285082556635,-501.78897,118.7829,18.389654,16.18308,7.4142594,4.3044124,-1.5159107,2.175988,0.16362794,-0.2576024,-1.9131572,1.3780842,2.2512417
4-119647-D-48.wav,fireworks,0.04464588,0.05248882315751445,1235.109663250877,-371.09875,145.8997,-0.1895625,25.995329,-0.7805503,7.228636,-2.4307547,3.1828275,-0.1494146,-1.1545185,-3.6220732,-0.86035925,-1.2468945
4-119648-A-48.wav,fireworks,0.05930758,0.035585260115606934,989.0995327104405,-324.4476,156.31764,9.767705,28.657097,8.671575,8.035011,0.09640483,6.109962,3.2500494,3.0247664,-4.57115,-3.7561543,-7.6713443
4-119648-B-48.wav,fireworks,0.06252365,0.03567275559971098,1007.4452274450232,-327.94736,152.3198,12.493364,28.75377,9.791234,6.7495017,0.65465146,5.328066,3.3396842,1.698063,-4.244801,-3.038064,-5.4171925
4-119648-C-48.wav,fireworks,0.03264592,0.015828215317919076,670.3887208015173,-467.58252,121.653244,35.699635,24.573353,15.755891,11.6483755,8.417968,10.112594,10.608176,9.157399,7.6524186,8.442409,5.4243336
4-119648-D-48.wav,fireworks,0.040900312,0.036138457369942194,986.8437104394908,-386.98184,129.29893,18.258707,23.428183,7.6553707,5.8082685,-2.7172937,0.5365866,0.51268816,2.573193,1.9134293,4.5037317,1.6956046
4-119720-A-18.wav,toilet_flush,0.05145486,0.1757671378251445,3255.6135978982206,-193.33522,44.394802,5.2728047,22.23326,15.033844,4.438891,-5.74731,5.0761456,-5.6627846,2.7785907,-6.7398767,-2.5317075,-7.464472
4-120160-A-5.wav,cat,0.26172376,0.14690774024566475,2215.879124236938,-309.35092,-3.0017061,-34.869118,5.749529,-7.036871,4.806382,-11.701595,0.11225803,1.9799043,4.578481,-2.6901987,-1.9188522,-0.12306099
4-121532-A-42.wav,siren,0.10960723,0.06880531972543352,974.2894122438356,-294.57034,177.36964,-44.09428,-32.562347,-4.7696924,-16.030151,-16.517603,-12.570448,-13.374006,-8.280961,-3.3859236,-2.909345,0.95518625
4-123680-A-18.wav,toilet_flush,0.11582007,0.22491984284682082,3306.162970175501,-56.632366,32.933174,-54.5435,-8.197532,-17.892458,-8.95157,-15.506936,-11.141115,-10.297623,-15.848919,-14.179287,-10.245446,-12.080802
4-125070-A-19.wav,thunderstorm,0.041453753,0.03403292088150289,954.7089094730492,-362.35477,175.99573,-3.9273505,34.467453,7.094971,6.7310996,12.631692,-2.2434804,2.961514,6.766557,-0.4085125,3.7345843,-3.1618726
4-125071-A-19.wav,thunderstorm,0.015013652,0.03251727330202312,904.7268487276598,-514.49854,184.97745,47.06768,7.4137244,7.928755,16.486639,9.375226,-1.7008884,1.3164569,7.626246,2.1318665,1.9248724,-0.22318545
4-125072-A-19.wav,thunderstorm,0.047703654,0.036804552023121384,702.2150377701898,-350.31168,209.74919,11.273052,-1.2122943,14.939151,-3.5539382,-5.524736,-1.0280906,1.7458563,2.3671153,-2.1488779,-0.67789656,0.20775437
4-125072-B-19.wav,thunderstorm,0.1643972,0.045285969111271675,905.2909268396878,-261.58563,182.38904,0.78833395,12.0075035,5.599111,-3.3636098,0.33498687,-1.2343519,0.86461717,-1.1002907,-4.868811,0.49003047,-1.2641205
4-125825-A-46.wav,church_bells,0.056924336,0.10755452944364162,1363.366053958283,-314.99323,159.94646,-63.919437,22.093498,-18.622541,-38.953068,-30.512226,-21.504328,-3.2838995,11.147478,-0.68502486,-9.18743,-17.163513
4-125825-B-46.wav,church_bells,0.077900775,0.07308413114161849,1181.2903557628836,-343.87723,135.30956,-49.105324,12.551725,-7.386569,-10.953012,-6.079215,-14.559505,-33.665337,-24.786144,-10.809048,2.6782033,10.544662
4-125929-A-40.wav,helicopter,0.1413477,0.042892544255780346,1138.5853149613408,-132.3244,162.01793,-14.539516,47.94418,-7.3327875,15.785277,2.4567504,11.152263,-3.8230133,1.7449996,-2.7899132,-1.1099648,-2.413013
4-126046-A-18.wav,toilet_flush,0.08412663,0.27479509122109824,4056.328057641326,-157.11674,32.288082,0.3576914,5.119763,-7.0895014,6.0115585,-3.6416507,-1.8246075,-1.3640993,1.8848087,0.8373953,0.98842055,-2.753744
4-126532-A-18.wav,toilet_flush,0.2828409,0.14894553829479767,2904.1085690740656,3.8097415,66.24324,-5.942764,26.697649,3.7148237,0.33085474,-12.038326,-1.2455819,-4.1994066,-4.571363,-9.133565,-8.832758,-11.192
4-128659-A-33.wav,door_wood_creaks,0.012779998,0.181352736632948,4003.9342363708347,-382.87585,22.440414,-22.583796,2.6291096,-29.024143,-12.816795,-21.580826,-5.464058,-7.2905865,5.082418,0.15269655,5.7521453,2.870753
4-130584-A-4.wav,frog,0.17261004,0.28926571531791906,3336.7751680834817,-148.72385,57.509834,-41.74971,10.832832,-30.231262,-7.8559074,-20.335539,37.46568,-21.379383,3.27053,3.367044,-18.409796,-6.166221
4-130891-A-7.wav,insects,0.04950408,0.09671073428468208,2155.751586451897,-253.86508,101.18086,-16.377775,-17.227015,-15.216167,-5.5684786,-10.64916,-8.22388,-10.784242,-7.4159393,-9.389854,-3.7104616,-6.4929204
4-132383-A-2.wav,pig,0.029988019,0.12193201318641618,2470.457242587677,-239.60414,92.22407,-4.604302,17.567772,-6.7223887,20.497843,-5.0636225,5.2387905,-6.3436327,0.76037395,-9.507681,-1.4357522,-6.7063355
4-132383-B-2.wav,pig,0.059905227,0.10490990787572255,2014.198021485961,-217.92165,108.93188,-15.147058,24.103123,-16.660566,5.554376,-13.269332,-4.654316,-15.725795,-6.3878026,-13.194022,-2.8094356,-11.140672
4-132803-A-26.wav,laughing,0.17344774,0.16625835440751446,2913.73785898548,-271.36627,38.225582,-60.86958,4.745099,-32.719593,-15.061487,14.38548,-6.8404484,13.632019,-2.540042,-5.935266,12.785063,-2.5057077
4-132810-A-26.wav,laughing,0.11082531,0.14118666455924855,2288.0973482874915,-347.20483,30.58849,-78.16255,13.913831,-9.219958,3.459091,-4.780184,-11.429361,-0.5478939,-2.7640777,-0.40735605,9.106282,5.1248155
4-132816-A-26.wav,laughing,0.21294227,0.17357692828757226,2577.9796139351465,-223.563,14.158395,-118.19474,8.319971,-7.358871,7.7693973,-16.845928,-7.293704,1.876562,8.982065,9.740566,14.935562,10.717093
4-132839-A-33.wav,door_wood_creaks,0.08095784,0.15944499638728324,2562.6340988416573,-109.11275,75.48591,-68.24631,-2.4196944,-2.7258282,2.6772673,-7.0310426,16.509012,5.499937,8.237203,11.527946,-9.441595,-1.1535108
4-133047-A-5.wav,cat,0.035395775,0.10670497651734104,2192.7232370369807,-343.04144,70.66457,-17.102245,17.85183,24.810976,6.0015645,6.646417,20.022303,1.6583121,2.3330777,-7.067693,6.0339527,14.502035
4-133047-B-5.wav,cat,0.08371782,0.08815875632225434,2030.5033528481467,-276.65982,83.0841,-33.45121,8.677848,22.130648,1.718796,5.946089,15.9751625,10.105987,4.4552526,-0.090148486,4.964539,3.5420134
4-133047-C-5.wav,cat,0.06291581,0.10235560422687862,1936.7296157946562,-317.4268,84.89307,-35.04011,15.518857,28.29967,-2.2526839,4.0594115,16.845322,2.426459,-2.2880476,3.8924406,7.7680116,12.450805
4-133674-A-26.wav,laughing,0.12775962,0.1012492097182081,1339.2445829374967,-207.16492,183.15366,-83.92363,-45.484592,-7.034378,-1.757773,-22.227848,1.6895748,-2.1514401,22.377651,6.429542,-12.922918,-1.5853324
4-133895-A-7.wav,insects,0.02859971,0.05149250361271676,956.239827487115,-564.75586,12.214858,3.755501,-1.4638069,0.57339495,-0.47167805,-0.2951936,-1.1660146,-1.8216292,1.0252609,-0.60670984,0.7512354,-0.7778368
4-135439-A-18.wav,toilet_flush,0.1266536,0.1863202221820809,3170.351176339032,-89.88028,47.62794,-10.467895,30.407932,5.154638,11.288291,-4.031401,2.8786774,-8.796325,-3.862843,-13.707429,-7.956865,-14.102169
4-136381-A-9.wav,crow,0.13812612,0.06345116058526011,1045.7870680978306,-306.2806,59.152435,-31.944748,3.405558,16.225664,16.954205,-10.022935,13.841796,1.4682581,3.3297677,10.162569,0.54134035,-0.94270563
4-138344-A-9.wav,crow,0.039645042,0.1661539243135838,2730.5573374360106,-277.8932,72.882,-5.810743,22.884157,-0.5846896,23.22959,-6.9351926,-2.7039845,-12.971003,-3.4706156,-4.585073,-2.125964,-2.7432315
4-140034-A-46.wav,church_bells,0.008809821,0.09051266708815028,1253.0512166596016,-439.30734,168.05475,-56.67124,20.048841,5.86966,0.07449134,3.3982434,1.1245695,-1.1555761,7.0712976,-1.6759497,1.7755871,4.1533065
4-141365-A-18.wav,toilet_flush,0.14438103,0.2809197751083815,4006.2359240255414,-28.263311,18.98166,-28.735151,-5.2261124,-7.473695,3.938751,-1.8580256,0.78792596,-9.91565,-4.3853917,-11.177505,-2.4202662,-4.0853467
4-143118-A-7.wav,insects,0.04102374,0.028992052023121388,965.7229427700285,-284.88535,163.9028,12.374817,7.9039397,13.356451,11.137701,8.332929,10.094594,3.9652953,7.015178,-0.59413594,3.3329182,-1.4556551
4-143118-B-7.wav,insects,0.055219065,0.041272466582369945,1154.8134175457853,-220.67503,158.23752,8.689777,2.5574453,10.221098,8.487613,4.3458624,8.257735,0.35038975,2.776575,-4.7075653,0.250283,-3.8968456
4-144083-A-16.wav,wind,0.10089655,0.05546366961705202,1052.267998847769,-140.99321,186.05211,-23.399178,14.713579,-11.300052,14.677692,-3.8689713,-0.79291254,1.9188894,1.4452139,-4.145445,5.194283,-0.9892379
4-144083-B-16.wav,wind,0.064426996,0.036855355852601156,760.2973359919445,-253.1144,195.6355,17.238285,4.3496842,5.3292446,12.193589,-3.6748137,-4.3599052,-3.7105105,-0.009225592,-6.749035,2.5529726,3.444122
4-144083-C-16.wav,wind,0.08034591,0.045528698518786125,796.6870774858601,-234.23456,206.14616,7.4014406,-9.280077,-1.9102868,9.798427,-4.6316843,-6.9135003,-4.578808,-1.7457265,-8.905768,-3.5171132,-1.5660831
4-144085-A-16.wav,wind,0.060881276,0.041334560151734104,824.7405857498908,-277.2963,192.66257,17.68358,-9.110876,-6.8137145,5.1590095,-7.9078145,-7.389885,-6.6415224,-1.300478,-10.234735,-5.7638526,-7.4990497
4-144468-A-27.wav,brushing_teeth,0.028589439,0.4475732704118497,5582.552323256381,-233.56598,-44.42603,-19.640356,-16.051952,-15.318374,8.289192,11.074928,15.113702,-1.2489356,10.714353,0.99430794,6.7956457,1.9440632
4-144468-B-27.wav,brushing_teeth,0.009551784,0.2710553648843931,4086.11474087299,-423.71274,6.6242495,-2.576452,4.7369804,-4.8394375,11.787735,9.911141,12.436115,4.7316604,11.167554,1.4747068,5.081277,-0.29704496
4-145006-A-18.wav,toilet_flush,0.14205676,0.19821678558526012,3213.3462741214244,-53.18142,59.069256,-8.250479,10.809562,-2.3141677,2.4634352,-2.1782389,2.5260417,-0.9699071,3.7212281,-0.5399524,4.709304,-4.3625193
4-145081-A-9.wav,crow,0.31174028,0.048512012283237,1424.0115163189298,-103.36825,114.59287,-40.298935,12.472777,-5.267408,53.83401,12.140117,7.8494244,1.3555022,15.262684,21.198229,12.617143,11.869876
4-146200-A-36.wav,vacuum_cleaner,0.28027368,0.19802768244219654,3351.949142691923,69.36874,62.4936,-14.575568,-8.1929035,-12.983945,-14.702168,-6.7777834,-6.643628,-9.194918,3.8506036,-6.212863,-0.87021685,-4.635471
4-147240-A-2.wav,pig,0.026068937,0.0574534862716763,1618.914490598859,-324.88724,114.79556,-23.967031,42.79125,2.457211,19.363073,2.1589348,3.4549863,0.45978415,11.382756,4.185416,9.901694,2.3360171
4-147240-B-2.wav,pig,0.021163855,0.0470302339234104,1534.8886666457186,-325.31088,124.2573,-25.13091,39.472797,3.5915952,15.52407,-0.6129803,4.660271,-0.90054655,8.860775,5.6248245,9.686459,-0.24978814
4-147657-A-46.wav,church_bells,0.086955085,0.0528896089234104,1206.1531418665904,-166.0819,161.66628,-14.224948,11.148156,4.8802724,-0.058475275,-8.37075,-3.1230123,-4.239849,3.154565,-2.8908129,0.53836846,-5.656172
4-147658-A-46.wav,church_bells,0.2041311,0.06785980401011561,1112.7016391453321,-123.479614,179.07199,-50.533405,13.641521,-13.502173,-9.98238,-20.072012,-19.396156,-14.227833,-4.8022466,-10.105608,-8.136007,-9.9921665
4-149294-A-41.wav,chainsaw,0.16981615,0.13354915552745664,2874.824561792459,-50.782024,66.0246,-13.011919,32.930546,-8.953227,-8.1785965,-9.470967,-1.1907797,-21.900562,-7.63013,-18.285099,-5.773492,-9.345813
4-149294-B-41.wav,chainsaw,0.22486365,0.11644802203757225,2737.6316089185884,-40.375896,60.328747,-20.919783,42.797737,-12.722171,3.3599582,-23.717056,-12.323028,-14.521494,2.2571306,-8.153451,-6.788279,-13.0233135
4-149940-A-5.wav,cat,0.09753938,0.05268357117052023,1113.0125965528453,-356.22787,134.17587,8.992782,-10.690319,-4.4646525,20.68652,9.267902,4.3821635,-12.403745,-1.5527993,1.9321455,5.7751255,18.164423
4-149940-B-5.wav,cat,0.027128318,0.033745032514450865,1363.9762104628462,-429.345,84.75343,12.8113,12.999097,18.431904,17.218227,10.715107,19.140177,2.1712322,9.094429,6.015014,12.780821,13.696101
4-150364-A-46.wav,church_bells,0.226162,0.1162081150650289,1660.1777437134128,-90.977615,143.87961,-88.65535,19.957308,-30.140347,-6.723339,-10.9387245,-7.393058,-7.622038,-13.303191,-10.582846,-5.8461833,-5.1145887
4-150364-B-46.wav,church_bells,0.2470535,0.10837303558526011,1583.2370375940893,-86.96402,145.69737,-79.7732,17.580812,-23.58771,-6.7909083,-4.6239605,-7.217549,-4.2035913,-10.024215,-7.8461742,-7.479224,-5.6668906
4-151242-A-37.wav,clock_alarm,0.36444244,0.26568144869942195,4248.021697008275,-313.4609,-22.614845,-8.678517,25.846132,1.3932774,1.292002,2.7294023,-4.521009,10.216752,10.598283,-30.685907,5.986972,1.5557079
4-152958-A-18.wav,toilet_flush,0.03507227,0.11787335169797687,2380.474800587946,-301.8733,70.853355,-2.3096871,16.240871,0.095741935,-0.01925496,1.0983192,2.8647413,1.6563957,3.26702,2.0972223,5.3082805,-1.5856217
4-152995-A-24.wav,coughing,0.053585608,0.013877912752890173,478.0778763280617,-516.89417,57.860424,-3.401034,19.250301,9.560573,22.313648,4.2506313,1.8457317,-2.8096879,7.655207,4.381124,-1.5913936,4.2239933
4-154405-A-27.wav,brushing_teeth,0.066467196,0.1956399024566474,3489.1771785668984,-282.29395,33.845783,-15.948124,11.495467,1.0992538,16.091022,26.97886,13.88894,1.6136107,8.855905,6.1941743,4.841323,7.9317317
4-154405-B-27.wav,brushing_teeth,0.05746067,0.16297021766618497,3435.511013041604,-302.80972,29.93957,-2.6285267,9.721718,-4.8292203,11.870143,33.30959,17.876907,6.249892,7.983973,2.0438662,8.929639,3.9557428
4-154443-A-24.wav,coughing,0.18332489,0.03587314848265896,804.384987301298,-355.83676,17.04135,-0.7772417,-3.8377318,-1.9737884,-2.6285005,-2.398617,0.3044928,-1.2867764,2.044296,4.7879076,0.7169785,0.41194904
4-154793-A-4.wav,frog,0.21926185,0.17874762915462428,1998.4067696509944,-123.24168,112.12629,-109.08022,6.425971,3.375981,5.058739,-14.276726,45.9436,31.845015,-7.5226345,-21.78813,-1.4203938,27.845545
4-155650-A-24.wav,coughing,0.05583748,0.0812325009031792,1736.0725562831453,-363.8687,104.08314,15.676409,3.2462652,-22.08896,2.0023794,-4.671946,-1.9765272,-5.882974,-11.402633,-3.6007395,-2.8555453,-1.1968995
4-155650-B-24.wav,coughing,0.043040745,0.04436585531069364,1200.35558478428,-448.19427,96.62787,10.609405,8.137547,6.5930686,4.657607,-0.996606,-1.5053316,-3.1984446,-3.814206,-7.0718317,-1.2218131,0.3659949
4-155670-A-26.wav,laughing,0.045692295,0.03875203215317919,2065.9624721945725,-245.94916,67.92473,-75.899414,-12.357342,-30.229841,-20.168762,-9.524953,-7.101835,7.4258814,16.501154,-11.644548,15.797123,-0.41107562
4-156227-A-9.wav,crow,0.00918028,0.12982918623554912,2077.707831226564,-332.69296,107.71997,-42.413395,10.043039,13.218371,19.923023,-4.1137757,6.4155846,0.02367057,14.154637,-7.5845814,-4.373979,5.3051696
4-156827-A-46.wav,church_bells,0.30752978,0.09959526282514451,1384.3173298322179,-76.375984,171.95511,-84.444016,12.356083,-33.6482,-17.864065,-17.047663,-11.053641,-6.644761,-15.441279,-11.110699,-4.627569,-6.458558
4-156843-A-21.wav,sneezing,0.03608328,0.04519282875722543,1033.8617360990872,-537.0683,18.237818,3.2263954,5.007752,4.8115983,2.659925,0.6587898,1.1842266,2.0061965,2.4787028,-0.8255049,-0.6042885,-0.07313837
4-156844-A-21.wav,sneezing,0.070752926,0.11285506231936417,2364.4439865087884,-421.61472,71.53024,-6.806522,6.84908,11.938852,2.830667,-8.98678,3.5737135,3.9078832,6.1714454,1.4201089,1.0300845,1.6737477
4-156993-A-19.wav,thunderstorm,0.103533804,0.084816993316474,1785.3121780800927,-198.28238,126.64954,-4.437397,19.904919,-0.1583005,9.453168,-0.2833044,3.7858887,-1.9890692,3.6544433,0.7733936,5.291042,-2.6561975
4-157296-A-24.wav,coughing,0.05337455,0.16818889992774566,2753.2785533160463,-304.15924,67.52755,-14.851787,30.345715,24.163193,-2.0704086,5.178529,5.719936,-13.999726,3.781441,-1.891739,-7.916396,5.393386
4-157297-A-21.wav,sneezing,0.080127664,0.26768819996387283,3922.875037445828,-410.26245,32.032658,-10.23297,4.6281757,11.755062,0.5560807,-5.6522326,3.9410167,-5.4657164,7.614047,5.7595477,-0.7791449,2.522382
4-157611-A-41.wav,chainsaw,0.20147967,0.07161928739161849,1823.1111518323276,-46.838512,127.29481,12.189164,2.50831,-28.02805,18.315266,-11.7997875,16.08738,-6.4190454,1.6003084,1.6085533,6.5900273,2.5037239
4-157611-B-41.wav,chainsaw,0.1527766,0.09881627077312138,2194.5744742648253,-53.894245,115.18441,18.82079,-6.162415,-31.035467,15.607095,-13.037953,18.351917,-10.441999,-1.056649,7.0190587,4.848178,-0.33665273
4-158653-A-32.wav,keyboard_typing,0.019708501,0.16796875,3002.696003000237,-402.6646,45.118233,-51.780815,22.995882,2.5560017,1.7483683,19.442537,11.249598,-3.5066257,7.129581,1.696573,6.276102,-0.668758
4-159426-A-9.wav,crow,0.12197571,0.08441338511560693,1357.0733313386472,-300.38614,53.76785,-41.657516,0.71732324,15.141605,20.848785,-7.1539717,15.965935,1.0196937,10.114088,4.007809,-1.4715378,3.353629
4-159609-A-14.wav,chirping_birds,0.12960052,0.1832465904985549,2614.9492301439964,-305.9274,70.90749,-50.11869,45.27865,-13.525622,15.427898,8.390105,7.577221,7.715448,2.6379063,12.876561,0.31445947,10.160802
4-159609-B-14.wav,chirping_birds,0.161498,0.159035743316474,2879.321055563624,-313.77557,54.07075,-46.3715,42.068535,-15.686115,10.413027,10.89853,4.915685,6.603457,0.070926026,8.8677435,0.70629126,5.8022904
4-160036-A-33.wav,door_wood_creaks,0.04695909,0.018043826770231215,568.9223923931777,-401.22488,184.42706,19.946245,50.244873,30.105497,12.296989,1.3173416,5.2618036,7.3155355,-5.199971,-5.2807875,3.4869046,16.053696
4-160036-B-33.wav,door_wood_creaks,0.053711377,0.0206658688583815,505.45489015912307,-398.41464,164.56871,19.555395,24.707289,34.927483,12.391675,-0.3601473,8.87465,12.156507,-4.278436,-8.482805,7.841245,17.763403
4-160999-A-10.wav,rain,0.10162864,0.2355180861632948,3557.5100972420614,-29.44359,46.028725,-29.357939,-8.487732,-14.268724,-4.796173,-8.939806,-3.8443441,-11.583032,-4.027681,-10.54469,-0.053623863,-4.121548
4-161099-A-47.wav,airplane,0.04346219,0.055426977962427744,950.450548959933,-249.5728,209.68596,-33.864037,1.3667482,3.0902326,-8.480451,-2.8349783,0.93263173,-10.616405,0.9426543,-5.068171,0.56795454,1.9639348
4-161099-B-47.wav,airplane,0.10287959,0.07464776011560693,1231.8790613583533,-152.27156,196.77994,-72.188225,35.005253,-20.541662,-13.56047,-3.5745888,-13.082743,-9.622096,-7.454271,-12.418136,-6.4810147,-4.848768
4-161100-A-47.wav,airplane,0.40339297,0.09451487987716763,1683.3529775785485,21.52221,145.31699,-54.684643,44.358818,-22.157127,4.825264,-19.458733,-2.0991938,-10.24059,-2.4641173,-9.161421,-1.6161351,-0.71446246
4-161103-A-47.wav,airplane,0.3359648,0.09220048320086706,1674.8882368304019,-8.112482,146.43422,-65.75924,43.92771,-16.0511,8.1746,-0.94991714,3.7433758,2.3325982,9.0301,4.300291,4.611302,-2.7285597
4-161105-A-47.wav,airplane,0.061743613,0.05636402637283237,1070.2774166239053,-206.44554,192.89833,-42.962948,13.741744,-8.14606,-11.80269,-0.80491203,-8.153371,-11.497411,-4.013343,-14.086732,-2.4889042,-1.9982166
4-161105-B-47.wav,airplane,0.16315095,0.06743079389450866,1160.774557937807,-101.685036,194.28067,-58.182407,33.547638,-26.306093,-2.6028204,-1.8805473,-3.8953488,-9.559438,-3.8937979,-12.904192,-5.609289,-6.955771
4-161127-A-10.wav,rain,0.1436352,0.14733675036127167,3031.0657634441554,-26.817959,59.07822,-17.713842,24.260254,3.9024615,16.758266,2.3059382,13.660683,3.0276392,12.574625,1.3636796,10.257292,-3.7444346
4-161303-A-5.wav,cat,0.15312168,0.06401564757947976,1921.3492162717241,-407.34198,42.189285,-12.224865,3.9109812,22.288729,15.602878,-3.618862,11.579326,-1.4233284,12.0028,13.537559,16.00482,11.531707
4-161303-B-5.wav,cat,0.11932945,0.02639823428468208,630.2376498834659,-460.64658,17.280092,-5.7022815,0.5491731,9.437305,6.43925,-2.870739,1.8467665,-0.58796275,6.7774215,8.673407,8.110586,2.622545
4-161519-A-19.wav,thunderstorm,0.101705655,0.015060513005780346,378.0297480775827,-351.91696,205.08429,71.34752,-5.457261,-1.913002,21.763565,19.54763,4.8367243,1.805948,4.840023,4.104017,2.5015414,2.8006337
4-161579-A-40.wav,helicopter,0.017043905,0.01209131141618497,313.24858268099075,-640.47473,41.180702,1.3888588,11.731376,-2.5804703,-1.6097689,-0.29866803,-0.66326994,-3.2883034,0.1051314,-1.348511,-0.8107037,-1.1083901
4-161579-B-40.wav,helicopter,0.117025904,0.04970025740606936,1127.1403662242342,-129.10379,163.89024,-16.13167,34.496788,-8.217062,5.710012,3.0527334,-0.37667105,-6.1402283,4.7177997,-3.1044781,3.784566,-5.8288016
4-163264-A-10.wav,rain,0.08687579,0.19330292630057805,3543.4399695049815,-86.408714,44.131615,-13.487037,13.51164,3.6201975,2.6442733,4.412797,8.273422,2.217797,8.499269,0.84721434,7.5412188,1.6998019
4-163606-A-16.wav,wind,0.10216746,0.02249198428468208,593.4102060449021,-306.9889,164.41052,46.926956,38.690598,7.7652016,1.071021,0.837849,8.06586,3.9979544,3.0796545,-15.380924,-5.957656,-10.37767
4-163608-B-16.wav,wind,0.12476279,0.011687703215317919,784.3020349439381,-256.98312,137.55315,19.341362,36.280746,10.494053,17.681042,8.115025,11.905059,8.831746,12.585081,5.333972,9.784915,6.1989794
4-163609-A-16.wav,wind,0.07134151,0.02584785946531792,552.9404948353442,-280.95648,219.51044,18.363422,23.486053,16.273104,-2.3260155,-2.3684695,1.1770422,-0.10902919,2.7424443,-3.2595935,0.78728276,-2.1440663
4-163609-B-16.wav,wind,0.09486372,0.022068619039017343,541.5246035188743,-270.38376,205.49274,21.332735,32.06209,18.356745,2.7268164,-1.5035633,2.4564836,1.2493193,3.0192175,-2.2139833,0.035877537,-2.540544
4-163697-A-13.wav,crickets,0.024637034,0.4646546468569364,5554.807308566655,-334.2655,-93.86729,17.40868,61.41518,-10.860715,18.913061,-17.624506,24.939571,12.303173,-16.352139,-2.9820006,17.382881,-7.0050344
4-164021-A-1.wav,rooster,0.10161912,0.08554235910404624,1642.5344433278146,-384.43146,48.416424,-45.57571,-16.90895,4.45336,19.07186,-10.3672,8.721305,4.375345,-2.2805026,21.590752,11.5813265,23.663458
4-164064-A-1.wav,rooster,0.07740013,0.08404082369942197,1404.8394929332587,-413.27765,23.385984,-63.249508,-9.721513,-5.0744104,-15.021735,9.278952,21.463541,10.710045,20.457094,-2.0614214,-1.0433202,-0.48818767
4-164064-B-1.wav,rooster,0.08929821,0.07074151011560693,1295.7656188020583,-425.40155,11.660478,-71.15879,-25.902174,-21.87814,-21.207493,-4.212308,5.2032213,2.6501667,15.953777,2.474066,3.248663,-0.3186139
4-164064-C-1.wav,rooster,0.08684681,0.0646140037933526,1227.0030973487594,-413.8397,0.40065736,-57.42342,-30.2436,-10.045105,-17.133585,2.0572362,3.2856688,0.39888674,16.255589,2.8322394,11.5059805,-3.5968115
4-164206-A-10.wav,rain,0.07201446,0.24418860639450868,3712.496613963357,-48.63412,54.46807,-5.785479,3.0190585,3.854334,2.7448258,3.879787,7.1112065,3.2986207,3.3857865,-2.7838354,0.38635942,-2.7228208
4-164243-A-26.wav,laughing,0.16554227,0.11728628522398844,2044.4128930938539,-166.54189,84.709274,-91.61248,-9.390533,-23.43407,-14.337228,-8.32783,-10.17601,-26.048891,-4.174416,-16.469193,-6.7280903,13.931823
4-164661-A-12.wav,crackling_fire,0.15030995,0.035167539739884394,2122.8793869276547,-200.33015,82.602905,82.82141,15.275343,11.578737,26.260744,14.802996,17.858334,9.239841,12.290248,4.9374485,4.052904,0.3639474
4-164661-B-12.wav,crackling_fire,0.056366026,0.035898550397398844,2136.3989116164953,-337.91342,70.968605,79.66872,17.460999,12.003162,24.369518,12.723712,15.485564,7.043021,11.388785,3.2946687,5.1486278,2.2110405
4-164859-A-1.wav,rooster,0.22918405,0.080078125,985.2600492183085,-354.0433,85.34224,-65.03283,-39.780518,0.506086,-14.170425,-8.232003,-2.6657145,-4.8016653,17.352285,14.996788,-5.470099,-8.430182
4-165606-A-45.wav,train,0.15680254,0.03576025108381503,1059.412070206279,-121.798164,155.73314,4.8621883,44.26106,4.1542535,9.052726,-2.01771,-0.5958199,-5.718188,5.269814,-2.5199845,1.5405623,-7.241987
4-165791-A-45.wav,train,0.17145161,0.04701329931358381,1061.8526621593062,-123.00275,167.88968,0.9987185,23.361982,-18.290384,-9.94517,-18.205841,-10.043645,-6.0579953,-9.170022,-12.957549,-1.1373236,-0.8132319
4-165791-B-45.wav,train,0.07499225,0.06666026914739884,1434.1850963636646,-148.26251,147.53087,-12.28521,24.371807,-12.546204,-4.9055367,-12.529471,-2.4144623,4.08013,2.3659909,-5.341833,3.3314328,1.1379564
4-165813-A-19.wav,thunderstorm,0.032535862,0.051704186235549135,1012.0633681128611,-326.729,202.27211,-6.8474684,-15.763666,18.959402,2.8036509,-12.266332,4.355137,-1.410342,-1.6874691,-4.4336815,0.61309874,-1.6360922
4-165813-B-19.wav,thunderstorm,0.17378514,0.0270219924132948,735.3593740894,-310.8849,190.8163,39.99618,2.8374412,17.190681,11.690504,-0.08278061,1.1543784,2.460526,-0.96172494,-3.9403663,-2.5782115,-0.5226711
4-165823-A-41.wav,chainsaw,0.17373145,0.20271574692919075,3162.04349713925,-14.327958,47.884487,-38.635506,16.280369,-0.67975724,10.293598,-6.6996703,3.252493,-4.111468,7.777201,-0.052640263,1.13513,3.470068
4-165823-B-41.wav,chainsaw,0.10838859,0.24988992503612717,3693.0202113551854,-65.942535,28.810942,-39.79455,-14.376879,-13.945536,7.4215717,-8.283289,6.1145754,-0.39621052,12.245885,4.13258,8.097549,1.7624272
4-165845-A-45.wav,train,0.23516913,0.06503736903901734,1577.5535073987594,-50.670883,134.87656,-2.1533716,33.59302,-6.1328316,-2.3802373,-9.122549,0.27631682,6.169689,3.2471077,-7.551721,4.4554043,0.60577047
4-165845-B-45.wav,train,0.2127045,0.06527163114161849,1659.4422931008066,-64.50242,129.59004,-3.8803298,28.186083,-4.2120123,0.5910336,-3.4815764,-2.5584261,4.628689,0.42665347,-2.5533776,0.7514976,-0.7908991
4-165933-A-45.wav,train,0.16552784,0.04135149476156069,1001.1077723459898,-147.74126,170.99239,-3.1874568,36.14839,1.5483122,-5.04315,-2.002962,3.0590703,6.060428,1.4512691,-2.6432269,3.234583,-0.14947978
4-166661-A-10.wav,rain,0.13912798,0.1687420971820809,2638.533962740633,0.96870625,83.06909,-37.8035,15.462896,-10.481073,5.973805,-8.750595,5.891274,-5.7854404,0.0021113136,-4.462472,-0.841298,-2.4746587
4-167063-A-11.wav,sea_waves,0.09758584,0.15139823428468208,2611.0920437017685,-47.571842,86.74814,-28.24641,4.7409873,-14.076268,2.2177255,-10.407461,-0.06778651,-6.7707295,-0.7136873,-7.0571055,-0.920551,-7.1242824
4-167063-B-11.wav,sea_waves,0.102238774,0.15642216853323698,2671.695202347716,-60.390457,82.66846,-27.013659,-0.37666956,-19.334177,-0.39309004,-13.382135,-3.9482174,-9.093237,-3.4390347,-8.642036,-1.835053,-8.602253
4-167063-C-11.wav,sea_waves,0.12997828,0.15896236000722544,2680.4780340607726,-16.8352,83.02814,-29.733574,1.3800248,-16.546938,0.17007822,-13.060231,-2.283196,-9.452095,-2.092183,-8.789894,-2.5725982,-8.588426
4-167077-A-20.wav,crying_baby,0.04457802,0.10191812680635838,2858.280625333061,-314.01385,65.38356,4.5203705,-2.5579689,6.2063823,-3.1855674,11.889118,13.037704,12.458681,2.8057685,0.8683269,1.6436694,-1.2941754
4-167077-B-20.wav,crying_baby,0.12293432,0.12087642250722544,2959.8943616498914,-233.6485,49.6647,-11.565355,-7.8813767,0.48444134,-21.283058,-8.276769,16.294067,-1.4218034,6.011563,-12.585475,1.7574077,-1.5832664
4-167077-C-20.wav,crying_baby,0.091514,0.12326420249277456,2852.1299081053626,-246.81882,49.905376,-30.4547,-7.6500626,-10.169289,-7.6648726,-8.948599,8.059715,1.045509,6.2495923,-14.536573,1.0215565,-1.2680953
4-167155-A-32.wav,keyboard_typing,0.0116147585,0.10509054371387283,2138.062695441626,-372.4306,121.7519,-73.25132,75.88365,-21.397278,35.404495,9.065291,13.319865,6.2037177,-2.331125,10.715426,-12.537953,12.140477
4-167571-A-26.wav,laughing,0.08445047,0.06807713150289017,1101.6374190065405,-351.9847,72.59403,-25.885185,2.2953298,-13.153049,-18.476233,-6.14502,20.232353,-18.215748,-12.744533,14.375117,-1.7257167,6.6867223
4-167642-A-21.wav,sneezing,0.16690318,0.045156137102601156,846.8258839518439,-399.62057,7.4012303,-4.558616,2.7268944,-0.060340155,-0.7986263,-2.6567597,0.6268146,-0.450552,1.0362633,-1.0799042,-0.2953655,-2.4956105
4-168155-A-15.wav,water_drops,0.040174097,0.027216740426300578,926.4071865707011,-505.5996,115.34105,60.522163,21.286022,9.957004,8.511953,14.414033,10.293773,0.03736657,-3.0433702,3.7555888,13.344501,11.720448
4-168446-A-45.wav,train,0.28013277,0.037524272940751446,1183.0567810552895,-62.716057,147.31306,2.7967434,33.566593,-1.1092209,7.2466693,2.2923841,15.798454,3.574391,6.46536,-1.2967894,2.398762,-5.595207
4-168868-A-17.wav,pouring_water,0.026628787,0.14230999367774566,2103.4053319604977,-318.14517,123.22091,-59.270905,50.873203,-47.44635,14.312901,-4.3791537,18.322577,10.671891,-10.42801,10.169482,-10.148212,1.4549056
4-169127-A-41.wav,chainsaw,0.07049003,0.21160359465317918,3638.5622883463357,-225.60791,51.59519,-3.7647438,2.4218836,-2.3088057,14.4032,1.4727528,8.770184,5.8688374,13.745439,5.194664,4.181001,-1.2825907
4-169127-B-41.wav,chainsaw,0.20267428,0.2870670384754335,4169.724896355024,27.673359,18.13437,-17.927439,11.724651,-5.630064,4.838853,-4.0961065,7.7791157,4.6483874,7.5967636,-7.5840607,-3.1292336,-7.3007402
4-169508-A-37.wav,clock_alarm,0.05394478,0.5892877303106936,5625.497049402843,-236.59833,-6.3439336,-6.767427,4.6941133,13.493147,-6.115871,-24.71688,-16.345436,7.171772,19.701761,-12.89671,17.492023,-20.25359
4-169726-A-24.wav,coughing,0.08484654,0.034061145231213875,719.7737791461808,-428.74088,26.353725,1.6075757,1.2788781,-2.267039,5.644155,1.8888606,0.3426514,0.13375868,-1.3354901,-3.1596262,1.8830185,1.9178474
4-170078-A-1.wav,rooster,0.1092948,0.04861926481213873,1063.4711820155926,-392.66116,76.09107,-20.950237,-11.196965,6.631305,7.2849493,-2.8812342,3.4714165,6.3858447,8.372176,12.818709,8.101277,5.0697856
4-170247-A-12.wav,crackling_fire,0.07214874,0.007541546242774567,1232.7418566891076,-346.74423,89.519585,48.55096,39.98277,14.776382,24.335062,13.361243,17.038992,7.7503314,12.134245,5.4996014,8.068547,3.9680197
4-170247-B-12.wav,crackling_fire,0.103106886,0.009641437861271676,1062.0825081338737,-295.86002,110.43488,40.082775,38.700386,16.225391,22.515623,14.050237,14.0843115,7.0287957,12.98838,7.9973674,8.507154,5.670038
4-171207-A-12.wav,crackling_fire,0.15297107,0.010132541546242775,898.1368755775529,-282.27078,120.69263,66.19959,29.8044,16.354847,30.834879,17.071934,15.370861,13.78184,14.561032,23.967108,12.353406,1.0314822
4-171396-A-24.wav,coughing,0.05665487,0.08972803016618497,2212.222732170472,-413.60873,65.041115,-14.38977,5.0816035,-7.292007,-2.6381278,-4.8220906,-5.45579,-6.9373107,1.8105938,-5.267428,-2.4563825,-3.2407982
4-171519-A-21.wav,sneezing,0.09321019,0.08592056539017341,1564.913430873715,-381.64966,21.464916,-8.923824,0.3755551,-0.028644782,3.1354554,-8.221341,0.16323964,-5.177625,-3.7650285,-3.0377533,-2.2721512,-1.5978284
4-171652-A-44.wav,engine,0.18839553,0.14296762102601157,2481.9159129466198,0.19351257,93.15343,7.043155,28.05309,-5.33662,5.882403,-13.1049795,-1.9867998,-5.6939845,-1.5472027,-0.026219714,-2.9043472,-7.6901417
4-171706-A-23.wav,breathing,0.19477306,0.19381096459537572,3007.2608176440904,-15.309621,66.572525,-49.605236,-8.965763,-0.65021557,-5.9887867,4.5814123,2.7407558,-6.213436,6.0417852,-4.029731,8.947748,-10.276419
4-171823-A-13.wav,crickets,0.004813093,0.25741453666907516,2857.977200750561,-458.2417,60.66666,-66.149055,48.865765,-16.115175,-24.507267,-1.3011384,27.59724,-16.699614,-5.613956,12.551823,-6.0808444,-7.125554
4-172143-A-13.wav,crickets,0.0116027,0.09687443551300579,2317.334973470486,-382.65656,110.49056,25.403566,12.381891,5.3315406,48.731037,-15.12441,22.07423,9.770981,-8.412235,18.484093,-8.991951,10.677562
4-172180-A-32.wav,keyboard_typing,0.051757127,0.03846414378612717,2510.519762734931,-295.2886,58.50265,20.73523,22.37849,11.503604,18.545238,7.2037334,17.252184,11.560061,9.359843,3.2251272,8.530313,3.1140342
4-172366-A-37.wav,clock_alarm,0.016545514,0.2746201002528902,3121.1663531531794,-572.7058,53.544178,-17.735424,43.28996,10.341672,15.714134,1.7690747,0.58605963,27.67427,-8.370615,-33.82464,14.586066,7.5754986
4-172377-A-17.wav,pouring_water,0.0056703663,0.24160607839595374,3893.2240548393384,-531.3546,23.912188,-1.6588961,4.5129886,-8.478856,3.6068552,8.827594,1.3541275,-4.522701,6.396111,5.977714,9.151175,3.7587135
4-172500-A-27.wav,brushing_teeth,0.019146431,0.056897466582369945,1941.162059534555,-313.9866,99.49003,-6.359552,30.243677,19.330315,-5.070098,-0.88875806,12.360868,6.8364277,1.1245662,1.0360633,12.510186,5.4200196
4-172500-B-27.wav,brushing_teeth,0.016401825,0.13676390895953758,3127.360658766179,-276.84824,45.578987,-23.578686,14.902985,20.529701,14.669546,20.039885,18.395569,1.5215917,11.650573,3.7562902,9.743285,7.033168
4-172500-C-27.wav,brushing_teeth,0.014046528,0.15238326408959538,3057.9695349952185,-267.70752,52.89845,-30.624504,6.551665,21.080809,10.864361,4.494867,4.310452,4.9892783,17.009325,9.166079,18.998732,5.861397
4-172500-D-27.wav,brushing_teeth,0.015703738,0.08264654082369942,2411.1390570324334,-321.07623,82.34353,-11.582464,22.90096,25.275414,1.486351,2.706662,13.236299,9.120388,3.1935234,3.6562612,13.563809,7.1390114
4-172732-A-36.wav,vacuum_cleaner,0.20367289,0.1406080653901734,2714.9073799323437,12.251843,72.41529,-40.815773,2.322879,-11.26179,-8.524958,-24.12557,-3.655088,-18.750978,-10.664293,-13.656412,-3.1463065,-19.264261
4-172733-A-36.wav,vacuum_cleaner,0.31847006,0.17003477239884393,2757.6496427324596,64.912575,70.455,-44.066185,3.461993,-1.7742034,-10.435123,-26.966732,-1.3442007,-17.331776,-14.474024,-11.164857,-1.3134469,-13.889713
4-172734-A-36.wav,vacuum_cleaner,0.21309052,0.14640816925578035,2462.494904979169,5.360058,88.18573,-44.176796,-9.420148,-11.654885,-6.175877,-21.454708,2.6505837,-13.295218,-3.5392208,-4.608622,-3.366413,-15.249997
4-172736-A-36.wav,vacuum_cleaner,0.17484474,0.16216582369942195,2625.1511613017155,12.116551,80.47966,-40.50699,2.0992665,-16.598711,-10.3170395,-20.211184,3.6084523,-9.298705,1.1417663,-4.7979736,-2.966063,-11.320506
4-172736-B-36.wav,vacuum_cleaner,0.18164256,0.16754820718930635,2611.9365709530252,12.588056,80.22604,-42.962597,2.2186205,-12.352858,-12.173058,-17.523796,3.2146313,-9.316453,-0.48340663,-4.6405835,-1.1029824,-9.461653
4-172742-A-32.wav,keyboard_typing,0.010523403,0.040518876445086706,1828.9321426728275,-528.55444,48.511257,-4.738396,11.109764,9.275465,0.9475941,8.060282,13.254588,7.44308,8.781621,3.1619864,6.778282,3.2032435
4-173865-A-9.wav,crow,0.12599142,0.1938504786849711,3150.5103311691064,-156.12918,-13.87014,-110.33206,-31.446695,-18.391787,20.839884,-26.499905,-20.563375,-23.213839,5.065661,-11.27604,-8.611815,-5.3132534
4-173865-B-9.wav,crow,0.064241864,0.25298049132947975,3414.5663809046073,-263.78625,-8.744964,-99.59704,-14.289984,-21.769354,15.17324,-28.794662,-11.062466,-17.137838,-3.2513635,-16.324385,-17.388792,-9.734331
4-174797-A-15.wav,water_drops,0.07161751,0.11843501625722544,3000.56797386271,-355.36716,53.921932,23.765625,19.868052,8.564283,16.715027,7.0161853,7.587696,1.4342345,7.438484,4.8575926,3.4643526,-0.5528349
4-174860-A-3.wav,cow,0.08585482,0.08550002257947976,1814.9572111565785,-240.67616,124.58472,-5.6205993,-10.482574,-19.626373,11.739342,12.95189,-5.879342,-14.702245,-7.5180945,-14.425216,-2.3080957,-4.400039
4-174860-B-3.wav,cow,0.286371,0.12888367052023122,2514.6631909178363,-158.60614,95.67134,1.6419988,6.10685,-4.7954326,0.74102855,-6.0828147,-0.9460282,-10.238828,-9.658754,-12.769357,-3.8800423,-7.4464865
4-175000-A-40.wav,helicopter,0.07717064,0.018563154804913294,301.1296656753951,-431.8755,241.28143,94.28667,9.851926,8.180276,21.259176,9.965808,-4.1880527,-2.3277218,3.4742107,0.6774473,-4.6077223,-5.350258
4-175000-B-40.wav,helicopter,0.18987304,0.014024679371387284,258.04065519721246,-315.87506,224.43657,59.27153,9.155035,32.52382,25.775736,3.00383,5.039501,11.093979,6.231647,5.754403,8.504923,3.8385196
4-175000-C-40.wav,helicopter,0.12540707,0.017417246206647398,394.1188223712935,-299.42386,229.64746,0.81343335,-1.6610448,47.589436,21.799128,8.467241,15.239303,7.6198187,6.5267587,7.16438,4.5853553,8.992003
4-175025-A-34.wav,can_opening,0.07943488,0.23543059067919075,4356.851787323239,-359.12625,20.07522,6.3838806,14.72453,14.442615,14.508825,11.44253,4.8209724,5.1507993,2.0324242,-3.815707,6.9236755,1.8545849
4-175845-A-43.wav,car_horn,0.22695103,0.02228030166184971,878.4773113016959,-171.60536,155.52293,-9.559013,14.214085,10.865496,30.74549,11.356718,23.996145,5.7120614,6.060948,2.01014,8.839485,4.117332
4-175846-A-43.wav,car_horn,0.037194926,0.05069375451589595,905.5934302555929,-413.84274,109.15566,-5.1254535,2.6116495,1.9042234,6.571583,2.93662,9.732079,-5.632138,2.6164544,-2.740735,1.5359935,0.73052883
4-175855-A-43.wav,car_horn,0.063830815,0.03837947073699422,776.4121533018965,-410.0653,98.08483,-7.2628083,0.2637995,0.70022523,7.309868,5.246778,1.14627,-0.79933,0.53611696,-4.3092647,1.4001343,2.0868487
4-175856-A-43.wav,car_horn,0.10201811,0.05992876174132948,1395.6695461234665,-209.41058,140.56825,-18.244534,14.416321,-5.1708045,15.693116,-3.971653,14.947974,2.6856368,7.202337,2.694298,3.8241065,-0.18909283
4-175945-A-38.wav,clock_tick,0.01721579,0.10797224981936417,2075.4827125878737,-312.74222,108.90296,-40.522182,17.074059,-3.4562943,1.8615144,-5.163815,16.861134,-2.988121,-7.72788,-2.0004447,3.220211,-3.8750904
4-176631-A-43.wav,car_horn,0.5046314,0.05999367774566474,1632.8104996647103,-1.7979412,119.03601,-25.668592,9.996086,-5.9226146,20.72592,4.82993,16.379223,2.7195473,3.3665729,2.279974,5.806635,5.4954057
4-176638-A-43.wav,car_horn,0.19810826,0.04715442106213873,1637.653303741317,-262.58786,104.65221,-0.4334941,17.47464,5.472153,17.444258,3.6679718,7.0275083,0.80742705,1.0541027,4.9139805,5.1999702,6.0525856
4-176914-A-23.wav,breathing,0.010676554,0.035475185151734104,706.9467805168135,-691.1769,17.1924,-1.8855264,3.5855587,1.701323,1.0196842,-1.7332351,-1.0439678,-2.4530249,1.9915112,0.034132257,0.49856198,0.3907503
4-177243-A-32.wav,keyboard_typing,0.008094005,0.10791015625,2515.5850888792,-399.4806,81.80866,-21.055584,13.3329735,11.735531,11.918852,17.591444,11.819953,-6.7154465,11.3173895,-3.8697708,-0.8348984,8.512599
4-177250-A-10.wav,rain,0.067034565,0.2684784817557804,4048.2702355752162,-68.83814,30.512632,-11.8189745,9.206997,1.8351899,5.522161,-3.3483777,2.9776886,-3.419023,3.021227,-3.6635911,-0.2728724,-4.4437127
4-177835-A-24.wav,coughing,0.030361854,0.04502912752890174,968.613286855748,-515.343,23.832113,-4.1099515,0.5326165,-3.3949172,-1.7216702,-1.6932534,-2.5521495,-4.6723557,-0.16481325,-0.03926076,-0.10227713,-3.6833594
4-178402-A-43.wav,car_horn,0.052067947,0.1400012418713873,2632.1764461971998,-503.23947,39.62094,-0.39457148,9.715549,-1.366853,0.13364476,2.7475805,3.9956987,-6.738015,-0.40399462,-3.8894677,-7.5900025,-5.6235266
4-178881-A-45.wav,train,0.106177814,0.04330461976156069,1156.7904914841106,-150.95749,154.35161,6.3926153,32.312397,-1.0969857,6.493402,-8.06303,-1.6515499,-9.680654,-4.719475,-7.5602674,-2.5055702,-4.597131
4-179836-A-34.wav,can_opening,0.014596273,0.10963466401734104,2023.42609059098,-657.78644,11.59948,-12.75685,5.4199996,4.0210657,8.777818,4.598691,3.456805,10.015056,5.6076636,2.8214386,3.4083767,2.6040032
4-179984-A-38.wav,clock_tick,0.018758282,0.15008015715317918,2457.5178048883313,-526.84357,32.40108,-25.251411,27.85515,9.54813,-3.166421,10.703065,0.5249935,1.3536189,-6.640522,-8.508127,5.019091,-4.2535925
4-180337-A-28.wav,snoring,0.059110362,0.017614816654624277,1074.084749323527,-370.96616,102.81123,33.763668,40.258812,12.662715,12.348986,12.279133,20.156391,-0.91328174,6.680345,2.980088,6.929564,-5.753774
4-180380-A-10.wav,rain,0.06584059,0.19477905979046242,3310.1649246679044,-66.09397,67.04235,-7.676052,4.631055,-0.40701506,-0.327375,1.2799447,0.59437704,-0.10951692,2.6030033,-3.0397987,1.44974,-3.58876
4-180453-A-17.wav,pouring_water,0.0068367487,0.18258614071531792,3521.6997659262847,-419.56412,33.371876,-19.469225,0.07189377,-7.4929733,16.391743,7.5415277,4.787199,-2.9449487,3.0316455,4.09129,7.6358395,3.6388588
4-181035-A-38.wav,clock_tick,0.026046026,0.08982963782514451,1908.5010742964869,-581.08185,61.916546,-0.93101263,12.449337,12.175187,11.948524,8.701734,13.232577,1.8992431,1.1564349,-2.612149,-2.05677,-1.261453
4-181286-A-10.wav,rain,0.052959837,0.25785765895953755,3798.686424168287,-83.09271,46.09993,2.2501001,16.88037,-6.0461383,13.847489,3.4517448,5.792625,2.2340224,5.091836,1.3863146,3.7045462,0.49978796
4-181362-A-13.wav,crickets,0.0029566344,0.18337077763728324,3608.6116953140872,-425.12018,61.983307,7.8276925,1.8134971,7.8390718,-12.497461,-5.257935,-11.759528,-14.50735,-11.448626,-17.115978,-13.217723,-16.637861
4-181563-A-12.wav,crackling_fire,0.04291488,0.06198913927023121,2795.738200863798,-217.07216,88.12718,46.285988,19.982916,20.027756,1.9307207,9.454651,0.26345447,2.181707,7.750596,-0.7669935,11.045072,-5.373809
4-181599-A-26.wav,laughing,0.16724776,0.025709560151734104,1885.895821772334,-208.14899,49.170067,-48.399227,33.001167,-9.790089,-1.4651489,-2.3054156,1.6080201,6.821811,17.679525,-6.5737305,6.2757053,12.530115
4-181628-A-17.wav,pouring_water,0.038418826,0.15895953757225434,3326.9768330598454,-286.9282,29.78449,-41.218784,18.076353,-1.7088164,15.851683,9.661717,15.933001,6.717116,11.065098,5.120207,10.27345,4.146712
4-181707-A-32.wav,keyboard_typing,0.012983402,0.23721436958092484,3780.706102978996,-368.1168,23.643557,-34.285213,9.538127,-2.1314902,-2.5216367,-6.2581277,-1.5978508,-15.6003065,3.9258094,-8.460174,-5.013555,-9.723232
4-181708-A-32.wav,keyboard_typing,0.021943187,0.1772545610549133,3247.3432518574273,-290.91202,47.82922,-40.395405,6.849117,-6.92276,-5.0066094,-13.693565,-2.4976726,-8.296646,1.1499473,-9.924684,-3.3448853,-12.705261
4-181865-A-38.wav,clock_tick,0.031833168,0.013175126445086706,911.7041341862837,-406.824,133.88225,20.898615,12.807095,6.5217104,19.570538,9.213162,9.521938,5.130539,10.0105295,2.4382052,5.1347847,-0.17901601
4-181955-A-3.wav,cow,0.11261986,0.06926819906069365,1410.9966589250928,-188.48776,140.55727,-42.9682,6.833456,2.9916873,21.329834,6.9651923,10.06692,9.103843,12.110501,-5.7254963,1.6757294,-0.93578553
4-181955-B-3.wav,cow,0.09067827,0.039914875361271675,1061.5575761748082,-215.20985,165.23964,-38.390854,10.346435,-0.12187054,13.361904,7.7072887,16.00067,1.4904356,6.2523117,3.3058352,2.7242095,-2.9054964
4-181955-C-3.wav,cow,0.06741685,0.041204728143063585,1002.5964377749135,-257.51724,163.18669,-35.02288,13.049537,7.8704367,24.15475,17.492872,16.941536,11.670907,15.161062,6.1487665,3.6742728,-4.680141
4-181999-A-36.wav,vacuum_cleaner,0.25126487,0.28813109645953755,3528.160124012985,52.453262,44.37314,-22.124062,18.05514,5.4399843,-15.5106535,-11.495423,-7.670857,-14.870967,-15.201448,1.9839393,-11.328218,-5.213342
4-182034-A-30.wav,door_wood_knock,0.08013558,0.07371353414017341,2455.1167993003573,-430.52853,68.63179,40.33973,21.844046,12.914682,13.342277,10.502794,11.054874,6.731887,6.629683,4.5356016,6.7968664,5.2571282
4-182039-A-30.wav,door_wood_knock,0.09070358,0.016658011199421965,792.7598786169978,-486.16772,51.7742,30.180683,19.791164,14.518182,11.137583,10.381315,8.157687,6.999571,6.6630654,6.6710515,6.110309,5.723628
4-182041-A-30.wav,door_wood_knock,0.059314765,0.009299923229768785,341.7028824006567,-531.26953,54.286884,22.765924,4.911155,-0.063495055,2.9798548,2.121253,2.409892,0.64861387,2.4747329,1.8064519,2.3030343,0.5316558
4-182314-A-7.wav,insects,0.020169284,0.06561596820809248,2127.582941547875,-279.23746,98.4909,8.056764,20.420479,9.38829,17.78975,9.884782,6.517347,3.2112973,3.8101358,-3.5873768,7.450213,4.430147
4-182314-B-7.wav,insects,0.021191003,0.05465080834537572,2016.4002145439092,-282.06567,105.64227,16.785767,9.347598,10.397446,17.787027,8.256309,6.445464,1.3686838,6.7487574,-4.5861025,6.1860886,5.881004
4-182368-A-12.wav,crackling_fire,0.0099013625,0.08062285494942197,2782.1391373624797,-367.1461,89.283295,33.383884,17.071947,9.531729,3.5186296,6.588055,2.2028372,1.7293282,7.6782126,-1.1534576,8.183121,-2.145229
4-182369-A-12.wav,crackling_fire,0.027934551,0.05880261018786127,2939.166240741385,-265.18863,86.63698,46.00388,18.481876,21.0413,1.5572464,10.015716,0.60353106,1.8973336,7.1039743,-0.9622476,11.967948,-5.1629634
4-182395-A-0.wav,dog,0.040910978,0.0162769824783237,429.9848106928848,-554.77875,30.821655,13.294766,-1.4896717,-3.9482827,1.5129269,-2.6430824,-2.2990808,-3.0709414,-1.4598535,1.5450221,1.4231261,-1.031402
4-182613-A-11.wav,sea_waves,0.18282841,0.09301052203757225,2041.3542720784098,-9.231509,112.1361,-6.8244066,14.747623,-9.411871,2.0932567,-9.865703,4.424799,-6.6281734,1.8238448,-4.4942183,-0.21277764,-1.5930758
4-182613-B-11.wav,sea_waves,0.15735154,0.07789638276734104,1834.762894675384,-46.98265,121.04666,5.8235617,16.94213,-10.16332,1.9468473,-10.724289,2.4164195,-7.813496,1.3503426,-6.4892316,-1.1689126,-3.787702
4-182795-A-14.wav,chirping_birds,0.010430059,0.1832522353684971,2835.694651347682,-344.45523,69.68562,-11.141939,30.83964,-1.1641786,-25.302156,-3.9937346,19.453772,-16.18719,-8.017407,2.084652,-2.8927033,-18.700254
4-182839-A-17.wav,pouring_water,0.08759909,0.11835316564306358,2612.225156076316,-171.37726,73.83321,-16.012066,-51.26281,-36.73442,-23.142809,-14.906676,-24.9818,-42.608,-14.9022045,-2.5907555,10.123371,3.574012
4-183487-A-1.wav,rooster,0.08217515,0.114918262283237,2434.0731042094367,-397.41568,32.726124,-9.65566,-20.000834,-7.0696464,18.030102,-8.072907,-17.340633,6.4590745,14.263926,14.287507,6.675756,3.882387
4-183882-A-28.wav,snoring,0.04854009,0.07402964685693642,2127.9129658434845,-260.02567,100.75802,47.29283,21.113462,0.7361851,15.459848,3.3647933,-0.46989027,6.9717536,9.91416,-11.666212,8.508372,10.506153
4-183882-B-28.wav,snoring,0.039232537,0.04706974801300578,1971.4603534131459,-324.97757,96.13137,43.483467,25.3225,14.677847,16.74746,-1.4560237,2.0320404,9.454721,6.2563577,-1.515812,7.7161336,4.2367654
4-183992-A-0.wav,dog,0.062125675,0.041913159320809246,1023.8445677027914,-389.60022,142.28152,14.533195,3.0149357,12.489884,-0.36204642,-12.310155,-5.7867427,-10.483709,-0.9423403,1.2819724,2.5936277,-2.517889
4-184235-A-28.wav,snoring,0.0058993124,0.05491047236271676,1876.9017522325544,-440.7804,102.73959,27.038916,14.966132,-1.5300715,13.739122,12.05249,19.169188,-1.1363779,4.346196,-9.504755,3.6316016,7.8320904
4-184237-A-28.wav,snoring,0.035622917,0.06189599891618497,1998.1192036146335,-382.88882,79.47092,28.799446,27.234562,2.467683,24.639091,1.1164482,23.216179,12.412729,7.0963006,1.6062258,8.895567,2.498973
4-184434-A-21.wav,sneezing,0.0009509541,0.12804258489884393,2751.522834892333,-657.9914,75.937294,14.22061,27.620811,6.510995,11.963328,4.8028326,5.342123,0.2894639,3.808243,-5.091757,4.7864475,-1.6535078
4-184575-A-0.wav,dog,0.07208379,0.0673828125,1440.350405990708,-404.41425,104.16264,-28.620739,-40.002808,-6.4557824,1.8385675,5.983654,9.962669,3.541567,16.475489,11.974923,21.719725,8.404026
4-185415-A-21.wav,sneezing,0.06678009,0.03062906430635838,997.9731027207908,-553.5277,13.876922,3.9759002,5.071554,5.6313457,4.953784,2.8001285,4.218194,2.552005,2.9858835,1.5342588,0.74508166,1.9609504
4-185575-A-20.wav,crying_baby,0.097727284,0.18219946712427745,2923.617674160865,-204.11661,58.361748,-31.317928,4.882698,-3.7245183,3.3524554,-31.227375,15.106273,-0.5315282,7.2759304,-15.968936,-0.7598142,-1.0189315
4-185575-B-20.wav,crying_baby,0.11604599,0.12488428016618497,2332.350421436896,-212.22034,77.50771,-36.67663,3.2268212,-10.221649,-3.6887298,-39.293262,8.369207,-9.001932,5.5009365,-8.814458,3.5508292,-3.8147671
4-185575-C-20.wav,crying_baby,0.09804907,0.13630385205924855,2459.9775681206625,-262.06918,58.655235,-43.224934,-5.231055,-12.558229,0.9632162,-27.092316,0.20194204,-11.962114,-6.1617765,-8.01791,1.3901209,-12.537109
4-185613-A-32.wav,keyboard_typing,0.025501758,0.1354204299132948,3666.7195313841535,-290.1354,28.245766,-18.606585,4.3009706,-0.47175553,6.788704,19.09016,28.45698,2.020277,10.388499,3.152198,18.586971,7.4961805
4-185619-A-21.wav,sneezing,0.091775246,0.06058638908959538,1434.0952776737986,-403.9308,39.731743,-5.7328362,4.415232,2.0322993,0.5972399,-4.143302,-8.079772,-4.9606724,-1.2997845,-1.3901823,1.1332084,0.6644201
4-186518-A-30.wav,door_wood_knock,0.061388917,0.05763129967485549,1552.5473557645562,-436.69992,125.01163,-7.688866,4.9884505,5.32024,7.0473294,10.493779,7.350954,9.081072,9.847851,3.5486705,3.492781,2.672344
4-186693-A-17.wav,pouring_water,0.05500329,0.26961592304913296,4158.116381483624,-245.21478,-7.1707854,-52.817383,-9.581208,-6.7542224,-1.7868247,6.373731,5.993985,-5.720899,-1.1666418,-10.466549,-14.276062,-13.471024
4-186935-A-44.wav,engine,0.08986631,0.12171468569364162,2031.5925805264744,-133.36533,89.82261,-48.28343,9.097615,10.942191,7.563387,6.0226994,0.31661925,6.826338,4.3359094,2.8076453,3.1975176,-0.3743253
4-186936-A-44.wav,engine,0.13587254,0.054944341582369945,1801.3609941306051,-129.11282,98.9748,-29.30628,13.315229,9.217548,7.4610696,5.174713,17.935942,12.989782,14.75418,11.075036,26.447767,13.465085
4-186938-A-44.wav,engine,0.168045,0.040561212969653176,1390.9072390112717,-206.91289,72.38883,-18.371096,13.05076,6.6963763,6.682013,3.0021443,11.310044,8.265417,10.998604,8.043919,14.973921,7.179355
4-186940-A-44.wav,engine,0.29620835,0.08711727781791907,1933.2010335196273,4.5173197,110.20277,-31.708473,5.30302,-16.130554,5.3293333,7.3678093,14.10792,14.767838,5.8096685,2.4257581,6.198848,7.469335
4-186962-A-44.wav,engine,0.40049395,0.07431753522398844,1945.9494466294125,4.4706564,96.40599,-28.46433,21.653921,15.810109,8.7571125,5.102963,16.874115,10.5063095,15.268024,10.793032,18.038885,7.9060016
4-187284-A-30.wav,door_wood_knock,0.02395773,0.043756209356936415,1197.2696240547118,-437.47543,148.5672,6.4981484,-2.291617,11.325159,8.270765,8.480657,8.50197,6.1338034,6.0614924,3.8138742,2.8990874,-0.28383303
4-187384-A-34.wav,can_opening,0.025791116,0.05415970466040462,869.4489155356406,-664.3355,-0.009867145,-8.950793,1.9903237,1.8407917,1.2656813,0.93010175,0.55044293,0.5041193,5.699026,2.3196476,-1.1002369,0.62824696
4-187504-A-17.wav,pouring_water,0.017594676,0.18230107478323698,3142.4356001101078,-372.8556,27.452559,-56.39583,-15.72222,-20.30418,-24.603725,-10.452441,-6.652117,-12.063332,-12.73674,-14.39106,-6.162368,-4.282621
4-187504-B-17.wav,pouring_water,0.057921488,0.24503533688583815,3815.162461690706,-335.55676,-10.244052,-68.44547,-40.88081,-28.540493,-8.924158,-20.822268,-0.93997526,-1.2475361,8.000503,15.093327,12.9921465,3.7637732
4-187769-A-14.wav,chirping_birds,0.019236699,0.07825483200867052,1664.484849915679,-281.60065,136.05527,-21.084019,14.838935,7.87357,14.947904,8.277543,9.866432,-2.5477948,2.3930511,0.070231006,5.175402,2.1892748
4-187769-B-14.wav,chirping_birds,0.042087868,0.19030550036127167,2369.782076614642,-256.93832,109.26301,-32.368324,44.756092,4.4096212,10.884609,5.254934,14.9622755,-3.3932393,2.5298474,-1.926196,6.443799,-0.5927898
4-188003-A-34.wav,can_opening,0.047933858,0.08211592304913294,3196.650884103445,-512.1896,23.086466,30.01591,16.770617,14.445306,17.837862,18.19195,12.131613,7.6213045,13.315415,6.45307,11.549071,4.550056
4-188033-A-38.wav,clock_tick,0.012259076,0.3737101472182081,4032.3285678877323,-737.25806,20.72315,-9.898726,4.4659014,-1.7888477,4.0191665,2.1931758,1.1827533,-0.047589164,2.7944596,-0.29391417,-0.15974407,0.44483384
4-188191-A-29.wav,drinking_sipping,0.019745518,0.1573592169436416,2749.4339496960806,-431.26993,68.68751,-6.125321,9.272587,-10.981299,-21.054796,-26.12823,-7.211107,-22.969027,-5.812355,-0.14200543,1.924269,-5.5114303
4-188191-B-29.wav,drinking_sipping,0.026646107,0.1533231349349711,2691.9960122810494,-441.87085,67.120865,-8.15217,8.434532,-7.259939,-17.893883,-19.488617,-6.843647,-20.937359,-9.585869,-3.2239966,0.10706077,-5.357929
4-188191-C-29.wav,drinking_sipping,0.035138115,0.13859284682080925,2602.5554157792653,-409.71393,67.68344,-11.401147,11.36128,-5.431737,-13.210963,-18.47646,-12.587978,-21.033731,-13.712882,-7.7484927,-1.0602754,-7.687703
4-188287-A-9.wav,crow,0.11938973,0.13107388005780346,1678.8557428868878,-366.17673,83.60768,-117.031,-40.199852,23.71338,-0.9081162,12.361085,-2.415597,-32.819756,-11.831957,-2.6336694,-5.1481376,11.441123
4-188293-A-15.wav,water_drops,0.00847587,0.035960643966763,1587.148154358228,-571.0928,99.33022,24.106028,24.36936,14.503121,20.492168,16.438719,16.784843,7.385973,2.9566236,-0.046628565,-0.0012764242,-0.71034056
4-188293-B-15.wav,water_drops,0.0077535,0.031049607117052024,1512.2245293280507,-579.83606,102.60852,25.761984,24.661144,18.030416,19.205868,14.809397,16.638195,7.345175,4.262041,-0.7569447,2.9065168,2.0285423
4-188595-A-29.wav,drinking_sipping,0.019519879,0.10646506954479769,1929.2819707026158,-487.66177,74.832405,-9.577727,-10.132191,-12.039633,-11.423753,-7.473174,-1.1530018,-4.552825,3.5953581,1.2603501,4.2347383,-0.24704981
4-188703-A-8.wav,sheep,0.084662296,0.050775605130057806,973.771976902944,-274.27368,186.75194,-32.11795,31.25376,-5.1506467,-5.5397577,12.707204,-0.24910176,7.606492,7.2154336,4.116743,4.6216908,-0.5744877
4-188703-B-8.wav,sheep,0.18772346,0.04274013276734104,921.8205316864726,-202.78279,176.54231,-28.606773,36.059406,4.4436955,-5.614024,10.953395,2.7428396,6.472186,8.926194,9.312426,6.2519135,0.3089223
4-188703-C-8.wav,sheep,0.11761653,0.03082945718930636,663.7251412818033,-257.76236,192.55911,-7.614358,37.388485,13.4161825,2.4361928,14.183817,-1.3174678,7.3512917,7.7470994,4.2543845,7.307666,0.41974908
4-188703-D-8.wav,sheep,0.07584467,0.055808006683526014,1048.4422779525953,-267.80817,179.73471,-35.47625,31.914396,-6.9569,-1.4129372,11.13432,0.38354173,6.0556316,1.1067506,5.6367426,3.757861,-3.9080956
4-188878-A-30.wav,door_wood_knock,0.046936817,0.12038814125722544,2634.70642807737,-477.30222,95.26956,13.357748,10.128403,14.121027,4.3396583,6.8277783,5.756573,3.0423768,2.6481917,-0.64614093,1.148028,-0.06373764
4-189332-A-37.wav,clock_alarm,0.13064784,0.125200392882948,3048.287183197775,-416.66852,-24.29151,-26.071156,25.164534,42.182682,24.601799,-17.035873,14.905061,17.427416,7.3491096,-10.086959,9.60503,17.998476
4-189828-A-22.wav,clapping,0.11479251,0.165239455382948,2522.4798391620507,-45.274387,75.414925,-71.56601,-12.965267,-12.400087,-1.0835731,-21.118792,-2.224599,-5.5943646,-6.374454,-8.50869,-1.5720594,-9.5213175
4-189830-A-22.wav,clapping,0.041792452,0.11933819544797687,2229.3897330016666,-152.89323,101.97,-38.866474,-2.2965913,-6.1128592,2.6576726,-8.469841,-7.840965,-0.6455776,2.4545135,-4.4223084,2.1722941,-4.6137652
4-189832-A-22.wav,clapping,0.117278114,0.16998679100433525,2538.830287478457,-37.384995,73.727745,-73.7949,-8.670788,-12.496,-4.7558045,-16.487295,0.1573421,-6.985535,-4.519654,-8.352615,-0.040998206,-8.316019
4-189832-B-22.wav,clapping,0.09239194,0.16241984284682082,2525.1788782438207,-62.039,75.171,-70.43002,-14.271244,-15.289373,-3.6241207,-21.54076,-2.6773894,-6.6977086,-5.491937,-10.505695,-1.9606066,-9.434292
4-189833-A-22.wav,clapping,0.1241241,0.16839211524566475,2515.1205800345815,-34.717075,72.374405,-76.927376,-13.148137,-16.107103,-8.168507,-20.910378,-2.280753,-12.8702,-6.505144,-9.797865,-3.6241546,-10.327415
4-189836-A-22.wav,clapping,0.04108739,0.16672687861271676,2464.5598666947044,-157.23537,77.22871,-76.910034,-9.4251585,-11.474382,-5.2593946,-19.48264,-0.7017592,-9.080904,-7.099548,-9.976801,-2.3331873,-9.442075
4-189838-A-22.wav,clapping,0.061855264,0.15908372471098267,2420.0307555878476,-106.738075,82.256134,-71.30789,-12.973417,-8.588446,-4.4639544,-21.710175,-1.4012988,-6.9998307,-3.4748874,-10.011779,-1.8192866,-8.207841
4-191015-A-43.wav,car_horn,0.048861668,0.06488495755057803,1830.460353192701,-237.03708,101.09104,-7.514431,27.367683,28.789564,8.022606,18.558264,26.081654,-7.932304,9.619988,8.906192,2.2271647,6.3786063
4-191246-A-7.wav,insects,0.0485518,0.1484318551300578,3130.896281806798,-158.48097,74.21592,-0.35749245,-22.755033,-13.09498,-4.0177474,-14.545783,-14.030595,-16.906784,-14.324955,-17.480938,-10.02603,-11.429497
4-191246-B-7.wav,insects,0.04324304,0.10475185151734104,2563.82531196272,-280.40024,90.109184,18.460032,-5.2746577,-13.944251,-2.4583995,-16.844778,-14.109908,-22.074894,-20.202389,-18.84143,-12.058529,-16.744778
4-191297-A-28.wav,snoring,0.124395326,0.015164943099710983,913.0964838421363,-304.49814,134.15686,2.384222,48.45418,3.334058,25.896984,-11.206365,-17.488138,23.992554,13.718656,9.552402,14.625127,21.942947
4-191327-A-38.wav,clock_tick,0.01328993,0.1821204389450867,3001.6961096422165,-426.22443,62.088116,-24.031326,21.598162,-14.48076,-4.1901083,-15.248006,-0.8964974,-0.17434305,-6.724911,-15.566268,-9.877307,-16.650194
4-191687-A-0.wav,dog,0.12169302,0.0555088285765896,1385.1589488315005,-363.87842,78.263016,-4.7289224,-13.703175,-9.051656,-5.968573,-5.449754,2.8440657,1.011204,-3.8421195,4.479102,4.6888394,-3.6016266
4-192068-A-31.wav,mouse_click,0.021866223,0.4038170610549133,5869.149549317219,-565.2534,-38.52138,81.21894,41.74648,-13.941601,8.124928,32.617733,15.048935,9.161525,0.056837667,-6.654607,9.471696,3.4697068
4-192236-A-0.wav,dog,0.091057144,0.05229125270953757,1295.7220857240843,-350.82803,92.33245,9.710391,-5.7228427,-15.875903,-17.311869,-1.4441271,-11.967621,-11.015646,3.1666386,-2.7015026,1.9176646,2.0054352
4-193480-A-40.wav,helicopter,0.12920707,0.06155166184971098,1511.6951355494036,-81.31751,145.69775,-25.212984,24.788027,-8.616592,21.18103,-12.523572,10.350094,-6.291226,7.748607,-8.385225,2.800476,-7.764938
4-193480-B-40.wav,helicopter,0.13425373,0.09640026643786127,2144.6865560658975,-62.369244,115.85039,2.9183927,-0.30302706,12.655603,15.449874,-0.029228894,6.2647047,-11.764715,7.536987,-12.2327,4.854073,-15.006898
4-194246-A-13.wav,crickets,0.035371445,0.07628477239884393,3716.2942770046707,-377.43082,61.958866,56.780552,-5.224087,39.855106,-2.8475685,29.537313,9.555591,19.430925,10.106596,18.087433,3.251934,9.019421
4-194680-A-36.wav,vacuum_cleaner,0.042011727,0.21170520231213874,3445.5014691449705,-127.376465,64.14731,7.784311,4.3869257,-8.081681,3.9160397,-11.210823,-3.9588475,-1.0649384,7.459374,3.0170305,7.1668983,-7.3566465
4-194711-A-38.wav,clock_tick,0.004382942,0.21682792178468208,4455.9815003064,-484.92694,21.259611,32.05822,19.99401,-5.335313,27.781397,12.803587,2.0361476,7.201737,-2.0580883,8.735061,-6.4690647,4.6017685
4-194754-A-0.wav,dog,0.06884465,0.05054134302745665,1236.4153567931576,-326.8384,134.72527,-19.914906,4.185773,2.8873453,10.782,1.590874,15.519278,13.574504,6.029978,1.1061095,3.6285615,6.5494504
4-194808-A-29.wav,drinking_sipping,0.059113607,0.05705834537572255,1161.522216243292,-420.65787,37.268127,-5.4439936,5.369808,-0.5392905,1.4817214,-1.5485942,2.7795427,2.1506066,4.0357304,4.6579976,4.8914666,-1.8331133
4-194979-A-25.wav,footsteps,0.0130305085,0.214067580382948,3241.529935062544,-234.00189,63.3424,-21.465828,-4.389541,-15.416457,-2.049415,-6.4147744,2.104555,-4.653431,1.6263335,-4.0066533,0.22216816,-5.229673
4-194981-A-25.wav,footsteps,0.03817602,0.0727595511199422,1593.8070355546856,-262.647,135.8342,-6.400032,14.435858,-6.6963525,4.1133685,-5.637457,2.7455664,-3.7892587,1.0804458,-4.287065,0.098268144,-4.9050193
4-195305-A-31.wav,mouse_click,0.011940387,0.14312849981936415,3048.197554115498,-501.2789,82.75849,20.454668,7.4043865,-8.766039,-8.580937,-8.974856,4.4718933,-22.040606,-6.35861,-17.490274,-0.022877224,-11.033885
4-195451-A-44.wav,engine,0.16672827,0.13591153359826588,2933.3088496884407,-10.147962,75.68133,-3.5806406,17.83042,-3.6480381,11.479857,-1.236427,-3.5784626,6.9560065,7.014603,10.437201,-1.4939277,0.013514965
4-195497-A-11.wav,sea_waves,0.09140817,0.16285732026734104,2693.5636118669013,-85.800095,80.5424,-35.614307,-2.2412574,-6.4280987,-8.856869,-4.6319737,-4.120788,-9.356806,-0.9545426,-10.196472,-1.3804804,-7.081159
4-195497-B-11.wav,sea_waves,0.07280906,0.14835847182080925,2558.4298821999755,-145.41154,89.60288,-28.914497,-3.328217,-6.125793,-7.9210143,-5.034731,-3.9160106,-10.332581,-1.9959166,-10.04364,-1.5786284,-8.211136
4-195707-A-13.wav,crickets,0.08289562,0.735667675216763,8033.293794449026,-272.09204,-32.118782,89.8506,-59.39924,14.13761,-23.978899,-28.68881,1.7665608,-24.048058,8.338476,-23.519335,0.9769695,-15.935773
4-195805-A-13.wav,crickets,0.20506819,0.6815051481213873,7466.29092838545,-105.10013,13.037815,61.91657,-31.365646,33.8406,0.6136197,21.159445,7.964059,4.9767165,-3.63029,-0.51579773,9.671613,-2.2924085
4-196671-A-8.wav,sheep,0.05059815,0.12055184248554913,1945.7475390964748,-227.92215,116.884155,-59.99247,38.393005,3.786566,-2.10556,6.9515023,5.404119,-5.8064523,2.476941,-12.517954,-1.2730743,-6.1452956
4-196671-B-8.wav,sheep,0.042977985,0.13292257496387283,2007.9921498902854,-244.70276,115.070305,-63.795895,48.06005,13.263195,-3.3599775,14.273185,7.567002,-1.15972,1.321122,-7.13266,6.7098784,1.4056476
4-196672-A-8.wav,sheep,0.039749283,0.36904183977601157,4680.380532612878,-183.40013,5.12204,-5.110483,5.111979,-13.69772,-6.612425,-29.36017,3.739077,-6.3317943,-0.22461952,-3.9972944,-1.1930001,-5.7737856
4-197103-A-6.wav,hen,0.10431366,0.023386696170520232,845.4716328130529,-347.6312,126.939644,27.053501,9.269101,8.349877,4.882485,12.130656,25.716843,18.664764,19.988428,6.719906,8.951198,8.344169
4-197454-A-28.wav,snoring,0.06558433,0.05806030979046243,1861.3246210062782,-350.60437,106.28388,23.800188,17.543098,-6.5208664,4.16042,-2.0631845,26.797903,7.297053,7.922949,3.6544933,13.7536745,-4.121323
4-197454-B-28.wav,snoring,0.060402032,0.08270581195809248,2125.8275274192597,-331.91754,105.935104,12.137569,14.262548,-10.607719,3.0544426,-2.71498,28.66838,1.0534452,7.977848,1.6674379,12.891836,-9.315597
4-197871-A-15.wav,water_drops,0.005289061,0.21055929371387283,3075.6270687755223,-734.91943,-40.023346,5.207684,23.058998,-6.4523025,-1.908973,8.428118,13.491238,-3.4762855,1.4939439,2.8495905,1.936843,-0.6936887
4-198025-A-23.wav,breathing,0.03975885,0.15204457189306358,2680.874258342261,-251.39265,62.49168,-30.24436,43.393223,1.6925913,9.563973,11.521586,1.0920457,-3.2516656,13.892617,0.8807605,10.660484,2.9968283
4-198360-A-49.wav,hand_saw,0.094159044,0.23409557893786126,3588.803063409344,-54.732548,43.1257,-28.987522,-2.8777888,-4.3895555,-4.5990725,-2.363465,-0.5265488,-7.3310757,-4.759564,-9.691275,-9.294871,-8.195283
4-198360-B-49.wav,hand_saw,0.050660368,0.15729994580924855,2899.954054351256,-180.70424,76.66842,-10.0279255,6.867727,-2.97148,-1.2289675,-1.1412401,-4.3236103,-12.4681225,-7.2068043,-9.559599,-6.5550284,-7.243401
4-198360-C-49.wav,hand_saw,0.05485085,0.16254685242052022,2958.4018548396443,-184.76517,73.78839,-14.102342,4.572152,-5.0225472,-4.082306,-1.5745857,-1.1582026,-6.9723573,-1.4819357,-6.072079,-3.7807698,-5.8413796
4-198841-A-37.wav,clock_alarm,0.2469074,0.8234538701228323,6833.722980378125,-122.64357,-1.9913667,-41.455776,-45.736313,-8.91586,-26.956026,11.797652,-24.26707,12.536012,-0.15954544,8.607632,14.837617,7.8207936
4-198962-A-25.wav,footsteps,0.013524246,0.021777908236994218,884.2885861677659,-538.2907,119.78701,46.79206,15.956514,11.3698435,12.8068695,6.8676023,5.3875155,4.9466863,4.008837,4.8258796,3.8963559,2.3904595
4-198962-B-25.wav,footsteps,0.014460912,0.022014992774566474,854.0361093287756,-513.0429,165.24107,18.878315,20.056284,17.815916,19.796804,2.8934886,9.170825,4.0812755,4.7047653,5.7541986,2.2065384,2.2816906
4-198965-A-38.wav,clock_tick,0.013017417,0.10765613710260116,2800.3107557795497,-434.9865,78.01384,13.102054,17.369642,23.265926,4.527724,-1.6615993,9.61111,0.1331231,-0.87125903,-15.358898,-6.905234,-5.117676
4-199261-A-0.wav,dog,0.11213207,0.0639704886199422,1428.3574101454178,-372.17242,103.275665,-13.053429,-10.159454,-6.602988,-13.943027,1.0312575,-5.720343,-9.552116,-6.1671867,-7.2498016,-0.4605325,9.755232
4-200330-A-6.wav,hen,0.03974927,0.11045599259393063,2277.779800813603,-246.403,95.101425,-5.4837527,-32.942204,-30.005526,-4.4992547,0.4205974,2.5817132,5.317577,-2.3610797,-19.308918,-12.058105,-13.668312
4-200330-B-6.wav,hen,0.017677423,0.17937985458815028,3080.8275371976447,-294.82315,70.94764,-1.3232996,-17.354427,-19.27985,0.53525734,-2.7722557,-1.9485403,-5.3876157,-8.6069,-10.904915,-7.6923094,-16.830276
4-201300-A-31.wav,mouse_click,0.0035394134,0.04944623825867052,1144.2375967011783,-767.41907,23.10431,3.9003835,5.446271,0.38082033,-0.11725984,2.186971,1.4399971,0.39228258,-0.07178382,-1.9004288,0.29982108,-2.8525205
4-201800-A-31.wav,mouse_click,0.014470789,0.28198383309248554,3354.3448905869323,-636.4586,19.598896,16.143774,6.485374,6.813296,6.3273644,10.525841,12.333967,6.974239,6.621026,6.9299726,6.9025016,6.775842
4-201988-A-44.wav,engine,0.09471532,0.030609307261560692,1828.9581639117923,-193.61899,95.36436,27.37517,44.389156,-7.100677,18.230146,25.910185,18.413935,6.2744946,6.3617826,-1.9620767,2.5825214,3.2060635
4-202298-A-31.wav,mouse_click,0.016158296,0.11472915914017341,3465.818019197656,-555.52893,55.90865,23.778383,-1.2338483,-2.3500416,1.9559735,9.669926,11.959496,5.236621,6.505962,6.4578133,9.801323,-0.21169364
4-202749-A-13.wav,crickets,0.008834621,0.30773855220375723,3555.057482726883,-407.13913,45.8942,4.2289686,43.274506,-19.390509,-23.654102,36.846725,-9.922932,-29.157057,27.447695,-18.031157,-21.899984,21.839832
4-204115-A-39.wav,glass_breaking,0.0074203233,0.1100410946531792,1411.4089441113454,-712.38464,9.039923,-4.5251093,11.89677,-4.8769712,6.456161,-1.4279146,1.5523388,-0.30305475,1.3601615,-0.72667503,2.4096072,-0.21311712
4-204119-A-39.wav,glass_breaking,0.017471774,0.12258399566473989,1473.248120600524,-678.8025,-9.021506,-2.8350644,6.8035784,-4.6506567,4.050521,-0.6563164,2.7381306,0.9808228,1.9934853,0.66285086,3.1087358,-0.20577386
4-204121-A-39.wav,glass_breaking,0.011929439,0.14043871929190752,2049.3122790481893,-647.82056,12.412942,-2.4205434,16.51595,-6.327678,8.462585,0.054324474,4.780172,2.0548348,4.4263616,1.1986718,5.1215467,0.27739114
4-204123-A-39.wav,glass_breaking,0.01348553,0.13201939577312138,1774.5148338802048,-665.1241,4.744882,-0.47785923,12.781312,-5.0497947,6.0157437,-2.023808,3.0967195,1.7548038,2.7284408,1.8073521,5.0072913,-0.32131746
4-204202-A-29.wav,drinking_sipping,0.023218691,0.10135081737716763,1704.022345815845,-575.6848,27.670906,-13.497667,22.535337,0.01519105,11.181061,4.0002546,13.392042,5.9533615,7.353045,9.394185,14.343014,13.336324
4-204612-A-31.wav,mouse_click,0.02878436,0.06973954570086706,1865.8763582077884,-510.55817,84.65483,3.5249686,11.830643,1.9078242,25.25183,13.020667,22.827837,14.197731,15.537236,11.26113,5.97295,7.7675385
4-204618-A-11.wav,sea_waves,0.12906736,0.20616758489884393,2501.8141376885956,-90.208786,131.13036,-125.56523,67.144936,-76.13122,23.338892,-34.54766,-2.4347756,-7.610741,-18.857216,5.303545,-24.523066,9.323595
4-204683-A-31.wav,mouse_click,0.0065685976,0.03795892792630058,2054.2385907918765,-464.10892,92.50884,-16.91575,22.315596,-0.14531809,31.752861,-1.477012,21.248678,16.256868,19.845303,5.7374005,1.000102,9.3120165
4-204684-A-37.wav,clock_alarm,0.035506006,0.5497313041907514,5988.313189408567,-232.96541,-29.0521,-4.7194896,-12.50978,-1.4650341,-17.009554,-27.445795,-5.812054,-14.473706,-12.89823,-15.205313,15.172998,5.140501
4-204777-A-39.wav,glass_breaking,0.39474604,0.3994846233742775,4722.251182374707,-56.205486,-11.506707,-20.581177,14.97421,-5.6936545,5.284939,-3.0306118,1.7812423,-3.5014472,2.7795072,-5.2138433,3.0442617,-3.4525428
4-204777-B-39.wav,glass_breaking,0.31555375,0.3893661940028902,4695.371130832199,-117.33919,7.863461,-4.28772,8.783004,-5.0877247,1.6917266,-2.5830936,5.9644675,-0.5197019,4.628606,-2.068957,4.784215,0.8451459
4-204777-C-39.wav,glass_breaking,0.48300233,0.29077854046242774,3863.617240665342,-64.32562,13.573989,-8.639933,6.405018,-0.7072822,3.2868896,-3.4931948,1.425237,-3.924607,3.0101702,-2.5302145,1.3265619,-2.6432106
4-204830-A-6.wav,hen,0.0151987625,0.1888293668713873,3077.7955080029265,-382.13385,67.01946,-23.727467,-26.283222,-15.545029,-5.421853,-11.814264,-6.3073397,-14.499895,-8.645203,-13.621618,-10.261742,-12.892413
4-205526-A-23.wav,breathing,0.037614524,0.14786736813583815,2605.658325078943,-213.6765,77.55296,-41.244923,-28.196487,-31.704966,2.635951,-6.7355237,-10.264764,-18.493742,-6.5863566,-10.512943,-2.3544579,-13.559133
4-205526-B-23.wav,breathing,0.05417968,0.1487931268063584,2632.049096948798,-184.62854,78.519585,-38.79968,-25.483082,-26.015455,7.797627,-3.3294618,-4.5853744,-14.212731,-0.22826602,-7.774157,2.9564376,-10.752616
4-205738-A-22.wav,clapping,0.484941,0.21027140534682082,3281.1189227349023,97.01186,32.033978,-68.87568,-19.520576,-3.9056182,-3.8630443,-16.548937,1.1147693,-5.0173454,-2.5067506,-6.220018,0.9550509,-4.655109
4-207116-A-23.wav,breathing,0.0073432378,0.06314633760838151,1404.6078369232498,-448.06027,136.62263,-25.570526,21.73167,24.502213,13.839083,7.900052,14.654239,-5.9923725,9.460487,-3.1341958,-0.61256593,2.1122217
4-207124-A-0.wav,dog,0.09554206,0.07978176932803469,1454.0706467851592,-399.39542,100.997665,-11.120487,-24.915894,-22.510027,-15.0805435,-18.450851,-15.891291,-7.6042595,0.85388476,8.669357,7.044116,2.708435
4-208021-A-1.wav,rooster,0.16612288,0.07350467395231214,1283.0843405775572,-339.4196,57.05317,-7.5066404,-13.813139,-19.341043,2.6791754,-4.5932345,-8.527191,-11.382682,-3.5919755,-0.11687139,7.199341,2.8772125
4-209536-A-37.wav,clock_alarm,0.15486921,0.36205066835260113,4010.597522427147,-236.2486,45.517563,-45.192253,84.28421,-81.26496,27.18364,-3.888957,-3.6716778,-4.5515876,18.474617,-1.5846642,-6.4640617,13.613291
4-209698-A-37.wav,clock_alarm,0.067584954,0.20999198428468208,2830.7631480073073,-446.08905,-23.856182,-18.33618,-17.064005,-11.260711,4.227582,7.0260468,-20.665087,-12.853406,6.598859,0.6143465,-15.70229,0.7774722
4-210000-A-23.wav,breathing,0.004895338,0.21657108020231214,3152.5270503064903,-512.6643,61.36974,-43.642475,-22.663473,-30.314583,-12.6017,-12.944123,-12.643101,-1.7277942,-5.3615923,-6.95006,1.8841798,-13.200236
4-210000-B-23.wav,breathing,0.008803232,0.19993847091763006,2973.1988297930848,-452.57803,59.179237,-57.965607,-29.480757,-34.082687,-11.49269,-17.263996,-10.346642,-1.7078879,-3.910418,-8.704883,0.71807516,-12.094554
4-210309-A-31.wav,mouse_click,0.00821832,0.1588946215679191,2599.647847300937,-576.9414,33.430065,2.2773902,1.262753,-5.6484346,0.64944875,-2.2656102,1.2626342,-2.2409785,-0.1689649,-2.7933776,-1.2828778,-2.906506
4-210593-A-29.wav,drinking_sipping,0.01950924,0.09195493135838151,2368.5181158622827,-352.84244,93.79445,5.612011,21.382248,5.7741003,11.037765,3.6561968,7.690783,6.4962506,7.687825,0.90032184,5.4152384,1.6005094
4-211502-A-30.wav,door_wood_knock,0.108061105,0.013561800036127168,498.0985339520165,-460.44354,57.932426,17.758482,9.583033,9.03568,5.747874,2.4611235,6.946843,5.876232,5.6457086,3.2198868,4.536893,2.121838
4-212604-A-15.wav,water_drops,0.022619769,0.019802203757225433,1227.8787409223855,-413.8621,126.19168,41.228115,37.414993,25.022514,13.154294,1.272236,6.7808604,4.243138,12.76372,7.683091,8.881971,-0.821075
4-212604-B-15.wav,water_drops,0.090726346,0.035765895953757225,2177.719079405165,-316.66028,81.50385,43.00897,29.882612,13.647557,26.115116,0.9426757,13.859928,12.694442,11.0567255,12.931656,9.989281,-3.9148576
4-212604-C-15.wav,water_drops,0.05513289,0.031684654985549135,1807.4297487422107,-380.29462,101.52367,30.126837,18.27819,17.696186,14.6962385,0.1699695,13.3652115,11.00075,15.493491,10.360933,9.752638,3.1155682
4-212698-A-39.wav,glass_breaking,0.035618454,0.12705191022398843,2094.4390347683893,-514.594,29.590939,7.1323624,0.53964823,-1.8664558,3.4851058,-0.96147823,2.4659019,0.29602087,1.9029078,0.44073403,2.1034436,1.644335
4-212728-A-34.wav,can_opening,0.045620147,0.09399555184248555,1855.6497446790122,-545.1263,3.5049198,-1.7054985,11.358417,7.461933,9.8475065,5.14494,5.571835,2.7110507,2.599234,0.9753519,2.6153438,3.832182
4-213193-A-29.wav,drinking_sipping,0.0068783457,0.24176131231936415,2969.450908911312,-622.7225,83.32898,-8.6801195,8.690296,-5.2724886,7.4916143,-2.020298,-7.2065005,-4.3765073,-3.5311494,-7.15554,-0.66734225,-5.131214
4-213915-A-3.wav,cow,0.27701077,0.04332155437138728,858.7543877467211,-135.73528,206.29579,-38.048084,11.255002,0.6419907,-14.85603,-7.615999,-9.023106,-17.978241,-11.240662,-4.1188526,-11.70896,-18.375729
4-213915-B-3.wav,cow,0.18330261,0.059536443280346824,1050.240718111914,-147.27667,192.23193,-48.976597,21.75256,-7.840706,-11.856761,-6.7221103,-5.0877867,-17.790558,-12.700799,-7.399766,-9.535716,-9.979396
4-213915-C-3.wav,cow,0.2796538,0.055655595195086706,1129.7976352852877,-125.8325,167.88835,-52.045067,5.0316496,-2.5123773,-17.274975,-4.39573,-10.819192,-14.615751,-10.510268,-7.2784443,-12.668125,-15.024691
4-215635-A-34.wav,can_opening,0.030701667,0.2149933390534682,3045.7709229003462,-545.7511,-10.586809,-7.199182,15.498363,-1.7698295,13.712594,8.447229,1.1896243,-2.29935,-0.26867095,-1.2431349,5.3220506,-2.8974016
4-216211-A-14.wav,chirping_birds,0.04701752,0.503242977781792,5599.962285964761,-403.16772,-127.48809,-40.752632,10.028718,-44.22413,26.099497,-18.19315,14.177001,-2.753854,-2.228217,4.6022115,-4.571629,3.3979073
4-216349-A-34.wav,can_opening,0.011154859,0.13056866419797689,1461.2739622076983,-727.57166,-7.244717,-11.63723,7.2694254,0.5649993,2.646343,2.4266713,-1.6677115,-0.30050924,3.0688174,-0.7138812,1.2104765,0.509644
4-218199-A-35.wav,washing_machine,0.04136315,0.09526847001445087,2346.617567835914,-178.26144,95.83018,-3.1634016,8.576672,-1.4091663,9.352818,-10.226804,6.0773516,-2.5445702,1.8507179,-11.101102,-7.4630284,-8.373276
4-218199-B-35.wav,washing_machine,0.06762111,0.08588105130057803,2446.5092566236385,-171.48114,90.08884,34.682503,20.720522,2.0455563,9.856042,-12.295949,5.443307,-8.6621065,-3.2362032,-4.547924,-1.8153746,2.8691475
4-218199-C-35.wav,washing_machine,0.09545768,0.14521427926300579,2192.346764869813,-106.885895,112.643135,13.352598,13.591012,7.4199586,4.7825346,-3.3232684,12.552404,-11.310955,11.941697,11.9915695,-10.744405,12.0993595
4-218199-D-35.wav,washing_machine,0.15754089,0.1832663475433526,2046.3751539976618,-86.50332,120.91429,19.481714,2.842098,0.5570355,17.657558,-8.634113,17.428005,6.65294,-5.6595297,20.650173,5.602431,2.2437575
4-218199-E-35.wav,washing_machine,0.022068253,0.09164446351156069,1967.0283440564156,-238.7327,117.36056,-10.758019,-1.8992707,-8.571455,-6.383346,4.512785,9.553796,10.975169,5.0700946,-8.30959,-5.1856117,-9.6389065
4-218199-F-35.wav,washing_machine,0.042288154,0.09828283056358382,2344.2109383252146,-179.75662,98.55721,1.4341898,11.59957,-14.374244,18.83182,-17.79072,6.32505,-8.094206,-0.33607638,-7.463785,-5.007577,-4.831068
4-218199-G-35.wav,washing_machine,0.03219168,0.08106597723988439,2192.7877050200614,-216.34113,97.328804,14.85638,31.518555,-4.6762266,-6.5050993,-7.5627885,-2.0213687,-0.9039086,6.5012484,3.6919322,4.344852,-11.325639
4-218199-H-35.wav,washing_machine,0.02218991,0.23036149747109827,3801.3363511808057,-268.34427,23.154755,26.569166,43.87977,11.525924,27.338427,-27.504213,-16.703642,-15.771941,-16.592924,-19.466583,-9.711087,2.7704716
4-218304-A-25.wav,footsteps,0.011362371,0.13359995935693642,2872.2761404597,-381.17834,70.124146,-4.6848736,18.1774,-3.4351122,8.134013,2.603318,6.550889,0.8030749,7.2155175,2.1028016,5.5831604,0.1038655
4-218304-B-25.wav,footsteps,0.019405873,0.2418600975433526,3601.7612441982346,-295.60736,46.711967,-29.20285,-4.989992,-6.929551,6.761036,0.19761455,5.476198,1.6710734,8.549687,-0.6480342,4.7559342,-0.5964265
4-223125-A-14.wav,chirping_birds,0.022355307,0.3987479678468208,4329.996191394101,-227.1116,46.988113,-11.505638,47.626213,-24.701641,22.317207,-37.72164,35.635822,-31.316982,22.49393,-34.10012,14.199324,-24.939705
4-223127-A-14.wav,chirping_birds,0.01649222,0.19414965679190752,2914.721650242449,-285.48898,65.73064,-8.164479,37.97969,2.04124,-22.059706,-3.3621843,14.492391,-19.582813,-9.909221,-4.074572,-2.3075874,-14.284942
4-232495-A-6.wav,hen,0.16369095,0.11830236181358382,2251.821986435859,-145.85506,69.96136,-73.95379,-23.204353,-55.377743,-10.700937,-10.978172,-10.704251,-14.481072,-2.356872,-7.210093,7.4501467,-2.6034021
4-234644-A-2.wav,pig,0.07371065,0.09393628070809248,1854.9900948137033,-201.1563,123.62799,-38.635693,22.418243,9.200668,17.262594,-0.31460527,10.972408,-12.382998,10.206232,-1.015564,-0.22957444,-9.518356
4-234879-A-6.wav,hen,0.018000713,0.08678705292630058,1972.5632291088434,-309.9259,113.88837,1.9476097,3.649876,-10.875034,4.475524,5.5222254,-1.9102184,-5.7454176,5.8956695,-0.78957814,4.8935018,0.7982926
4-244318-A-6.wav,hen,0.0902442,0.14862660314306358,2654.7137736492296,-255.81499,81.367744,-12.125041,-13.151461,-24.39752,-5.067191,-8.449603,-3.172536,-3.4281316,4.528436,-3.9883716,1.5663537,-2.9041085
4-250864-A-8.wav,sheep,0.110719234,0.15906961253612717,2451.3489426673873,-210.45732,54.945568,-67.83823,12.087549,-23.941988,-12.389143,-2.1971986,7.0056076,-11.733485,-3.9702075,-13.191383,2.2587507,-2.3445816
4-250869-A-2.wav,pig,0.11591193,0.11420983110549134,2351.0685822591104,-101.97373,100.16578,6.4426374,28.10883,-1.2281884,3.4840574,-0.23495942,7.0301266,-5.7365036,6.0960264,-0.8911289,3.3058867,4.425502
4-250869-B-2.wav,pig,0.23840876,0.2856275966401734,3623.418814122658,-10.955535,18.386055,-45.25449,35.88586,-12.057211,12.57276,-0.92860264,5.8006735,-2.557545,9.184089,-1.6762644,7.1334834,-1.5588537
4-250869-C-2.wav,pig,0.24573813,0.2428225478684971,3239.0969798825763,-61.24012,26.732344,-57.11153,43.270992,-6.7008114,7.075085,-4.3205113,11.062447,-4.2287765,6.2996607,1.5749191,-3.8507152,-1.0325712
4-251645-A-49.wav,hand_saw,0.036426432,0.13652682442196531,2682.0905661087686,-239.11507,74.766426,-32.766483,-20.059528,-14.341529,-11.054811,-20.847132,-11.751239,-17.709787,-10.562191,-11.300631,-0.5557122,-8.446236
4-251645-B-49.wav,hand_saw,0.032829728,0.15914864071531792,2843.5758107702777,-272.88486,65.9185,-35.63273,-16.99767,-15.607736,-6.2283587,-15.317621,-6.150017,-18.97477,-6.676525,-9.545984,1.6324824,-5.236225
4-251959-A-47.wav,airplane,0.1290882,0.10000451589595376,2032.3992343809782,-63.206314,122.8491,-10.054088,12.164153,-6.06761,11.390448,-11.06481,6.45658,-6.7165027,1.154094,-5.720141,-0.58405787,-5.732832
4-253649-A-6.wav,hen,0.043721538,0.07788509302745665,1198.3330320857992,-511.08667,112.797775,1.3450971,-53.436745,-49.164333,-26.871021,-13.237694,-8.179315,-5.882701,-6.287338,-5.7871428,3.5290802,16.942575
4-255371-A-47.wav,airplane,0.2096797,0.027208273121387284,893.722065930263,-173.86163,188.38695,-45.16604,26.573214,39.198463,11.314993,13.904123,-1.7629241,-3.5324514,0.82426304,-0.16022028,2.2828517,-0.34765476
4-261068-A-30.wav,door_wood_knock,0.12623203,0.19641889450867053,2595.4680981249503,-462.8306,50.729042,24.189043,23.69377,14.941488,13.96392,10.932499,11.459417,8.289157,5.763498,5.854177,4.853825,5.3200707
4-264453-A-34.wav,can_opening,0.075160444,0.17460711705202311,3763.9994416023587,-438.0574,21.72581,14.481284,12.271281,6.8908687,12.327472,24.092932,16.761005,8.021576,8.128957,-0.7021492,10.434182,10.307948
4-59579-A-20.wav,crying_baby,0.21982624,0.201027930816474,3464.194403302202,-159.22775,-4.7847605,-49.30279,7.7149186,-8.394232,8.696074,-30.025198,3.9211571,3.5905454,0.31993836,-9.650953,-2.313376,7.6368566
4-59579-B-20.wav,crying_baby,0.12507236,0.06493011651011561,1335.4068996489407,-332.32065,49.45309,-21.094912,-1.0216262,-18.9513,-8.648219,-29.475388,3.9359858,-2.1692102,-6.0379167,0.14479558,-3.117269,-0.79076374
4-67358-A-42.wav,siren,0.25134453,0.17133309248554912,2157.025820454534,-248.86836,37.924873,-170.28716,-14.317353,-0.25066292,-32.81019,6.2524147,37.237255,9.958525,13.45219,12.616036,-0.57963216,-4.286219
4-80761-A-42.wav,siren,0.32186246,0.038094404804913294,721.5068198369767,-196.76186,183.41014,-16.717226,-11.454816,-15.14512,-15.705431,-22.897419,-25.428268,-16.50197,-22.157455,-21.704405,-10.346173,-6.694567
4-90014-A-42.wav,siren,0.040472865,0.08773539107658959,1337.2168634898514,-270.21243,147.38522,-25.72058,25.050892,-5.8105273,13.341768,7.669943,8.1602335,-9.042975,4.916825,-1.2965429,10.853824,-2.435076
4-90014-B-42.wav,siren,0.06683218,0.11372154985549134,1557.7240960448237,-239.87288,131.05724,-28.578436,23.37483,-2.6348917,16.292559,4.452275,7.419794,-10.582765,2.0014591,-5.141969,13.778173,-2.0803046
4-99193-A-4.wav,frog,0.09566267,0.11954987807080925,1574.1646617688211,-229.43185,156.04933,-97.13347,-8.785963,-0.30208817,-0.76266056,-18.932056,-29.591543,-0.07507951,-5.42233,-17.10054,-2.0394516,-8.418319
4-99193-B-4.wav,frog,0.10435161,0.13127709537572255,1676.4614349672554,-214.06458,147.94179,-102.170906,-6.593908,2.4136426,-1.1959352,-20.544678,-30.081839,-0.56521934,-8.602695,-14.624128,0.024402244,-11.851354
4-99644-A-4.wav,frog,0.029630452,0.10406882225433527,1526.1516771888648,-384.21976,147.71498,-73.748886,-9.521415,23.31576,-1.4191018,1.81135,13.746558,9.736205,-3.7817566,-9.415822,16.079376,13.78672
4-99644-B-4.wav,frog,0.11673341,0.17632315751445088,1956.5301483329413,-264.1409,88.63981,-159.22417,-23.01633,5.4228444,1.5319297,4.903225,60.280758,23.08725,0.001958858,-30.16371,0.42452443,23.054111
4-99644-C-4.wav,frog,0.12220374,0.1741639947615607,1924.9985545920636,-266.55563,93.408165,-151.68973,-22.3523,7.5609193,3.8700998,6.795552,61.075867,25.328278,1.9279234,-31.39675,0.1869231,21.738821
4-99644-D-4.wav,frog,0.08691054,0.13816383670520233,1797.0225712077724,-358.07162,108.242004,-91.98576,-4.9080396,26.513973,-1.8980912,0.8505848,48.662617,18.37075,-5.6383896,-19.16196,11.753896,18.992393
5-103415-A-2.wav,pig,0.15922925,0.08554235910404624,1672.6687314758801,-160.17586,126.92865,-29.342815,11.323703,-4.3210464,9.36499,-5.385551,3.2599163,-4.4482336,6.9578214,7.8435044,6.9861093,1.607938
5-103416-A-2.wav,pig,0.23142184,0.06108596007947977,1182.038063033946,-308.4963,19.804674,-19.057512,-4.295492,-13.917545,6.857728,-4.487159,0.12979099,-0.5760644,0.07949514,-5.366913,-1.4704059,0.9545165
5-103418-A-2.wav,pig,0.12748641,0.04235345917630058,953.8947941628944,-327.0491,78.625916,-2.7915354,9.076105,-6.1891413,4.7260404,3.3847685,-5.3594685,-5.796827,5.393822,5.2650514,2.474039,-0.85092896
5-103420-A-2.wav,pig,0.13896236,0.050549810332369945,775.4457843157688,-480.01987,3.1962473,-8.373363,0.43104482,-3.8513684,3.5478692,-2.4445515,-3.1305323,0.28658855,1.4548632,-0.6178446,2.0088212,3.7301111
5-103421-A-2.wav,pig,0.24600977,0.14385668804190752,2566.6497327085203,-103.98538,78.194824,-24.646603,2.9152176,-26.371494,11.483207,8.124064,-5.805736,-13.68697,4.4576755,3.168046,5.037523,-0.22623871
5-103422-A-2.wav,pig,0.084843166,0.00891889450867052,209.93245672700306,-527.8463,13.2922535,-1.6957945,2.0133858,-1.3508452,1.2926606,2.7722998,2.4459577,0.05430633,-0.017262816,1.5448183,1.7701335,-0.32709768
5-117118-A-42.wav,siren,0.24531634,0.07008388276734104,1124.4705520373584,-186.36221,170.9027,-84.326355,-7.862565,-10.333887,-20.89976,-4.625295,-20.111547,-2.6992636,0.05400606,-8.359685,-5.915705,-2.8676958
5-117120-A-42.wav,siren,0.2600253,0.2050611903901734,3304.126309588763,-151.63516,-26.906927,-72.29999,-0.6568975,-22.542006,1.3851103,-8.034474,3.6198328,8.191123,14.024626,9.135955,4.6388764,-13.923569
5-117122-A-42.wav,siren,0.19768918,0.059762238078034685,1033.0337545969592,-215.98018,171.0352,-66.93086,-4.493204,-18.385382,-21.698627,-6.134754,-19.657948,-5.124787,-5.4077606,-5.865189,-4.4830866,-5.689767
5-117250-A-2.wav,pig,0.16161108,0.01608223446531792,347.0416261456661,-417.11868,34.079266,-4.8724413,0.9964897,-4.5452185,3.8544605,0.8990932,1.0289713,-4.716155,1.08848,0.7916369,-0.32456124,-0.091420054
5-117773-A-16.wav,wind,0.11003562,0.018004312680635837,864.2765222376427,-222.84055,140.47372,28.907495,33.916367,34.753384,16.94902,0.30602515,3.243504,2.5186174,10.385945,2.8752859,1.671451,-5.307493
5-127990-A-2.wav,pig,0.10893398,0.09608415372109827,2375.586942742795,-129.95651,98.35354,8.923827,21.871237,-1.3442303,3.3011446,2.7595606,-2.3519528,-6.4678044,0.5796259,-5.3787932,4.37536,-3.4930632
5-133989-A-42.wav,siren,0.15469892,0.06875451589595376,1591.5119257685687,-220.32681,99.2677,-30.626194,8.755894,-23.82699,-14.8971405,-22.523283,10.268455,5.4058642,20.319107,19.825525,20.562477,-13.80041
5-133989-B-42.wav,siren,0.17720845,0.06439667630057803,1528.6472201738263,-209.49525,110.8058,-24.796839,16.422024,-15.536576,-10.080926,-31.104668,-0.81080586,-2.139966,15.675886,17.15461,23.022879,5.8683825
5-141683-A-35.wav,washing_machine,0.03994347,0.03123588782514451,1026.2964129288582,-286.1124,141.98242,51.695274,34.60962,-1.4191097,6.9046016,14.822056,7.1369543,-4.0030184,6.08177,-10.103393,-2.697675,0.90240055
5-147297-A-27.wav,brushing_teeth,0.008372385,0.16219404804913296,3301.1569141960013,-348.32834,33.366955,-31.86091,-16.099638,-13.727039,33.482143,21.47323,26.82109,1.7613342,7.439394,-10.252283,8.9072275,7.783912
5-150409-A-42.wav,siren,0.19948167,0.06492164920520231,1166.1792729170502,-135.13606,163.50163,-20.579702,16.679792,-8.913512,-5.9500427,-21.118643,-2.7229083,6.0403423,6.428296,0.767352,-2.115379,-13.806852
5-151085-A-20.wav,crying_baby,0.09526198,0.1481016302384393,2969.7072385292454,-169.99457,39.102787,-65.491745,-29.21746,-31.420397,-0.19949296,9.356868,14.4132185,-18.37792,15.810106,-17.682686,3.9049358,-6.0579205
5-156026-A-4.wav,frog,0.046889048,0.06363179642341041,1225.86077348828,-426.6596,156.19334,-20.374353,-19.101702,4.4111366,12.048134,19.072773,-1.8051515,-4.363919,3.238788,1.5155705,4.347646,2.267653
5-156026-B-4.wav,frog,0.015424267,0.04093377438583815,1228.6365235114176,-482.79623,146.6273,-8.75418,6.291657,13.323455,23.821577,11.932665,-4.3471107,3.416782,12.430552,8.502166,0.51132846,-0.9045784
5-156026-C-4.wav,frog,0.024539322,0.04645163475433526,1286.0479921188762,-461.60248,126.60813,-3.4020424,0.27520576,25.89992,22.447903,8.409087,-5.4099236,5.79878,17.162468,6.7306848,-3.0309043,-1.5646112
5-156026-D-4.wav,frog,0.04828821,0.07406069364161849,1314.2544128203947,-395.63837,155.73837,-40.51085,-16.040611,14.034845,16.13264,13.947048,-8.462104,0.1217729,13.418771,2.8634756,-2.6656919,-1.0513606
5-156698-A-18.wav,toilet_flush,0.037035152,0.262607817015896,4225.897942790598,-168.30606,25.108528,-13.335541,-16.781174,-20.134937,-21.90314,-14.86121,-13.199984,-19.091862,-11.702331,-18.581572,-20.597433,-19.026506
5-156999-A-19.wav,thunderstorm,0.20863235,0.0395479588150289,1089.9843866312701,-193.93248,162.78911,-15.916119,22.235468,11.41588,7.662743,7.618668,7.325291,6.2289786,6.629459,5.0896835,3.7582994,2.5035167
5-156999-B-19.wav,thunderstorm,0.49746197,0.0130227149566474,308.243982819453,-232.22932,190.96,61.061874,8.169155,12.958894,20.321754,14.3225355,5.752719,6.0978794,10.098626,9.058736,5.7566905,4.681398
5-156999-C-19.wav,thunderstorm,0.5004447,0.014038791546242775,484.501017172803,-154.59596,197.59361,10.756626,20.035723,22.2784,10.068463,10.1159935,10.808355,8.091408,6.32734,6.197405,6.8067703,4.8902407
5-156999-D-19.wav,thunderstorm,0.4820729,0.009618858381502891,258.41966655043746,-235.06451,189.77072,67.76618,25.091154,21.381882,18.173626,13.499207,12.581326,11.499397,8.322099,6.799061,7.1573577,6.4760585
5-156999-E-19.wav,thunderstorm,0.40620613,0.03821859194364162,996.7298943506679,-56.292744,187.00359,-16.685371,22.700062,-4.287865,10.574415,-1.1047053,6.5599127,7.038632,2.1579838,3.8052766,0.8155178,-0.26011488
5-157204-A-16.wav,wind,0.08390513,0.05719382225433526,1625.924236311742,-199.78459,116.52537,-17.514425,34.05362,-17.30346,34.154583,11.907915,10.7038965,9.663406,-2.5509002,3.5405774,18.543707,0.42145103
5-157204-B-16.wav,wind,0.08116839,0.07548602330202313,1763.3721669162785,-193.65063,113.26088,-17.15266,35.843636,-19.947035,35.962433,11.490558,7.8117614,11.913928,-2.0605123,1.5735248,23.56229,-1.848306
5-160551-A-42.wav,siren,0.18689704,0.1132868948699422,1721.321597987492,-132.84206,123.84183,-29.076267,4.121198,-3.806989,16.08402,9.280221,8.343489,-8.880551,2.3061063,5.2396197,4.2984004,-4.679039
5-160614-A-48.wav,fireworks,0.025630545,0.22310501716040462,2808.6385415243362,-292.99374,73.97239,-23.635931,23.438467,13.634869,2.0899966,1.8827398,13.012696,-15.330113,7.131226,6.354882,-3.6910079,-2.8321924
5-160614-B-48.wav,fireworks,0.044717878,0.20936258128612717,2725.501733674407,-157.07323,73.19241,-54.86995,2.2559218,6.4430475,10.095577,-12.81688,1.7951667,-18.270927,-0.37753314,0.12950298,-0.84906393,-7.706524
5-160614-C-48.wav,fireworks,0.0188787,0.21726539920520233,3059.305148381557,-328.25912,72.177956,-8.376038,31.593845,10.293654,2.993501,3.7474697,21.261086,-16.644722,6.2000055,12.991285,-4.4220276,-3.4681094
5-160614-D-48.wav,fireworks,0.02560029,0.2730903404985549,3504.775552958672,-256.1849,46.574043,-32.75082,14.130918,10.815328,1.374652,1.2390703,15.736328,-12.980169,5.523676,7.1917787,-2.4520967,-4.512642
5-160614-E-48.wav,fireworks,0.024087004,0.08149498735549134,2354.05532100779,-276.37796,93.33067,-11.485817,25.60314,9.601599,22.587503,-0.29568774,11.790013,-5.720226,9.834695,3.2510326,9.540562,-0.91223586
5-160614-F-48.wav,fireworks,0.02314539,0.1643927248916185,2551.809829902953,-281.10992,77.66472,-33.442017,27.15702,22.17098,12.571303,2.392698,20.913105,-8.979605,6.755824,10.219341,3.2772417,-5.764098
5-160614-G-48.wav,fireworks,0.027666852,0.15114139270231214,2197.4253405473273,-285.37827,104.07885,-36.753517,21.983263,14.640634,15.296122,0.79831445,12.23146,-10.868277,7.5964413,6.4122415,1.3809307,-5.8784595
5-160614-H-48.wav,fireworks,0.025317552,0.17328339505057805,2806.1554935679683,-222.1483,73.07154,-30.282932,22.516474,7.465772,15.126303,-6.705127,9.478587,-12.568163,2.9872906,2.8079531,4.262764,-6.7378354
5-161270-A-33.wav,door_wood_creaks,0.03354493,0.048037843208092484,1473.0347917397573,-280.79404,134.31783,-10.911005,37.112568,5.555621,9.322964,3.5455096,18.352074,5.5774965,-2.8476968,-13.966171,-1.6119376,-0.40401578
5-161270-B-33.wav,door_wood_creaks,0.03696785,0.047682216401734104,1311.9820651872994,-262.89587,148.49529,-13.668652,38.542805,6.7083874,8.846247,-0.6313868,15.851825,4.631996,-5.4331546,-20.356081,0.90891457,2.102952
5-169983-A-5.wav,cat,0.044100463,0.047196757586705204,1401.671205181398,-302.29385,116.60408,23.7637,25.381096,11.345612,24.321072,11.305278,9.84852,0.15209295,8.13829,3.458666,7.93132,3.6892862
5-170338-A-41.wav,chainsaw,0.12289854,0.09629019147398844,2083.400486332122,-81.34639,107.14345,-20.992537,42.98902,-18.291697,12.829838,-7.4144115,8.075527,-4.2998295,2.7372284,-6.018334,3.7873206,-2.1177602
5-170338-B-41.wav,chainsaw,0.16289668,0.1474750496748555,3155.903392818853,-29.203495,54.110638,-17.941214,19.162926,-15.29154,10.251109,-6.573125,7.9013815,-3.8360662,-1.5149448,-8.34425,-0.37353137,-9.591815
5-171118-A-26.wav,laughing,0.026382642,0.0870749412933526,1934.9222480688268,-338.52414,106.28148,-11.974794,12.273306,-3.368344,4.933378,-5.9267664,-8.66526,-2.6383631,4.365897,-8.399881,-5.986427,-8.83628
5-171653-A-41.wav,chainsaw,0.16570714,0.16037922236271676,2923.530933411568,-94.331116,64.77538,5.442863,12.489155,-12.823765,8.210814,-11.695088,1.593404,-6.306055,-7.962301,-3.6109796,-2.6467564,-4.1956334
5-172299-A-5.wav,cat,0.23810092,0.13927869851878613,1945.7835688181704,-315.56802,53.382668,-44.326344,7.210212,26.025097,2.8464801,-2.842748,17.850485,1.8843867,-8.692725,-7.195791,-4.740879,3.4345734
5-172639-A-5.wav,cat,0.11246609,0.12257270592485549,2541.381772628562,-326.40106,33.816982,-9.67691,23.357134,5.643803,10.488742,-2.2597213,4.0835605,0.074750386,10.371666,9.799695,16.604988,10.31978
5-173568-A-33.wav,door_wood_creaks,0.06175695,0.08218083905346821,1177.7218791324797,-504.87555,4.6260557,6.877449,4.170356,1.6884553,2.2029192,-1.9786624,5.0866685,3.0101702,2.1474915,-1.7636775,-3.5576825,-3.0797963
5-177034-A-18.wav,toilet_flush,0.05870668,0.1101850388367052,2375.61293954744,-237.2875,82.26671,-0.14316237,21.263683,0.28443125,-5.478986,-4.45619,-1.1979104,-6.12301,0.01692032,-6.413368,-0.65769607,-3.0305295
5-177614-A-5.wav,cat,0.092184015,0.06019407062861272,1363.8961700365633,-413.09024,31.737047,-9.222491,25.068537,8.596396,8.870274,3.4893389,11.634612,4.257029,1.3194402,-4.281134,-1.7735901,10.844145
5-177779-A-33.wav,door_wood_creaks,0.011921468,0.05408349891618497,2712.831869791931,-435.42026,74.657845,13.346279,24.162338,3.2563949,0.19633846,-4.5677037,6.0905075,-10.500136,-3.4266946,-7.8610206,1.6904011,-6.2579083
5-177957-A-40.wav,helicopter,0.26872963,0.009192670700867052,640.7102356143982,-211.0728,138.34438,40.34688,36.833553,18.104448,29.192953,10.553743,22.174053,-3.297864,12.432802,14.498797,-6.7827883,15.176235
5-177957-B-40.wav,helicopter,0.2556313,0.0232709763367052,1177.243114726129,-151.17323,127.22045,55.213863,23.512102,14.536579,26.062124,10.7523985,10.217506,4.164268,18.011353,-14.854839,19.978765,-14.924514
5-177957-C-40.wav,helicopter,0.2171073,0.021298094291907516,1468.3151370209282,-173.55591,109.814316,61.354214,13.881015,20.051247,27.066046,3.6349497,12.588223,22.611147,-6.969519,11.38804,4.638453,-1.380684
5-177957-D-40.wav,helicopter,0.30114517,0.013485594291907514,514.7799445487177,-186.70071,176.87947,36.87759,30.999916,16.601156,29.995045,-0.45812145,15.109499,5.0423236,-1.4065852,5.475854,-1.1778709,-3.3609202
5-177957-E-40.wav,helicopter,0.27533287,0.014038791546242775,605.2766885497243,-184.1271,161.3845,37.405037,31.800606,22.951748,27.313057,-2.2556455,22.739517,-5.7875423,8.08865,0.9541341,-0.49158275,1.5056362
5-178997-A-24.wav,coughing,0.06614656,0.2544650921242775,3840.1990663480333,-287.33426,31.869017,2.1060436,23.036993,6.9611716,21.057272,-0.16983984,5.918634,1.6109753,0.27427417,-6.256941,3.9031572,-3.3859296
5-179294-A-46.wav,church_bells,0.03632556,0.09014292810693642,1417.2020607227637,-231.19121,163.45662,-50.139774,32.314583,-16.834621,1.2460834,-9.325886,9.734317,-3.754034,1.5287342,-1.2718623,9.046952,-2.9640672
5-179496-A-16.wav,wind,0.0996068,0.03675939306358381,1053.03637075748,-206.45186,154.516,-10.843935,38.74811,-3.3521051,-3.1628082,-8.293524,13.127021,-2.4053879,-7.8028345,-2.0625627,7.5733976,-2.7453077
5-179496-B-16.wav,wind,0.3220266,0.04887046152456647,1313.158659191938,-98.65769,130.47285,-13.102377,40.269993,-12.023776,-11.610911,-17.368465,17.132984,-0.7791539,-10.413322,-1.7428313,7.409419,-12.528162
5-179860-A-43.wav,car_horn,0.036289167,0.06032108020231214,834.34289342504,-523.0544,48.17865,-6.2325745,8.352912,-7.4762673,1.3591349,6.57979,2.5201013,-2.4768212,5.6556144,-1.1804001,0.2777306,1.3124784
5-179863-A-43.wav,car_horn,0.060842335,0.07509934971098266,1169.1328304046374,-448.107,60.40836,-2.5986373,12.801743,-5.7403617,-1.38741,9.937723,2.003629,-1.6428568,2.4487174,-0.6091045,0.52712274,-0.8446973
5-179865-A-43.wav,car_horn,0.043438204,0.05721075686416185,1061.6313227686978,-410.02695,78.66842,-11.625186,15.376774,-2.2213979,9.598767,3.5257597,7.6072907,-0.0040367437,2.730495,-0.15869305,-0.76688445,-0.5683347
5-179866-A-43.wav,car_horn,0.019032387,0.0349953712066474,678.0701455014125,-554.50336,63.33604,-8.201934,3.435624,0.9990979,6.420513,0.2440253,6.735902,1.2661566,2.5456324,0.21986866,0.16229118,-1.620767
5-179868-A-43.wav,car_horn,0.0518471,0.09381491600433527,1524.8280429068927,-270.52863,142.79251,-17.283628,9.639797,-8.811874,4.8765097,4.2171144,9.406672,-6.991018,3.57339,-1.670008,1.590517,0.018896908
5-180156-A-43.wav,car_horn,0.16862212,0.09790744671242775,1894.754057680692,-39.88409,119.02881,-34.09194,24.405016,-15.995049,19.792933,1.2270327,15.085426,0.080811255,12.517595,-1.6873019,6.8440986,1.0482675
5-180156-B-43.wav,car_horn,0.195775,0.10590904985549134,1854.9645027775325,-62.09541,120.30016,-21.53186,24.497128,-6.435153,17.883171,10.01534,9.601746,-3.7659109,15.902791,-2.3386567,4.9548063,2.6107707
5-180156-C-43.wav,car_horn,0.2195318,0.10811901643786127,1642.261755191188,-55.94751,133.35373,-32.684906,21.592007,-11.331855,22.239685,1.0250236,5.6250486,-2.6816788,9.568748,-3.5434105,4.439516,-0.82381505
5-180229-A-27.wav,brushing_teeth,0.009681217,0.23042076860549132,4412.429680675366,-352.81747,-1.0533011,7.5523677,4.094929,-31.474451,2.6254315,17.989716,11.833917,16.292831,32.519554,1.2687708,9.740711,7.9812884
5-181458-A-33.wav,door_wood_creaks,0.013523768,0.07192411036849711,1834.2815815395247,-549.6655,69.61902,-19.616598,27.939629,11.494764,11.934879,3.7535832,13.718653,5.418086,11.15875,13.877706,12.294269,0.46908376
5-181766-A-10.wav,rain,0.050021525,0.2184677565028902,3451.6177444968816,-90.478714,55.501003,-27.098717,-13.536641,-7.2492175,1.4165874,-5.96423,6.5205517,-11.764705,-1.3544345,-4.594121,-0.9870982,-6.486513
5-181977-A-35.wav,washing_machine,0.035723366,0.12075223536849711,2691.1089242577586,-193.20233,79.905136,-16.475521,-6.263204,-6.3459167,-6.9510846,-15.000311,-8.241293,-21.927362,-12.728146,-9.705636,-12.254697,-6.6338377
5-182007-A-36.wav,vacuum_cleaner,0.20789349,0.3608878251445087,4024.3321117948285,22.740791,42.50082,0.52850485,14.271923,-4.26032,-5.720119,5.7179675,-12.358875,-12.614884,1.6803024,7.206262,-0.777236,-2.3238902
5-182010-A-36.wav,vacuum_cleaner,0.28229606,0.48694341582369943,4744.091380791292,29.027468,26.192163,13.10373,6.147034,-5.3139114,-15.821656,0.3177563,-1.993795,-3.8159208,-15.13183,-22.166779,6.370898,-5.692293
5-182012-A-36.wav,vacuum_cleaner,0.2717221,0.4670988755419075,4588.229707532893,16.973528,32.77464,19.715649,10.762726,-1.6765537,-20.612177,-5.978513,-4.655587,-10.922889,-10.702785,-27.78243,6.041464,-1.9430876
5-182404-A-18.wav,toilet_flush,0.23687503,0.1687957234465318,2940.232806590813,-87.92829,59.163948,-30.188482,-18.043339,-10.827612,-7.9610844,-11.543155,-7.0617704,-11.508563,-9.147464,-14.50766,-10.643345,-13.499088
5-184323-A-42.wav,siren,0.14735743,0.07043950957369942,1049.1909729638942,-311.59833,147.86038,-16.49171,-31.052929,-20.069231,-16.765932,-7.2599196,9.43148,21.402622,20.38504,11.236103,-2.6849637,-10.37718
5-184871-A-24.wav,coughing,0.14629677,0.1209272263367052,2351.617771370142,-302.3447,41.939568,-4.969505,-11.490814,-5.7356033,6.6940327,-6.647708,-9.849543,-8.632071,-8.238885,-4.8089404,0.0604637,-7.752944
5-185516-A-27.wav,brushing_teeth,0.018979724,0.3389321035043353,4683.8953198590625,-259.25082,-6.958484,-3.377635,26.004534,11.049722,26.905539,7.9438686,8.250411,-11.123206,8.099949,-3.9135036,3.2484057,-7.1432576
5-185579-A-41.wav,chainsaw,0.15295464,0.1956342575867052,3575.773941595246,-34.136333,47.308628,-13.650066,-4.002296,-2.8741329,1.354837,-6.3984976,-7.107097,-4.4242086,-1.0941243,-10.794534,0.7131896,-3.827353
5-185579-B-41.wav,chainsaw,0.2102849,0.10501151553468208,3285.7445965792217,-25.60574,44.629604,-22.589357,4.239804,6.300311,1.0480105,-13.074814,-3.141231,5.6923833,3.0347915,-2.607844,4.499215,-2.0484252
5-185908-A-18.wav,toilet_flush,0.071368665,0.21687025830924855,3296.4148100952334,-104.27035,39.295418,-46.027435,-6.8198495,-31.369318,-17.924393,-25.508553,-9.594577,-16.953382,-11.844145,-14.186278,-6.8635545,-17.902073
5-186924-A-12.wav,crackling_fire,0.5241095,0.02084932713150289,1347.2258271579549,-61.03633,97.86211,25.992981,49.95798,10.088571,38.15737,19.682928,16.819168,1.8206992,12.739379,1.6775813,7.9840546,0.99832505
5-187201-A-4.wav,frog,0.07110318,0.07677023121387283,2003.9807585470878,-276.88687,73.52794,-48.060547,54.462234,23.654531,7.038843,36.865658,33.726704,-17.945705,0.35386586,41.23306,21.186266,-12.436481
5-187201-B-4.wav,frog,0.16994706,0.032040281791907516,1522.0526060585566,-284.1902,71.4884,-49.200363,52.064785,33.999233,10.982804,44.904118,34.100525,-19.437605,-0.24315833,46.655098,24.567383,-9.220429
5-187444-A-33.wav,door_wood_creaks,0.08974385,0.1798455563583815,3306.62347983484,-150.58713,16.463324,-31.583166,12.358793,-10.957193,16.214863,5.0118413,4.1327767,9.7273245,7.165576,-3.2740788,6.128105,4.095039
5-187979-A-21.wav,sneezing,0.04832552,0.09078362084537572,1679.4932853890095,-526.8072,28.431105,-2.9265113,4.3346977,-0.2849116,0.16327602,-5.3337655,-5.233091,-3.5360386,0.15066469,1.3661124,0.94959044,0.44000465
5-188365-A-36.wav,vacuum_cleaner,0.3118236,0.19786680364884393,3930.5607866406913,41.455456,-3.488601,-54.659706,-6.7047424,-11.7702875,-9.859274,-27.537973,-15.846014,-20.150873,-15.775021,-29.643696,-16.218004,-13.113538
5-188495-A-19.wav,thunderstorm,0.042131763,0.010177700505780346,357.83233229370245,-459.0239,190.88785,74.882675,21.612247,10.182719,19.57094,14.144084,6.4601326,6.2002993,8.649823,7.357038,4.3067746,2.7078152
5-188606-A-33.wav,door_wood_creaks,0.019319795,0.06324794526734104,1185.54618068288,-633.45514,28.234932,-20.393427,6.9755845,-11.788583,-9.6004305,-5.2858267,1.694785,-5.5171447,-9.033557,-5.4494867,-1.4034898,-3.8118372
5-188655-A-10.wav,rain,0.05007864,0.22848457821531792,3935.7210147798764,-105.87757,54.62569,26.120033,5.8846374,-6.7876964,10.527508,1.5374659,11.666977,0.7867585,6.162945,-2.1110227,5.0927105,0.094473645
5-188716-A-46.wav,church_bells,0.12836306,0.08453474981936417,1338.4179984762666,-182.82986,155.22878,-67.39891,19.585793,-14.511362,-3.0050342,-25.807024,-16.578297,-12.925299,-3.3686106,-3.9169688,7.195801,4.334849
5-188796-A-45.wav,train,0.27015057,0.06114523121387283,1250.5062133915053,-35.444016,164.70195,-22.53632,17.550432,-21.214264,-2.249491,-8.222247,-0.019622758,-7.0193434,-3.104759,-7.8157473,-3.879734,-10.424093
5-188945-A-45.wav,train,0.2122076,0.07612389360549134,1379.2256211309484,-30.28039,161.04744,-38.52163,13.996873,-16.285652,1.501617,2.537136,6.519843,-0.72158873,5.981542,-0.19427717,2.8903296,-2.4190087
5-189212-A-12.wav,crackling_fire,0.04192551,0.03554856846098266,2163.0116762496623,-322.16202,84.557755,74.13508,23.214874,29.756243,21.361307,21.799309,14.903956,7.8246384,5.6301003,4.4380836,6.152675,-0.54971623
5-189237-A-12.wav,crackling_fire,0.0047643487,0.0900187409682081,2681.0470711578228,-554.3709,87.299484,24.22308,11.063038,-14.337356,1.1387188,-14.441277,-6.0157704,-8.214115,-5.339079,-11.275371,-6.3359165,-10.382982
5-189795-A-4.wav,frog,0.25254327,0.17963105130057805,2510.3443805843813,-159.16365,50.017624,-97.956375,4.8404217,19.532549,-3.752017,-9.539068,18.705473,-1.4380536,5.5904703,-5.4757714,8.056474,7.4835496
5-191131-A-40.wav,helicopter,0.11634183,0.030087156791907516,809.1369776158991,-185.10268,185.8683,14.208222,23.907944,16.871843,-3.2576506,-9.025664,3.9048927,-1.9787884,1.8708992,0.25233787,6.087939,-1.1293985
5-191497-A-33.wav,door_wood_creaks,0.03357485,0.07247448518786127,1765.5100436804898,-330.03928,108.92962,-24.230816,16.381895,-2.3786716,11.034289,5.7440634,3.4015722,2.3881552,2.6904218,7.2649217,10.423718,-3.2862415
5-192191-A-19.wav,thunderstorm,0.12170643,0.021501309609826588,740.4383912409706,-277.23682,182.03651,45.070415,13.239076,-7.0476546,19.3348,2.4977272,2.995821,4.1399426,10.398519,4.6865997,4.667192,0.74766445
5-193339-A-10.wav,rain,0.06870367,0.26117966492052025,4254.638300000214,-85.32671,32.806416,26.667439,29.57656,1.4606481,17.772537,-1.5161147,7.4957542,-0.53362435,4.012065,-0.0598298,3.2715042,-3.8309348
5-193473-A-12.wav,crackling_fire,0.007879219,0.4038565751445087,5786.497986112079,-346.99722,6.2047057,33.193504,11.302337,7.3070674,-0.84971505,2.9260893,-6.574743,-2.0708275,-1.1268786,-3.368598,2.2630503,-2.8309622
5-193473-B-12.wav,crackling_fire,0.0063212053,0.4902005057803468,6223.0849044291635,-397.39352,-9.697452,28.906622,8.17335,8.251153,-5.2904496,1.8988069,-7.325812,-3.557309,-2.069176,-4.071548,1.2447711,-4.3904223
5-194533-A-21.wav,sneezing,0.04702089,0.16032841853323698,2838.990084482663,-411.27948,32.425236,0.83552736,5.3933954,-6.5775237,5.5601773,-2.8618448,-2.4080536,1.1697564,5.715693,-0.8173812,1.1079161,0.79111326
5-194892-A-10.wav,rain,0.14261495,0.24963308345375723,3875.0615881256304,-2.5299592,48.269344,16.896118,21.067074,-2.0365562,14.346962,-9.053676,11.774463,-5.20816,6.2051077,-1.2587527,4.4370356,-2.056826
5-194899-A-3.wav,cow,0.11598598,0.1640737897398844,2694.6584862492737,-389.86993,57.18462,-14.787918,-9.074456,-17.392641,-12.651211,-11.09145,-8.663503,-4.2048264,-1.9179345,-3.481476,-1.2058089,-6.751585
5-194899-B-3.wav,cow,0.1718851,0.08369930906791907,1623.719935770097,-311.5117,126.31923,-40.220783,-21.832527,-17.500872,-8.082222,-3.5395825,-0.85602105,-1.7662345,-5.199873,-7.1904125,-5.9169073,-9.83072
5-194899-C-3.wav,cow,0.10017233,0.0786048139450867,1716.9376422008725,-386.89523,90.18884,-38.588856,-0.3659861,-12.957895,-5.7851515,-4.521268,-11.006509,-8.686137,-4.574762,-10.89534,-13.07934,-15.313733
5-194899-D-3.wav,cow,0.07427403,0.12342225885115607,2127.584539413436,-348.3946,87.311165,-51.704063,-18.000238,-22.293215,-20.611748,-13.334211,-12.574412,-9.888337,-5.2548847,-7.679696,-3.2013557,-13.003085
5-194930-A-1.wav,rooster,0.14309803,0.06362897398843931,1515.9046017171356,-378.86914,61.970425,-28.378166,-23.765495,-15.079371,0.91291165,-8.355438,-10.829735,-5.5985093,-2.0571225,7.866709,12.573337,6.6041465
5-194930-B-1.wav,rooster,0.15991926,0.08523189125722544,1622.526170914365,-353.72653,61.351448,-49.644917,-15.628324,-19.666443,-8.629894,-7.840304,-5.301782,-5.801436,5.1557827,22.088001,21.7491,13.72
5-194932-A-7.wav,insects,0.06147142,0.024893876445086706,1363.6255064055404,-286.3497,116.70362,10.278909,8.902334,-2.4326766,17.12037,-7.454209,2.5474477,-13.310476,-16.37349,-14.413221,-4.4796405,-7.5225196
5-195517-A-7.wav,insects,0.009754301,0.15532424132947978,3476.7692473490056,-393.18564,60.30403,20.300209,7.096331,16.002674,5.2602544,-2.2186787,6.254059,12.745715,3.2941115,-11.874926,0.95607954,-9.818439
5-195518-A-7.wav,insects,0.124280006,0.16672123374277456,3728.519945253127,-163.77364,53.85287,37.59344,5.2776575,0.118395634,-5.3066683,2.5416222,12.305288,10.774802,-2.7704365,-11.32222,-5.8975024,-18.830645
5-195557-A-19.wav,thunderstorm,0.14497481,0.0333668262283237,797.9843448968853,-207.98936,194.91487,3.9969447,13.49289,5.829634,10.745659,-5.0793653,4.658536,-7.6107197,4.7017984,1.5714653,6.568845,3.5948112
5-195710-A-10.wav,rain,0.038576588,0.1526852646315029,3100.9914452360454,-151.83627,66.925674,-1.9390118,15.339468,11.0610075,10.059376,-0.7434207,6.4830747,-0.9594568,5.1735168,-2.1219516,5.8950458,-3.6246493
5-197118-A-45.wav,train,0.046028096,0.1731789649566474,2942.098574416263,-168.24516,77.716606,14.978027,22.43332,-8.720311,-1.2469589,0.2678092,4.2396274,-1.5483575,1.6308463,-3.798898,4.7678957,-5.699719
5-197121-A-45.wav,train,0.034291234,0.17682555093930635,2913.696495909941,-166.61673,78.21786,-0.43717772,19.645706,-11.326837,-5.2698765,-2.5809863,5.865585,0.79589325,-2.9640548,-6.7953253,-2.2370555,-7.4894404
5-197121-B-45.wav,train,0.075220376,0.10763920249277456,2099.728044876236,-147.60327,109.74718,-18.439077,14.137958,-19.387758,-3.967782,-3.4534929,-1.2231727,-3.868526,-2.0624528,-12.77389,-1.8062217,-9.422416
5-197446-A-7.wav,insects,0.07454408,0.0997758986632948,2249.9700743966478,-151.57445,101.959076,-9.271458,-5.070235,-10.113799,2.6431506,-4.585868,-9.465499,-17.207571,-8.849844,-13.232754,-5.288808,-8.736307
5-197913-A-18.wav,toilet_flush,0.13234288,0.19397184338872833,3422.1660799379865,-128.11552,54.12753,-9.248447,10.254962,2.5076723,-2.752126,-1.5552095,-4.388388,-2.4826705,-4.037726,-11.74638,-3.6012022,-11.735909
5-197988-A-46.wav,church_bells,0.1017417,0.08265218569364162,1584.5307669494846,-208.59082,114.92655,-22.900171,9.448142,-8.960011,-21.991657,-7.2614536,13.221857,13.247056,11.3163185,9.354475,10.652709,-16.266666
5-198278-A-7.wav,insects,0.09381918,0.166216017882948,3471.5060889552146,-68.11525,62.898518,8.0866995,-6.537143,-7.122485,-4.2769375,-9.103523,-7.343428,-14.254217,-6.390025,-13.563206,-9.430246,-13.069229
5-198278-B-7.wav,insects,0.08434243,0.13349835169797689,3107.1925050809728,-89.44632,73.43249,7.359225,-5.1278653,-4.963046,-1.090245,-6.211406,-4.0786824,-11.800016,-4.411698,-13.445206,-6.7949185,-13.416372
5-198278-C-7.wav,insects,0.07777321,0.12439035404624277,3039.6797600560712,-96.202835,75.679375,8.056623,-2.828587,-2.9487944,-1.9438064,-4.9219747,-5.353772,-12.778282,-4.543056,-13.111384,-7.598458,-11.507171
5-198321-A-10.wav,rain,0.07121614,0.24140568551300579,3549.55341591122,-48.57569,53.030228,-13.561845,12.236045,-5.1579556,0.8536272,2.8677866,-3.3015702,-3.889132,-0.6271349,-5.631971,2.5703108,-1.9280057
5-198373-A-46.wav,church_bells,0.2714127,0.034120416365606934,561.4524527296252,-195.93253,219.55663,13.042433,13.993858,13.650674,5.5349755,8.562911,4.206653,1.1471353,-2.9709735,-0.2801034,-1.5578849,-4.976451
5-198411-A-20.wav,crying_baby,0.048495717,0.127641799132948,2656.765156181394,-320.6881,35.33201,-31.358309,8.311308,-3.1925492,8.204481,-1.6650403,3.6268184,8.009552,3.8897486,6.7027893,0.4203889,6.324778
5-198411-B-20.wav,crying_baby,0.08783489,0.10446960802023121,2311.5720960169265,-226.0407,76.7469,-4.0101933,24.371086,-28.485697,-1.2395309,-4.379444,-3.4537601,15.905559,-8.920001,21.929684,-4.8088717,1.6272172
5-198411-C-20.wav,crying_baby,0.09548074,0.0584356936416185,1462.4091245227244,-273.47684,118.78267,3.8254395,-5.8914404,-22.266619,-13.178987,-27.60451,-22.838793,9.356499,-4.7120824,9.680564,3.4418805,5.2657275
5-198411-D-20.wav,crying_baby,0.11093967,0.14800002257947978,2629.4813639455842,-159.36037,56.408627,-39.32435,11.287845,-20.276379,-12.359529,-15.389093,0.037571196,7.954273,-6.2982955,20.922827,-5.533224,15.33209
5-198411-E-20.wav,crying_baby,0.14696452,0.09870055093930635,2309.423293080052,-192.81744,82.433975,-5.4235435,20.720068,-43.324657,-0.4202253,-4.7910013,-19.64091,5.2913685,-12.461288,33.399323,-6.3106027,16.720743
5-198411-F-20.wav,crying_baby,0.12716217,0.17425149024566475,2909.6444577393563,-251.42125,2.7467458,-69.570625,11.502812,14.824151,-0.5488294,-8.41385,8.016764,22.49555,3.540039,2.6094074,9.393404,18.799032
5-198411-G-20.wav,crying_baby,0.08712903,0.09124085531069365,2116.8073995875625,-277.90918,88.34356,-3.382534,12.396934,-35.491108,-3.855291,-9.325716,-9.554305,18.048033,-4.664366,32.999805,4.9371796,10.150537
5-198600-A-45.wav,train,0.32466424,0.048331376445086706,1302.6019358156186,-28.842278,145.61491,-4.033105,33.86509,6.5434294,7.158671,-4.029135,1.7586582,-2.593645,0.6617193,-5.101845,-0.46952555,-5.756853
5-198891-A-8.wav,sheep,0.064350784,0.15766686235549132,2625.6955513706075,-279.9371,80.95793,-32.182796,8.103284,-1.5082864,-0.5434634,2.6420243,13.8748,-0.9357088,-5.988627,-1.0262765,15.681952,-0.6356032
5-198891-B-8.wav,sheep,0.039805513,0.17409343388728324,2909.4279221617044,-286.1216,65.59854,-32.833923,10.622799,0.8660922,-10.883466,-8.128281,14.679058,-6.519942,-2.5502982,0.91930854,12.36051,-7.4365015
5-198891-C-8.wav,sheep,0.046126932,0.13940570809248554,2613.9325980574545,-267.42737,73.107506,-43.38749,-0.053062614,-14.2553425,-10.051072,-7.7543097,3.2201436,-7.4020524,-1.910937,3.0487816,17.437225,-0.17070292
5-198891-D-8.wav,sheep,0.055124935,0.17337935783959538,2911.7822630045575,-224.38895,62.11642,-39.908123,-1.9513539,-12.706173,-9.732752,-14.82578,-2.783869,-7.742629,-10.513865,-0.24708971,13.40568,-7.5377316
5-199284-A-45.wav,train,0.06176959,0.043267928106936415,1213.4621313187763,-200.15666,150.44151,2.2567115,29.692694,3.3538184,4.165022,-1.6989958,7.5707555,2.5609128,3.7307506,-8.5739155,-7.3735747,-3.896143
5-199284-B-45.wav,train,0.19685711,0.13138434790462428,2813.3454660078246,-4.14395,84.45318,17.156063,15.985023,7.1838045,-0.8101209,-12.003935,-0.07701076,-4.342775,-1.2241145,-6.190136,-6.7552004,-6.556446
5-200329-A-8.wav,sheep,0.010256013,0.09450923500722544,1921.2274155622945,-392.51236,121.222984,-31.355097,5.442039,0.31410378,-3.180998,-9.282064,8.6383915,6.5383625,-1.2311502,-2.9642723,7.816795,-11.201311
5-200329-B-8.wav,sheep,0.0130006485,0.07451510567196531,1568.6119579878145,-391.88837,127.245155,-30.036615,13.023175,13.313838,10.795355,-4.0436816,6.2006927,6.554867,9.066856,5.3176904,1.6372213,-8.038309
5-200329-C-8.wav,sheep,0.005957084,0.08049020050578035,1783.510654288793,-448.88962,123.80986,-32.576405,13.960946,16.18791,-5.170499,-9.110909,-0.85668707,-8.629957,-1.643419,6.877563,9.646463,-8.514265
5-200334-A-1.wav,rooster,0.1941141,0.09216096911127168,2144.6105660447183,-346.9956,61.178955,-13.192086,-41.21767,-6.7145452,-9.039184,-26.379454,-11.217158,-10.231755,0.22813071,8.017121,-0.760619,-5.3562493
5-200334-B-1.wav,rooster,0.16442741,0.11153980762283237,2380.3737682002857,-352.7504,43.45252,-9.970435,-25.04311,-8.335083,-3.753413,-14.346597,-9.678128,-7.779847,9.528349,9.322891,-4.26111,-12.338899
5-200339-A-1.wav,rooster,0.20628291,0.10928468208092486,2057.9039577035915,-295.1133,72.817894,-46.332623,-37.43842,-3.3651447,-11.770638,-29.4203,-14.861261,-13.200273,2.8795564,3.3573828,-6.389966,-8.669806
5-200461-A-11.wav,sea_waves,0.070379406,0.14556143876445088,2526.6819696972752,-93.497055,86.31031,-36.243702,-5.9568987,-17.173367,3.3156247,-10.249496,0.31488514,-7.900183,-2.593356,-5.092009,-0.57225955,-6.1763434
5-200461-B-11.wav,sea_waves,0.09340369,0.15203328215317918,2624.9522165325116,-58.840904,81.29819,-36.24268,-8.030967,-22.315275,0.42133707,-12.582841,-4.388231,-10.666707,-5.0073743,-8.265713,-2.2803779,-9.32183
5-201170-A-46.wav,church_bells,0.1907338,0.08842971007947976,1370.7415828063224,-107.546875,162.37016,-58.686268,10.3555975,-16.892776,-0.47986776,-7.8872104,-0.42320052,5.4863286,10.947442,5.858485,4.609708,-0.8205618
5-201172-A-46.wav,church_bells,0.11633363,0.09200855762283237,1618.9455238052253,-117.90731,139.39146,-44.808426,22.500307,-14.968812,1.606862,-12.278546,-1.3314713,-3.0465906,-5.6667833,-5.2257495,5.4787083,-2.0174472
5-201194-A-38.wav,clock_tick,0.013217124,0.08444725433526011,2537.1182642090007,-455.76743,89.46698,8.731954,-6.721093,4.1307015,10.326701,-2.0358894,-3.2925916,10.58857,-1.2961159,-5.1670923,4.9812274,15.426726
5-201274-A-21.wav,sneezing,0.06962339,0.06535348175578035,1214.6332114134523,-466.50717,21.837442,-8.557936,-2.4645174,-3.7149835,-0.37260348,0.2546713,4.144738,2.9322865,0.50360703,-3.4732432,-4.5236626,-5.343474
5-201664-A-18.wav,toilet_flush,0.091769956,0.14998137192919075,2989.7568779033186,-111.97753,59.430218,-2.1380844,34.920155,1.1150979,2.3521888,-3.6317563,-3.0576313,-5.9842615,-6.782163,-10.976994,-6.5337505,-12.833817
5-202020-A-18.wav,toilet_flush,0.20042954,0.1503736903901734,2707.645912398674,-124.466156,76.169685,-21.070288,5.322344,5.455412,0.2958499,-4.86259,0.27988112,-10.977998,-5.468455,-2.988343,-3.6280658,-12.179146
5-202220-A-21.wav,sneezing,0.06401232,0.15617097182080925,2544.2841517998777,-382.15698,31.933353,-49.754143,26.391247,6.670346,-7.680042,0.021584218,-1.6673445,1.3538996,10.581469,7.385113,12.675011,6.008967
5-202540-A-18.wav,toilet_flush,0.060693253,0.1860379786849711,2974.4222153909554,-189.94235,34.92212,-56.251698,20.620066,-10.717973,3.5098135,-11.494623,-18.277586,-11.188609,-4.5084405,-5.6920743,0.58217376,-4.385784
5-202795-A-3.wav,cow,0.12615274,0.05987795791184971,1294.2527452697957,-216.95363,160.66518,-26.496986,-2.1769037,-19.392086,-6.2373962,0.95265967,-1.52892,-5.974724,-6.6724358,-9.080698,-11.226063,-12.06443
5-202898-A-10.wav,rain,0.09840023,0.44359081466763006,5753.882899063275,-74.509834,-28.08088,-2.5552142,4.8811154,12.931508,7.703841,14.176122,8.614646,7.1758223,10.8045225,5.503063,8.538219,1.357677
5-203128-A-0.wav,dog,0.13970092,0.06384630148121387,1642.771223946603,-341.0686,90.68473,-0.39751837,-13.850868,-16.56546,-12.279068,-2.6530378,0.8538342,1.360053,8.336921,0.45616695,3.4684677,2.8034956
5-203128-B-0.wav,dog,0.12681083,0.10262373554913294,1930.9498639041988,-280.56262,99.421875,-39.52331,-40.6884,-19.702038,-14.098173,-8.124755,-1.8991342,-8.4564705,11.446933,-3.4127283,14.88641,14.113743
5-203739-A-10.wav,rain,0.074880004,0.29436021044075145,4039.3125562732143,-54.654987,35.822563,-2.3532732,17.97584,-4.233749,7.167386,-0.4023329,4.8418365,-0.7002022,4.9400444,-2.1786182,1.5398052,-5.4819684
5-204114-A-29.wav,drinking_sipping,0.01111992,0.1096995800216763,3215.8217617611763,-384.33856,52.441933,-3.6926255,16.850327,10.929606,8.964482,1.5752754,1.2534398,-4.1340084,-2.3601985,-0.53546065,1.9943175,-0.8878329
5-204352-A-13.wav,crickets,0.10595999,0.299228910765896,3808.8766553373193,-343.97565,-16.105715,14.990746,72.86901,-22.55238,-28.61643,37.143345,-3.7825994,-44.490685,41.789017,-13.393098,-16.057013,23.52733
5-204352-B-13.wav,crickets,0.096335165,0.297275785765896,3758.647091160207,-354.3238,-7.511729,13.92892,67.43979,-17.882986,-28.137768,38.203785,-2.319575,-39.845966,37.695442,-7.8798475,-18.864384,24.636065
5-204604-A-24.wav,coughing,0.16168158,0.07036612626445087,1006.7398228800579,-385.90286,20.519009,-4.7464294,7.3428807,3.053385,6.6830626,-2.3460805,3.4168298,-0.7622322,-0.64849657,-4.407016,-2.219408,0.9154944
5-204741-A-46.wav,church_bells,0.055442195,0.06331850614161849,1505.9573492262623,-379.36566,88.36163,0.76894057,43.881626,-27.728487,-0.6475696,-13.645452,2.122015,1.1419972,2.106612,-3.6302726,-16.24538,-20.781624
5-205090-A-32.wav,keyboard_typing,0.011276464,0.04233087969653179,1219.3132853623674,-460.96866,143.51335,-19.111647,17.253235,-0.43269092,13.969786,9.823869,0.99283665,13.732667,11.000793,10.015075,10.397978,10.496628
5-205589-A-17.wav,pouring_water,0.02256659,0.21551831195809248,4341.31796259608,-292.48013,2.6916847,-24.198412,-27.364851,-36.66476,-24.531391,-18.314459,5.574808,-0.36102366,-7.588064,-23.195751,-20.03187,-12.722785
5-205589-B-17.wav,pouring_water,0.017824473,0.2089928423049133,4440.736717017104,-305.7233,1.4160932,-34.95017,-43.02659,-28.558971,-7.0651913,-3.4378698,13.626888,-14.180331,-22.279896,-32.039555,-21.103334,-15.342718
5-205898-A-40.wav,helicopter,0.15149741,0.052655346820809246,1450.4361072237457,-109.8146,138.86969,11.549403,3.6311264,12.910676,10.027448,6.018762,-0.3532135,0.3896122,12.143178,9.095403,7.602854,-2.8769073
5-207681-A-24.wav,coughing,0.16836023,0.19813493497109827,3216.7240617730713,-220.1899,48.028606,6.4748716,15.844397,-10.051934,-15.267625,-26.787167,-17.334288,-15.576451,9.112899,-9.224374,-2.290014,5.912877
5-207781-A-17.wav,pouring_water,0.02272451,0.10251648302023121,2402.6701574472045,-402.24536,38.30302,-7.7102757,2.368567,-3.0440664,13.149076,9.6412325,15.48204,-1.5055969,6.2012835,5.246798,1.2428545,2.2491367
5-207811-A-35.wav,washing_machine,0.07643852,0.0631294029985549,2005.735843397409,-130.35918,102.63879,-11.406795,32.19818,8.771697,20.210209,10.546737,-0.33454797,-6.298574,-0.25505766,0.6920641,-1.6441602,-8.605172
5-207811-B-35.wav,washing_machine,0.18790795,0.097972362716763,2107.7648881914565,-68.11663,107.06212,31.248137,7.339485,3.477762,1.6389928,16.656391,-4.8142076,1.8400135,11.53816,-13.490282,2.1340072,-19.650328
5-207836-A-29.wav,drinking_sipping,0.014683993,0.1830998238800578,3111.124607962649,-315.8168,60.62888,-21.828793,20.720657,7.7791705,17.201323,4.6574783,-1.3178328,-5.0131145,-4.072558,-0.07518534,0.76771396,-8.783858
5-207836-B-29.wav,drinking_sipping,0.024023212,0.10498046875,2572.2563585147955,-326.62616,80.59521,8.368266,27.154531,16.378551,17.392515,10.513581,6.458843,2.7997715,-1.4207606,2.5485497,1.7387279,-5.532449
5-207836-C-29.wav,drinking_sipping,0.013671753,0.11233291184971098,2562.9672489319787,-363.0895,87.90977,8.09092,21.440077,-7.845404,-3.9669564,1.9860133,4.4490404,2.7886057,3.76845,-3.7217398,-0.7486492,-6.643178
5-207836-D-29.wav,drinking_sipping,0.031161694,0.065601856033237,1844.8699632194491,-348.8759,119.52958,14.622121,20.53988,-2.2965627,-3.9213815,4.119445,12.066724,3.2442598,-0.75451785,-7.845541,-3.3099482,-8.370514
5-208030-A-0.wav,dog,0.30002514,0.16827921784682082,2535.191913031161,-181.97243,56.921204,-91.35196,-28.618423,-3.071244,3.6851559,-7.7049866,-0.8781951,-4.4147744,-4.517888,-8.970153,-7.1951756,-6.1405883
5-208624-A-38.wav,clock_tick,0.014440491,0.19394926390895953,3270.6222326928882,-407.7097,37.74891,-60.814827,-26.979664,11.174313,-25.37763,-16.54328,8.432516,2.821458,-8.85206,-15.414751,1.474602,-6.47299
5-208761-A-24.wav,coughing,0.018309804,0.13741871387283236,2799.246631795181,-380.58224,77.5097,15.249283,6.5024047,4.42122,10.034444,-8.683959,-6.7416415,-22.781681,6.134477,-1.2356962,-12.475874,-10.814727
5-208810-A-11.wav,sea_waves,0.105238095,0.19811517792630057,2990.444460481439,-45.060192,63.395412,-43.48862,2.025679,-17.356829,-0.5743307,-7.4228544,-4.9882746,-3.1377723,-1.6128925,-4.054023,-0.8817966,-3.2909472
5-208810-B-11.wav,sea_waves,0.09622619,0.2039350388367052,3079.6317001995712,-45.61486,61.061203,-38.61063,1.3395971,-17.063148,-1.2968125,-7.8864846,-5.189222,-3.6716876,-2.9987867,-5.1257167,-2.63511,-3.9301963
5-209698-A-38.wav,clock_tick,0.0067966213,0.3368773708453757,5102.380822252832,-482.75516,-17.571255,4.4172873,-2.5190983,-35.604965,-10.35509,25.961824,-47.706688,-21.150349,8.494603,0.7405703,-6.5435743,-17.81701
5-209719-A-24.wav,coughing,0.031110123,0.012238078034682081,420.2872451065997,-597.52734,18.735964,2.7293386,3.7711277,3.5487702,3.662844,-0.7062635,0.39121523,-1.5315471,1.7428956,1.1143489,1.8679776,1.3416549
5-209833-A-38.wav,clock_tick,0.012461943,0.20535190119219654,2895.7036526724723,-441.36942,93.77469,-31.278927,-25.514282,-21.771254,26.120106,-36.009148,-10.114611,28.262577,-26.811241,-18.502693,19.388113,1.7776976
5-209989-A-22.wav,clapping,0.005527001,0.1250141121748555,3032.341779783527,-382.31973,68.30347,-29.83281,-6.832039,-9.414945,7.210716,-4.343984,6.309532,-1.451133,9.548738,-0.088677555,5.7278748,-1.0147337
5-209992-A-44.wav,engine,0.09971204,0.038746387283237,1280.7788586060994,-163.4824,153.69612,-34.731335,29.68864,-29.610605,30.067577,-3.1875346,13.707377,21.661299,18.07808,-7.20962,5.3227506,12.456348
5-209992-B-44.wav,engine,0.285839,0.04105796152456647,1158.3134979275596,-56.808784,165.08553,-26.418873,37.7079,-24.09121,30.432142,3.5205197,10.658905,18.808641,13.412545,-10.21306,3.2883372,6.404516
5-210540-A-13.wav,crickets,0.1328192,0.4676153811416185,5104.985298991313,-245.0307,-103.412506,-36.276226,64.688416,-65.08206,13.468394,-21.77195,19.460405,-23.8153,-33.142387,11.5386505,-29.64301,-5.0437646
5-210571-A-38.wav,clock_tick,0.0060382932,0.2435055771315029,4312.119916921426,-738.7195,20.543436,-0.029921737,1.7580538,-1.9186747,1.3016675,-0.8272777,2.0848064,3.3279362,3.968212,-0.3269325,0.35194674,0.5643335
5-210612-A-37.wav,clock_alarm,0.15885231,0.28251727330202314,4126.383039827607,-397.0772,59.764416,12.587297,16.528204,28.3882,15.030435,-4.087574,-6.3545218,10.658001,2.058976,-24.145565,14.704642,29.589584
5-211197-A-24.wav,coughing,0.033276733,0.1714036533598266,3014.8914557592548,-400.35324,67.74411,-3.471842,-14.226171,8.2307415,1.2239507,-3.0486026,-8.349822,-11.35863,-1.1039149,3.3625076,-3.605027,-2.908042
5-211408-A-37.wav,clock_alarm,0.06081517,0.43372640444364163,4408.416067923585,-155.21446,29.406939,5.565537,2.7277994,-19.757599,-32.893745,-20.396626,-23.403366,-8.125842,20.611849,-9.407177,5.982987,10.393314
5-212050-A-27.wav,brushing_teeth,0.13111366,0.35342248464595377,4852.854777738299,-81.05233,-49.227432,-42.615597,-10.744485,-21.374546,29.182634,44.72263,27.513847,-6.6980247,5.7102103,4.779078,9.202938,11.953946
5-212054-A-36.wav,vacuum_cleaner,0.3313968,0.15879865877890173,2354.9795383495116,10.265861,68.91441,-92.139656,-15.608872,-31.045532,-16.779638,-28.499172,-13.515455,-4.1058316,7.5215874,-1.4274653,13.9319,-3.8741364
5-212059-A-36.wav,vacuum_cleaner,0.21896143,0.333696486632948,4209.473732928888,22.642403,19.443861,-22.498335,-1.7016785,-4.7869415,-1.4164183,-10.340198,-3.0008073,6.338032,10.23446,2.622987,12.264851,0.80910045
5-212181-A-38.wav,clock_tick,0.014147696,0.07880520682803469,2098.113823236572,-579.1166,90.561424,0.85481083,-1.8154635,-6.534462,9.230249,10.780389,7.7920065,7.933986,4.5491996,7.38328,6.09142,9.702781
5-212454-A-0.wav,dog,0.12102368,0.05711479407514451,1353.210482143036,-305.8768,117.71536,-4.0653253,-19.440226,-29.847244,-4.598847,-11.253718,-14.0971775,-6.709742,-9.543269,-23.397303,-3.8131723,-6.7556067
5-212730-A-17.wav,pouring_water,0.08713899,0.11627867593930635,2994.211414706743,-186.11992,59.250095,-7.7380266,7.0613647,-5.2608805,10.341115,11.549531,11.03696,10.614948,11.612347,1.7422993,4.431277,-1.4394383
5-212734-A-17.wav,pouring_water,0.10570666,0.21106450957369943,3617.8487557719804,-180.65225,26.6209,-33.316097,-18.392212,-16.090656,9.518196,17.594963,8.855383,-0.62071025,3.655038,7.4063497,10.717503,2.027254
5-212736-A-17.wav,pouring_water,0.112824194,0.09402659862716763,2642.502302025048,-173.35538,65.37525,-34.83633,-22.051033,-19.640053,14.988307,13.087862,14.671034,-5.0704284,8.299121,-0.34870267,17.30671,6.3251147
5-213077-A-11.wav,sea_waves,0.15008394,0.04923173320086705,1711.032425485803,-112.53466,104.040924,2.4901152,44.492943,9.335074,17.870342,13.884853,14.306065,3.137861,11.742181,1.0872688,2.7629106,2.0450542
5-213293-A-23.wav,breathing,0.008210666,0.13469224169075145,2384.1215940171587,-425.0159,95.11459,-30.952494,15.387083,3.371999,14.641534,-2.4991045,-5.918663,17.8976,15.167787,-17.439154,5.9339986,3.9213374
5-213802-A-12.wav,crackling_fire,0.16092731,0.07979023663294797,3075.2708582911146,-133.99117,46.70896,50.239815,40.721355,34.377827,15.845861,16.847725,9.840808,2.672419,4.6974773,-4.477653,19.865147,9.422961
5-213836-A-9.wav,crow,0.08894887,0.10835610097543352,2064.3814579933346,-161.83394,95.76757,-48.676983,16.95237,11.787331,29.6201,-11.340376,17.890373,-2.3812065,18.67571,8.188159,5.3957853,5.9306607
5-213836-B-9.wav,crow,0.09123024,0.15569115787572255,2378.0438531689315,-131.87103,85.00439,-59.58981,28.553686,1.3785052,27.450184,-11.498988,14.35859,0.82232606,20.043839,6.228527,4.2239375,5.620724
5-213836-C-9.wav,crow,0.0813872,0.10409704660404624,1882.9282222672512,-140.7034,110.82573,-53.110268,2.7544627,15.977948,22.379072,-11.101073,16.98522,-4.719167,16.887466,18.262081,7.7113347,0.7164333
5-213836-D-9.wav,crow,0.14817366,0.1555951950867052,2287.506680875753,-68.096214,86.27371,-79.32372,1.9835184,14.996815,25.546988,-17.105274,25.99777,-11.1165905,18.483953,16.672773,1.6544591,2.6805565
5-213855-A-0.wav,dog,0.1183972,0.08634110820086706,1393.2141501224476,-280.62317,136.72911,-26.736988,-32.34363,1.279586,13.904785,13.796737,26.329596,10.571019,-0.47895584,3.3516138,15.65998,4.748102
5-214362-A-17.wav,pouring_water,0.020070236,0.19525887373554912,3395.3709482963122,-260.2038,47.865955,-37.443092,-20.854542,-12.121855,-2.0155287,5.0342774,-1.9169815,-0.3377428,5.264549,-5.575675,3.71504,-5.582675
5-214759-A-5.wav,cat,0.07253638,0.1704186235549133,2634.8538031929465,-506.81638,36.416176,-17.73178,5.099145,5.149414,4.021699,-7.9640565,-4.7671223,-3.6824887,-2.1341672,1.4235939,0.7899461,3.696108
5-214759-B-5.wav,cat,0.09554126,0.15425736091040462,2421.6156226541884,-463.58337,31.49247,-33.094154,1.4112004,5.0146966,11.566318,-8.637024,-6.432485,-7.503411,-4.771474,5.045519,4.5677605,7.018421
5-214869-A-9.wav,crow,0.021073228,0.16346978865606937,2336.8676642946584,-269.5033,71.84431,-101.72339,10.614278,10.429132,29.323755,-9.784488,-7.310647,-14.208169,7.593444,-6.202141,-1.0137717,3.8246837
5-215005-A-32.wav,keyboard_typing,0.0033846777,0.15597057893786126,2855.4890827053364,-545.523,69.01958,-37.032856,49.74013,5.8292317,-11.2736025,16.25883,6.5579963,-11.098723,22.22302,-3.7075593,5.3530836,4.9684567
5-215172-A-13.wav,crickets,0.010692891,0.601909659501445,6171.106848221444,-498.98795,28.332077,66.908394,6.9470468,27.129555,34.792137,-40.69547,60.01255,-19.077953,15.752044,-21.987318,25.605328,5.424465
5-215179-A-13.wav,crickets,0.017096475,0.08183085711705203,2190.9472008844946,-321.66565,97.30301,11.680853,17.825285,-14.033489,46.065903,5.3662972,2.9172742,30.873978,-3.769407,5.5886846,17.298489,-7.979326
5-215445-A-47.wav,airplane,0.091254756,0.04414006051300578,677.585674928173,-250.04164,255.84511,-21.540579,-4.2311187,-19.60294,0.9603522,-11.094492,-10.441529,-8.846613,-12.720288,-9.200441,-9.794663,-4.7796926
5-215447-A-47.wav,airplane,0.039494786,0.04696531791907514,663.4756496981438,-330.75357,261.36267,-11.366824,-7.0316806,-11.862392,-1.3070735,-4.625962,-2.358517,0.58258015,-1.4102957,-1.6959625,3.3665087,0.9619094
5-215449-A-47.wav,airplane,0.109181516,0.03898064938583815,583.9386107980043,-273.15588,284.38223,-7.238787,-28.426,15.369106,1.8823922,-3.4380589,-3.6169274,-7.0856876,-7.131758,-7.0138927,-2.8946671,-2.7076366
5-215634-A-17.wav,pouring_water,0.041423813,0.14874232297687862,3500.72039006918,-306.30002,44.110188,10.578205,1.8512857,-13.9767,-3.7736807,-8.031583,2.2792816,3.0505855,13.478392,4.8990026,14.423622,5.2632194
5-215658-A-12.wav,crackling_fire,0.041244928,0.02480355852601156,975.0134599985618,-364.3928,106.15263,39.734413,83.42712,46.944656,29.273071,4.4387736,9.555253,-1.0165694,5.4101367,-13.728657,-3.8926253,-6.006133
5-215658-B-12.wav,crackling_fire,0.12588371,0.021820244761560692,1019.6851315258533,-251.5643,98.085754,46.830894,86.48732,46.905777,30.940548,4.516169,9.948775,-0.6618433,6.441061,-14.698451,-4.010988,-4.3939395
5-216131-A-32.wav,keyboard_typing,0.011442123,0.13543736452312138,3648.097356564235,-353.3288,19.592907,-45.277473,9.303517,7.100652,10.454531,13.489766,17.607834,8.872305,23.171637,-0.2919124,14.091537,-0.63508004
5-216213-A-13.wav,crickets,0.09607092,0.22762938041907516,2794.071317335427,-351.82983,40.321793,-53.924767,42.056404,-19.422487,-16.907804,-29.018103,10.875213,-0.14506204,-30.828672,-11.424902,16.331797,-9.488838
5-216214-A-13.wav,crickets,0.017510418,0.34631277095375723,4220.972267358025,-413.3673,4.057892,2.908563,53.428154,-34.927063,1.9388093,19.364199,-7.0825253,-4.2424417,5.5707684,-9.698345,11.162729,-17.08772
5-216216-A-13.wav,crickets,0.066257805,0.32417359104046245,4214.036714783924,-357.794,39.84429,-1.3981091,30.012695,-27.321932,3.1327243,-9.43595,-13.654102,29.592587,-28.916292,-14.395582,41.830017,-43.640022
5-216368-A-28.wav,snoring,0.05932333,0.11950189667630058,1964.9913364433467,-271.32755,115.264046,-23.95855,43.02425,-7.0616527,5.038704,-22.660864,-9.346314,-19.377266,-34.383907,19.86432,-12.159485,11.327384
5-216370-A-41.wav,chainsaw,0.10902809,0.2511882451228324,3635.754053772014,-74.59427,45.60554,-6.4625306,29.985764,-14.222521,8.1677065,-7.746698,-13.997199,0.86552006,-3.2709608,-5.119174,-1.2204031,-7.5145073
5-216370-B-41.wav,chainsaw,0.1784699,0.24817106213872833,3707.3339766455406,9.525229,41.967323,-9.753388,25.251013,-14.089135,16.252815,-1.7440006,-7.387619,5.1311383,-0.71236527,-2.610214,0.010600228,-3.875047
5-217158-A-0.wav,dog,0.08989503,0.08014586343930635,1208.4996994339588,-293.56995,160.22742,-98.52932,-62.513535,-8.222972,-38.37592,-24.143866,6.09573,-0.7860858,11.02935,30.227262,9.391119,-0.79964054
5-217186-A-16.wav,wind,0.06730539,0.0413430274566474,916.4453573280753,-209.11673,184.32477,-0.9744062,10.704014,0.14369193,16.5454,-1.7699361,1.3807404,1.6869385,2.7864404,-4.443061,3.7049885,-0.046730705
5-217186-B-16.wav,wind,0.08787777,0.046996364703757225,786.7727253925859,-228.28757,209.89659,6.3948874,-10.575001,-1.527614,9.558591,-5.896877,-9.26106,-6.333118,-0.78387576,-6.401574,2.8648684,5.8220673
5-217186-C-16.wav,wind,0.09028688,0.048751919255780346,792.6370516506934,-227.21733,208.60829,6.592671,-9.590219,-2.814035,6.6115174,-9.267977,-11.177824,-7.0935674,-1.2332094,-4.1402063,7.6478906,9.547088
5-218196-A-27.wav,brushing_teeth,0.019156165,0.20285686867774566,3695.1353482507047,-259.62277,25.807476,-38.601284,-24.556128,-17.226574,9.666609,23.660133,8.116142,4.036818,9.362531,-10.064536,12.781659,8.966862
5-218196-B-27.wav,brushing_teeth,0.009737469,0.24891054010115607,3955.4853723148926,-299.5707,22.193947,-29.626917,-3.0931625,-16.392565,-6.674866,12.591791,3.8175657,-2.7058313,6.4367805,-0.090907104,13.663809,-3.8081987
5-218494-A-22.wav,clapping,0.064307176,0.0722712698699422,1341.2504140786773,-375.41895,56.443214,-23.22255,-11.235171,-8.000135,2.1969428,-12.762206,-3.8658721,-0.6172027,-2.8954964,-4.3663273,-1.2901045,-1.2284523
5-218980-A-30.wav,door_wood_knock,0.01687326,0.02211942286849711,609.0390426648565,-592.29407,58.579334,7.21636,4.4621935,1.4604646,-1.0536759,-3.4703796,-0.7531893,-0.31006494,1.437092,-0.8646377,0.5717999,0.29935446
5-218981-A-30.wav,door_wood_knock,0.029612305,0.013959763367052022,485.6105608966395,-547.10944,33.51881,13.481978,7.583623,5.3419733,4.775356,1.0880237,1.8715773,-0.77560496,0.9832874,-1.3039297,0.16737013,-1.27587
5-219044-A-46.wav,church_bells,0.099596076,0.09606157424132948,1695.4100355198293,-202.85484,121.552025,-47.29663,-24.259432,-22.520945,-10.231498,-19.285196,-16.5844,-21.969448,-12.295224,-11.483578,-4.4762583,-8.873833
5-219242-A-37.wav,clock_alarm,0.040188514,0.24454141076589594,4082.2189906124822,-462.82193,5.8177257,5.6070085,31.685022,6.6695232,27.767153,2.2215793,7.8543057,19.291506,17.909803,-14.020673,11.023148,19.207962
5-219242-B-37.wav,clock_alarm,0.0447916,0.3242046378251445,4538.5918379631785,-427.67242,-20.16773,-3.469927,34.49538,6.393124,34.501682,-7.492371,0.7972622,16.90117,24.43921,-19.509155,10.3735895,20.807293
5-219318-A-31.wav,mouse_click,0.014037857,0.02319194815751445,2450.4659812340155,-536.9328,53.323326,49.56262,29.38419,24.544138,20.39859,20.57217,14.914031,14.31408,13.527779,9.085565,6.735672,3.2880182
5-219342-A-38.wav,clock_tick,0.012905023,0.1272381909320809,1995.1131280697573,-600.768,47.903305,-47.321785,5.6394043,-4.475813,-10.852597,7.5733275,17.692476,14.62931,13.393237,16.016514,7.282856,11.451252
5-219379-A-11.wav,sea_waves,0.083635315,0.1632891528179191,2458.03665789581,-112.48277,83.92494,-63.96174,2.29642,-28.033863,-1.1260263,-21.1913,-4.9205523,-18.869745,0.2528084,-9.9474,-4.3723617,-8.329895
5-219379-B-11.wav,sea_waves,0.07996321,0.1651801842485549,2455.724275700172,-92.614105,83.952774,-66.648415,3.740365,-28.54272,-2.0230365,-22.2057,-5.4356236,-18.879242,-3.1392221,-9.171045,-4.7922907,-7.8920646
5-219379-C-11.wav,sea_waves,0.0991838,0.15281227420520233,2347.557138771464,-67.16522,88.42946,-65.982445,-0.7784801,-28.66468,-5.293016,-22.456697,-7.567377,-17.491833,-1.152157,-9.783071,-5.8544283,-9.383972
5-220026-A-21.wav,sneezing,0.06599445,0.07984668533236994,1621.5665610646731,-520.5785,4.26817,-9.0834055,6.330711,-7.8022757,-1.8851808,-3.890259,-3.864787,-0.77966565,-3.2614465,-0.79072326,2.879216,0.48972562
5-220027-A-21.wav,sneezing,0.046722915,0.10879922326589596,1548.67513595557,-549.46344,2.4622266,-7.2768936,11.298386,-9.730097,0.32068646,-1.839308,2.9155269,2.7069142,-3.3826427,-0.57952905,1.3907301,1.7846909
5-220939-A-27.wav,brushing_teeth,0.027940659,0.1528292088150289,2241.109016484972,-553.3673,-14.934504,-29.414085,-17.382927,-20.22992,-13.224427,1.3631272,-4.9565253,-10.096648,-7.030585,-4.3723736,-0.32101676,1.917325
5-220955-A-40.wav,helicopter,0.08909009,0.025407559609826588,735.5165403848054,-294.93216,174.85094,7.786905,-2.3558686,8.515207,2.35636,1.9928645,3.4799707,0.68513006,1.1015743,2.2339375,0.3037966,0.8607268
5-221518-A-21.wav,sneezing,0.0759907,0.1712314848265896,2964.033548296168,-396.4562,50.80803,-8.209333,28.274172,-1.8148645,-2.6795042,-11.0031805,-5.921857,-4.069164,-4.154028,-0.9788329,2.5153897,2.7594106
5-221528-A-39.wav,glass_breaking,0.04383169,0.07121003432080925,1434.032875703686,-554.6188,8.800321,9.990754,7.6987643,5.5274067,7.401204,5.143526,4.1474314,3.8333757,4.188093,3.1531105,3.1176214,1.7674521
5-221529-A-39.wav,glass_breaking,0.014600861,0.13159885296242774,2002.1392271380714,-641.8287,27.29088,3.2918327,5.555555,-2.3874478,4.6126623,3.197671,4.011399,5.4845996,3.2086954,1.0837746,2.8225603,-0.3471419
5-221567-A-22.wav,clapping,0.13046356,0.17729407514450868,2834.394748183315,-34.96689,76.76453,-31.592838,13.452828,-10.520743,22.049353,-24.24656,9.544245,-7.3462887,4.814983,-1.8300049,1.8256868,-2.7506862
5-221568-A-22.wav,clapping,0.08985741,0.16482455744219654,2734.63182498322,-90.37925,79.293594,-27.29971,12.95796,-3.5612638,27.613512,-24.536879,7.350785,-11.832796,3.4904313,-0.45918283,5.960933,-0.39637032
5-221593-A-21.wav,sneezing,0.085244715,0.032788227059248554,712.1171615728098,-445.84308,14.630674,-7.331157,0.16554609,0.9256222,-2.4170732,-4.4800124,-0.3423531,0.33949172,3.3205082,2.1854627,2.244921,-2.7474415
5-221878-A-34.wav,can_opening,0.064402305,0.06658970827312138,2150.002623771409,-400.2754,78.52952,6.146171,-3.7311673,2.507467,19.405304,19.484182,0.15524176,4.0459304,11.73038,6.187713,8.551925,-0.124966264
5-221950-A-22.wav,clapping,0.013119322,0.06108596007947977,1888.9964585573543,-426.6693,98.66881,-41.70604,5.396331,14.757857,11.250088,1.5097991,8.063982,4.6110077,8.669435,3.6329021,5.6865673,2.0560384
5-222041-A-9.wav,crow,0.12778422,0.1355954208815029,2228.8364258205124,-60.762768,96.95099,-50.37346,-11.338073,-1.4264575,36.52342,4.0545936,3.7467072,-2.611545,7.895971,5.1280065,4.272697,10.198628
5-222524-A-41.wav,chainsaw,0.18837823,0.13792110729768786,2032.3823465805556,-11.326976,121.04662,-75.13682,28.73761,-20.833977,11.289055,-9.224782,-3.3203492,-3.2582295,6.470246,-2.1344182,6.734471,-2.4212644
5-222894-A-32.wav,keyboard_typing,0.08230518,0.06868959989161849,2476.7540867814146,-206.5025,75.79949,3.8686583,36.954144,13.421923,6.6883297,18.697973,17.381695,13.569069,10.994218,-4.364497,2.156394,-1.2387599
5-223099-A-32.wav,keyboard_typing,0.05326971,0.07577955653901734,2175.401965455265,-315.111,84.956314,-14.836155,11.149065,20.25214,6.7902365,13.058061,16.115568,12.468089,7.1512895,2.3937552,4.800921,1.8555334
5-223099-B-32.wav,keyboard_typing,0.056553174,0.1007496387283237,2424.5114779157234,-264.38666,75.85497,-25.429707,9.514612,15.237452,0.2808039,13.593326,26.1851,13.495932,7.3384585,2.5696447,6.625374,-1.1948011
5-223103-A-31.wav,mouse_click,0.028534275,0.05268639360549133,2153.128304925559,-367.35056,98.35394,11.086953,11.083593,23.174261,17.142406,12.892351,1.1035917,5.4896646,2.945702,6.347746,4.2348914,-0.20082767
5-223176-A-37.wav,clock_alarm,0.46254143,0.33117040733381503,4204.7112610334625,-172.19217,-34.457787,-13.310695,30.609144,-11.73781,7.4461718,-1.7122024,12.525519,25.670874,20.52399,-2.0838382,-11.934658,-1.7491561
5-223317-A-31.wav,mouse_click,0.04176066,0.004803784320809248,1598.683279229934,-416.86948,50.11847,12.728739,43.531548,3.7903576,15.473292,6.7228928,18.430801,2.924159,7.3119326,3.8011496,8.652182,-3.0243351
5-223810-A-35.wav,washing_machine,0.025282644,0.07730649385838151,2072.845183546343,-263.16888,105.56114,-3.9609015,22.699148,-5.1334586,8.31268,-1.4083557,0.7717892,-8.897046,-1.5952703,-3.0310345,1.6057154,1.6003406
5-231551-A-36.wav,vacuum_cleaner,0.09589881,0.07102657604768786,1897.4047396603657,-262.6001,110.51733,4.336691,-10.142529,-2.1277196,0.4979497,-2.9159408,-2.591467,0.74745417,-2.9420924,-3.3348541,-0.42392334,0.29606536
5-231762-A-0.wav,dog,0.10850435,0.02296333092485549,494.97039919203104,-416.3153,54.329346,1.9105048,-14.673867,-15.54134,-9.151699,-13.24492,-6.713139,-2.3288088,-4.753339,-3.1856418,-1.8676919,5.179587
5-232272-A-44.wav,engine,0.068758525,0.059688854768786125,1896.8299953894027,-142.05576,110.86486,5.5475497,33.343464,5.931134,10.899784,-1.4835678,-1.9752693,-1.9523153,10.976971,-1.8009489,0.6279516,2.8946655
5-232802-A-31.wav,mouse_click,0.029210705,0.041252709537572256,1747.1815724812914,-421.35138,51.63652,13.320032,7.2602367,11.307926,15.574421,1.4913175,17.23833,17.430033,7.095008,1.790095,9.123546,1.5709101
5-232816-A-23.wav,breathing,0.057467703,0.01744547055635838,792.4891699408262,-323.41873,162.39864,15.033788,7.3790045,25.92661,33.752743,2.7298539,-0.36512148,11.376012,11.802153,6.998494,11.637824,2.6453211
5-233019-A-31.wav,mouse_click,0.01138968,0.06140771766618497,2027.553992415737,-382.1764,102.43298,41.433624,36.256165,8.285582,13.695059,-3.9239688,3.4196763,3.4755774,6.4577723,-1.5665911,6.332783,-2.452842
5-233160-A-1.wav,rooster,0.18952994,0.08146958544075145,1213.9623097539977,-364.81262,51.29079,-38.780453,-19.12515,-2.5798655,-3.1495297,-16.94308,-5.1732225,3.9734268,11.371046,-4.3796988,-10.1649475,-4.378946
5-233260-A-23.wav,breathing,0.039307415,0.019392950686416183,800.3241864036182,-349.0124,155.41867,19.811253,13.563688,21.44116,24.85833,-4.0781717,2.2405255,10.823201,7.0592837,7.0175104,7.3189974,3.2863584
5-233312-A-28.wav,snoring,0.031350326,0.04863337698699422,1388.1285638882348,-370.68414,132.27922,16.995443,35.666378,-10.915869,12.296793,-11.741752,-1.0955046,16.254293,1.0494597,9.069245,10.098698,-0.21497804
5-233605-A-39.wav,glass_breaking,0.08963981,0.10750654804913294,1410.9004671331343,-595.78046,-3.513243,-0.13777724,2.6343994,-0.17622411,0.25873095,-2.0532823,-2.1081486,-2.819217,-1.8196715,-3.3917668,-2.1669288,-2.835763
5-233607-A-39.wav,glass_breaking,0.111513965,0.13793239703757226,1550.2504111158723,-509.62564,-3.7234488,0.7572795,-0.44889623,-3.144427,-0.84628534,-3.2326858,-1.812626,-1.7337357,-2.0198438,-3.7478373,-1.7709262,-2.5456092
5-233645-A-37.wav,clock_alarm,0.036369137,0.12640275018063585,2298.612232745005,-537.8674,15.413681,2.3536665,16.806463,12.926151,15.8052435,-1.0929929,-0.69451594,20.578827,3.1581385,-17.208532,13.433337,11.105969
5-233787-A-7.wav,insects,0.015768252,0.16661680364884393,3848.6059526108015,-324.9293,20.109417,10.463406,23.22968,-21.210585,-14.415012,-21.722483,5.251287,-1.8707352,-20.521067,-17.298893,-26.090904,-18.636595
5-234145-A-28.wav,snoring,0.035728853,0.09031509664017341,2433.149924363303,-331.28653,84.0305,35.83103,38.14902,5.4982543,4.842746,9.821428,6.730906,2.0465565,5.4975214,4.2743793,-0.433523,2.8521006
5-234247-A-37.wav,clock_alarm,0.08474718,0.2181064848265896,2851.0080042604045,-210.5135,29.57839,-97.91616,-3.1529217,-62.630318,-36.485813,-20.346155,0.5864937,-15.838822,-16.25697,-23.548388,-3.1483042,-28.707354
5-234263-A-25.wav,footsteps,0.042828795,0.04976517341040462,812.118193763948,-507.92462,44.129883,1.9510163,9.799067,5.6379523,5.437349,2.3549798,4.340433,2.7256088,3.6688035,2.1305532,2.6073654,1.0454996
5-234335-A-23.wav,breathing,0.009434622,0.14377201499277456,2737.950280597776,-467.94534,63.93423,-27.983482,15.989176,-0.5916215,13.232852,4.0986977,6.363586,5.035226,14.676322,2.815934,0.77698123,-2.6139798
5-234855-A-25.wav,footsteps,0.011713525,0.15060230762283236,3076.324029112069,-412.69522,57.26347,9.803096,23.882343,11.72082,16.825054,4.2548795,8.607711,3.0472183,9.917868,2.8926003,6.7672677,1.3426309
5-234879-A-1.wav,rooster,0.07851727,0.08737694183526011,1648.1729691512123,-350.36444,36.214657,-24.464703,-14.395393,3.1193213,13.342002,-11.238936,-9.480075,2.0540476,5.236126,8.832204,3.0425608,-4.2972054
5-234879-B-1.wav,rooster,0.14566082,0.08084018244219653,1419.7536599214777,-322.36563,52.56096,-17.937666,-10.660224,-7.4918327,10.1985035,-15.525183,-8.011992,-2.058588,5.884289,14.674008,5.1670146,-3.6879568
5-234923-A-32.wav,keyboard_typing,0.053070493,0.08911556177745665,3658.3168927049765,-228.15126,4.0890408,-17.045538,17.687325,-1.1190428,24.385048,21.091145,19.928734,0.1754856,9.621402,-3.3574388,13.412212,-2.7279618
5-235507-A-44.wav,engine,0.037185676,0.18378003070809248,2985.3833577699306,-133.21577,68.55271,-27.19256,3.5070822,-15.717192,8.464342,-1.4977401,-0.11671352,-11.964127,-7.822635,-1.6352897,1.0766438,-12.578546
5-235593-A-23.wav,breathing,0.010592227,0.14444375451589594,2806.970111912614,-358.32373,63.82177,-27.445312,17.648369,2.4589174,14.973771,-0.034062732,2.1900814,18.036755,-3.796283,-6.756236,3.068116,4.0741096
5-235644-A-30.wav,door_wood_knock,0.05836726,0.01927440841763006,715.5717651252022,-484.05466,78.29902,15.723489,10.56698,8.341402,7.567512,3.8295224,5.788767,3.58049,5.3537817,2.2600813,2.5049872,1.6769888
5-235671-A-38.wav,clock_tick,0.020720843,0.021100523843930637,1311.1949591228406,-457.51205,87.43418,8.89018,25.171711,16.684692,23.22324,11.287115,9.087535,10.838299,14.159143,8.14012,9.867384,10.292024
5-235874-A-28.wav,snoring,0.017493041,0.1448812319364162,2947.1205360017134,-542.90845,65.774,42.487183,21.383663,3.3491483,15.089997,4.218543,2.6893125,-4.0893893,-7.5043597,-11.87747,-7.073723,-10.559276
5-235893-A-28.wav,snoring,0.0066320603,0.2003279669436416,3314.6370436719335,-536.5363,61.836845,29.008406,23.244383,-1.2067561,16.894075,-5.3632507,12.768405,-10.062461,-1.9220773,-25.43159,-6.993321,-9.465643
5-235956-A-47.wav,airplane,0.17470904,0.03269508670520231,671.2385734709012,-188.69434,227.58711,-27.652195,-4.263501,27.134365,-4.327333,5.7789497,9.617534,1.0731795,5.2801857,2.9596455,2.8460276,7.6417856
5-236288-A-28.wav,snoring,0.009485379,0.09060016257225434,2406.153298458455,-406.05988,85.21275,0.24458146,16.451967,9.718326,20.986399,-9.09411,14.937173,16.639824,19.352547,16.733974,9.353833,-5.9244194
5-236299-A-34.wav,can_opening,0.10524369,0.09384314035404624,1404.784700043992,-423.4034,7.32735,-9.920615,2.8073137,1.7308736,5.712589,6.1041183,4.102152,2.727726,1.0317365,2.0713296,2.8731475,2.7261574
5-237315-A-31.wav,mouse_click,0.007438234,0.13922507225433525,3341.6255703905194,-358.2748,54.773495,14.390696,29.196165,17.285769,14.05657,7.878227,8.936588,1.7770077,3.0818453,1.9203509,0.7005735,-1.9018216
5-237499-A-4.wav,frog,0.02569538,0.11817535223988439,1624.5663965104943,-360.9703,158.47656,-89.87569,-2.9736595,3.5407722,-6.7037883,1.3737953,-0.95620763,7.3334785,4.6952305,0.070301786,15.3690815,6.748288
5-237795-A-34.wav,can_opening,0.10248813,0.11245145411849711,3418.188781618111,-333.50317,20.43281,14.489987,30.178982,-5.505883,31.848278,-0.13872708,14.805814,11.535325,4.9927063,0.26101416,6.5497103,7.984799
5-238021-A-35.wav,washing_machine,0.124498636,0.11317399747109827,2874.05970535528,-105.17421,68.097015,64.92237,32.82019,-7.1997566,10.847663,-13.524105,2.6266942,3.4743202,-8.326593,3.3370051,11.05231,-5.195445
5-238492-A-23.wav,breathing,0.06744671,0.0727510838150289,1872.9124740194893,-313.3316,49.610424,4.9290056,10.605245,3.2546754,11.106516,-3.9593909,4.7707314,11.762217,6.6458254,1.3732207,6.076157,-1.1334722
5-238926-A-31.wav,mouse_click,0.016730119,0.042133309248554913,1951.6462072008612,-319.66238,111.73103,0.55320746,7.669006,4.67685,19.361195,9.671345,8.552335,3.6954565,5.705993,-1.8372015,2.0284185,3.750513
5-238938-A-27.wav,brushing_teeth,0.016677987,0.16332584447254336,2958.140872922664,-235.50836,67.294495,-12.325398,12.559196,-14.980372,6.0889525,1.6202319,10.211262,-3.07272,9.468735,6.2874465,3.5021055,-1.038135
5-240671-A-44.wav,engine,0.31784487,0.012909817557803469,783.3155518678902,-182.1097,138.18425,22.569353,40.958828,17.373388,18.382914,5.22008,18.3941,25.461626,19.962545,-13.249038,1.9687184,-0.4098808
5-241846-A-15.wav,water_drops,0.021404836,0.11080315209537572,5076.537196901904,-477.75995,-2.8234663,40.2786,11.028751,13.626186,18.23124,2.2085645,9.885987,-7.277976,11.9909,-7.048378,10.161033,-6.493799
5-242490-A-14.wav,chirping_birds,0.01219375,0.22272681087427745,2871.823285598057,-398.7949,62.639027,-74.31019,-9.488166,-53.2424,-20.859144,0.09141373,-11.255754,-4.2611504,-0.73326576,-7.095816,-0.39246386,-7.455409
5-242491-A-14.wav,chirping_birds,0.009621602,0.22117164920520233,2961.652061129856,-414.60178,65.10564,-48.762016,-14.750139,-50.6598,7.9426355,-3.0689044,-18.52552,0.74464864,-6.224265,-6.724286,-3.7467914,-7.964604
5-242492-A-3.wav,cow,0.13218422,0.05233358923410405,1066.9776804834999,-259.43033,153.0088,-21.754663,-13.887515,6.0227423,23.807623,-8.7984495,-11.045771,-15.492467,3.5185964,-2.360044,-17.32064,-4.501722
5-242711-A-9.wav,crow,0.009238172,0.05621443731936416,1794.441596751205,-374.3491,108.58325,-5.246472,14.149694,11.062507,26.108511,-1.3971912,8.4339285,1.3543594,7.641217,6.6421456,1.2214007,7.5507784
5-242932-A-26.wav,laughing,0.13656926,0.072265625,1381.681779359029,-265.7892,126.81095,-21.268026,-0.6248592,-19.408747,-8.501082,-24.105692,-6.3664827,25.986462,0.91537917,0.22199245,-5.02961,8.473081
5-242932-B-26.wav,laughing,0.12101442,0.08423274927745665,1599.3711373633005,-248.1545,118.11297,-26.707527,17.73035,-15.227421,-10.625171,-26.09862,-2.5250275,4.692837,-12.348336,5.2082934,-8.907338,11.5053005
5-243025-A-25.wav,footsteps,0.014076696,0.09550837698699421,2528.9688526968084,-315.6792,92.16328,2.9118183,14.586491,-6.9198,11.750649,1.6175294,13.309514,-0.9896955,10.542682,-0.20295142,3.4767044,-3.6920075
5-243036-A-29.wav,drinking_sipping,0.012321184,0.006731507406069364,1090.0961130979954,-544.103,68.54374,-20.405539,15.084906,-1.7947494,3.5268857,-0.17020564,3.8960323,3.6787603,7.105048,2.208141,8.195178,1.2110846
5-243448-A-14.wav,chirping_birds,0.012025849,0.31629617503612717,3877.645216767043,-323.34192,-6.0713673,-66.82246,-11.178596,-54.83509,-30.800251,-24.352715,-17.469378,-18.277163,-10.988698,-6.6946363,-8.402902,-8.467007
5-243449-A-14.wav,chirping_birds,0.026452038,0.529869829299133,5848.602943912657,-507.22815,-74.176094,-33.876385,-46.387917,-26.425045,11.044025,-25.65411,11.889569,12.3496275,9.046684,19.437563,-1.7127345,4.777716
5-243450-A-14.wav,chirping_birds,0.030086003,0.5017216853323699,5525.183987150116,-506.92413,-142.06,-62.913918,25.066559,-8.336875,41.57491,-24.00324,15.866606,-11.424948,3.3983803,2.7114875,-0.5090241,0.9937331
5-243459-A-14.wav,chirping_birds,0.040709585,0.3401852646315029,4007.863268686212,-419.76678,-76.562706,-91.58236,48.646965,-36.099766,7.137279,3.6543427,3.5139322,17.751034,-8.049807,-9.082325,1.3015294,-6.2141685
5-243459-B-14.wav,chirping_birds,0.031856593,0.326171875,3734.214426673904,-405.3781,-60.110348,-119.11994,17.047882,-34.61829,11.533215,-6.4565425,14.576666,36.79557,-8.013446,-12.256802,1.8766258,-8.178538
5-243635-A-29.wav,drinking_sipping,0.033741396,0.016336253612716765,499.8215315752731,-532.6381,61.52989,24.631046,17.288906,14.220935,11.352903,5.053977,2.1605597,1.7934397,1.7255064,1.011802,0.23952603,0.22393551
5-243773-A-44.wav,engine,0.033128876,0.09448101065751445,1985.4845155234327,-174.05789,119.82412,-29.019503,16.77165,-9.112935,0.9201183,-7.1584477,16.566637,-8.824787,8.318639,0.29081652,4.1838493,8.028262
5-243773-B-44.wav,engine,0.07462575,0.07084594020953758,1837.1358211853244,-123.77876,121.782196,-21.700377,18.193361,0.28824753,8.267914,-1.0349988,16.507925,-5.5881424,16.393036,5.8196254,5.2736816,4.4046283
5-243783-A-44.wav,engine,0.043895178,0.08211874548410404,1759.8409380933358,-156.9368,132.16115,-22.41559,15.169167,-5.6600647,5.8306656,-6.258436,8.128373,-6.4132843,11.775855,3.2427075,5.332086,0.96675575
5-244178-A-32.wav,keyboard_typing,0.007410389,0.24933390534682082,3627.3540991869213,-452.57236,17.786095,-42.60375,24.783644,-8.760978,-10.929879,7.251472,4.39364,-3.5870552,15.036126,-0.23957498,6.842598,-2.9684715
5-244310-A-25.wav,footsteps,0.05018396,0.06350196441473989,2272.8764074398277,-227.71268,87.19348,11.191131,19.88434,8.094486,17.187134,2.8236957,11.731461,4.862532,8.978956,0.66651267,5.383185,2.4710333
5-244315-A-6.wav,hen,0.08736862,0.08938651553468208,1832.1797468704704,-158.21146,122.74795,-16.663185,-24.611427,-26.28542,0.80487627,-4.87934,-0.14857647,-8.696218,-2.427578,-11.7804785,-4.1008124,0.19552593
5-244315-B-6.wav,hen,0.031573452,0.12868892250722544,2612.750444271235,-232.45186,88.34712,7.148399,-2.6331995,-10.052405,6.9960403,-0.302536,2.8032827,-4.835829,-0.8131462,-8.492991,-0.004302361,-1.5219487
5-244315-C-6.wav,hen,0.099367574,0.15742413294797689,2602.141557547422,-136.1283,93.25138,-13.953527,-11.435274,-26.534157,1.6106892,2.5266428,5.978366,-4.9414544,1.180962,-8.772646,-3.1693246,-3.2122898
5-244327-A-34.wav,can_opening,0.055687908,0.38304958453757226,5226.767869741438,-471.03952,-43.062393,-14.494747,11.835235,5.7906156,3.6446278,-3.1681793,7.5291176,7.5799947,7.2384105,-2.5871532,6.844534,-0.6097406
5-244459-A-28.wav,snoring,0.022863496,0.03804642341040462,1812.8266624556215,-419.58905,93.96276,29.861809,34.793453,13.787398,12.255546,10.899099,6.5851474,9.2915945,2.7497196,2.6799917,3.6155121,-3.2491515
5-244526-A-26.wav,laughing,0.15731236,0.17120326047687862,2674.9793415193535,-226.64125,70.58947,-52.183838,29.713968,-7.8808684,-7.0571785,23.024364,-12.5326185,-4.204053,16.916157,-9.093274,-3.3046126,-8.795918
5-244651-A-31.wav,mouse_click,0.005162351,0.1979034953034682,3824.0817979965495,-664.3944,44.77078,27.115911,20.728735,5.2489862,9.099869,-4.265905,4.5960674,-5.048142,-2.9010582,-7.369592,-1.5041684,-6.6814013
5-244933-A-34.wav,can_opening,0.027691133,0.2669233200867052,4050.5142749658694,-387.79858,34.352524,3.824586,11.104795,1.6927359,8.625659,1.4780642,3.4769154,-9.261935,-0.45428944,-7.200294,-0.39209202,-4.986356
5-245040-A-35.wav,washing_machine,0.025015011,0.07171807261560693,2219.3052004838573,-274.28693,99.133385,6.473125,4.778228,-1.8517885,-16.741758,-23.572903,-2.0289733,-9.1744585,-4.382785,-11.040496,-4.7248316,-6.4568434
5-248341-A-6.wav,hen,0.117537476,0.09842395231213873,2089.9824601923065,-266.93164,105.885254,-9.760489,-13.916912,-5.835602,10.696605,5.4072123,4.292506,-3.06849,8.10836,-10.220044,0.51663727,2.2711563
5-248341-B-6.wav,hen,0.08336179,0.08125225794797687,1523.6599175001002,-344.8426,128.75494,-25.063246,-26.03795,-14.874186,1.2702018,13.867323,3.2796063,-4.5808883,8.252824,8.034929,15.827137,15.136755
5-248341-C-6.wav,hen,0.12280659,0.09874853233381503,2036.8105399227773,-211.70972,90.01546,-59.063747,-26.968185,-9.707793,2.0166655,19.5834,10.0875025,-24.465237,3.1532166,-11.356749,7.144843,14.84287
5-249748-A-28.wav,snoring,0.016504206,0.07592914559248555,2263.9162600157792,-456.57156,93.342606,38.46237,12.77304,-12.877749,14.39414,2.316435,10.636544,-2.3935,0.11399012,-6.1850986,-0.4796333,0.916582
5-249937-A-22.wav,clapping,0.10173764,0.1814995032514451,2872.688317516068,-41.112656,64.76528,-51.351246,-13.189033,-14.008721,-0.005875979,-14.967488,-4.932316,-5.072592,-10.295987,-8.919148,-5.0649376,-7.321933
5-250026-A-30.wav,door_wood_knock,0.018258918,0.19341300126445088,2157.0378372507357,-611.86896,120.91709,23.066479,-7.572532,-3.2980187,1.635113,0.65329796,-1.1970769,-1.8506554,-0.26841712,-0.61301666,-0.0028615522,1.0983492
5-250026-B-30.wav,door_wood_knock,0.054240007,0.03732952492774567,1507.139548458613,-285.56534,136.40392,14.990428,13.240078,9.663451,19.66317,-7.912018,12.018477,-6.5212827,8.93158,1.6691478,7.334193,2.389574
5-250258-A-49.wav,hand_saw,0.0771822,0.2244767205563584,3458.269560716578,-286.897,49.35287,-17.561357,13.570845,15.023667,3.4790769,-8.177517,-7.456696,-4.4954386,-2.2656102,-13.311238,0.1303225,-0.017930489
5-250629-A-37.wav,clock_alarm,0.38449758,0.1666506728684971,2905.700911099354,-285.8358,27.058516,-0.9510496,37.731136,26.718555,27.018103,9.010467,2.8375804,32.64691,8.055817,-19.018639,10.128291,22.483574
5-250753-A-34.wav,can_opening,0.099578865,0.14198823609104047,3022.95757437289,-231.39005,68.53419,11.634794,29.75407,9.227317,-1.3681165,-2.2821753,-5.461731,-1.0436876,7.2940617,2.8713865,3.9444852,-4.621965
5-251426-A-30.wav,door_wood_knock,0.04757309,0.08057769598988439,1916.987020374985,-480.8189,142.3082,11.656645,-14.174979,11.827112,11.959634,1.7125151,6.7671103,10.412293,4.837931,-1.2701921,1.2710217,2.6236534
5-251426-B-30.wav,door_wood_knock,0.07007215,0.0465447751083815,1672.0016218032695,-471.26175,106.73259,31.996405,9.029055,10.388675,12.530491,11.47071,9.726013,7.5819764,8.175784,8.364194,6.6602125,6.003936
5-251489-A-24.wav,coughing,0.049666233,0.03741702041184971,714.4394606479785,-522.0067,11.037861,-4.94207,-5.459883,-2.8230574,-2.7856553,-0.02971475,-5.3136344,0.69126564,4.109986,-0.18025087,3.9334104,0.529685
5-251957-A-47.wav,airplane,0.058262434,0.07240392431358382,1499.6411208221998,-180.30318,147.95486,-29.723408,28.029055,-8.884819,16.431854,-10.133957,10.809708,-6.112366,3.9848528,-2.5862436,8.240462,-2.1767576
5-251962-A-47.wav,airplane,0.12869646,0.11161601336705203,2198.1032506219867,-63.205856,111.215836,-12.173016,15.344444,-13.159363,12.435174,-7.3578234,7.081381,-5.0643682,1.8127173,-3.0943878,-0.79640293,-3.695199
5-251963-A-47.wav,airplane,0.10844486,0.1082573157514451,2097.794047366375,-111.951614,116.311646,-14.256389,17.806904,-10.053665,18.539856,-7.2514424,10.16125,-8.665735,6.64849,-3.837065,3.4132822,-5.5665326
5-251971-A-47.wav,airplane,0.052982267,0.11703791094653179,2185.614891323162,-164.07306,106.15451,-24.853527,53.328644,-18.095001,18.430843,-1.734596,9.576246,-9.965682,13.456517,-6.7483444,3.43941,-0.09006425
5-252248-A-34.wav,can_opening,0.057535585,0.04993734194364162,902.8912527820079,-510.66818,-2.7778556,-2.2404158,8.216617,-2.335364,5.2399306,5.0111113,2.3274384,2.2883887,1.8640383,0.32619548,2.752934,2.3475647
5-253085-A-3.wav,cow,0.08405043,0.08504843298410404,1750.686433436826,-275.24792,119.59987,-30.222837,22.009085,-12.520167,12.475456,0.045877974,3.5069337,-6.154767,1.7111442,-2.9819365,1.1855837,2.8803685
5-253085-B-3.wav,cow,0.2170353,0.0818534365968208,1911.6234557706853,-234.15526,85.6254,-17.74569,19.300133,5.142345,6.2932367,-3.2049246,7.716239,-7.789152,3.5821056,-2.3876486,2.114619,-1.9130206
5-253094-A-49.wav,hand_saw,0.12828249,0.21031938674132947,3095.2893911344822,-56.22373,53.62239,-40.045647,22.022856,-9.83514,8.371193,-11.33828,8.82026,-4.438812,-1.9583359,-5.9714212,-4.170691,-6.546612
5-253094-B-49.wav,hand_saw,0.08616129,0.1344156430635838,2559.581415958433,-160.19522,78.277084,-17.964691,28.601994,-0.062422648,15.042624,-4.6871843,8.579574,-2.023747,1.2747252,-2.1105947,0.007879935,-4.0627913
5-253094-C-49.wav,hand_saw,0.085206285,0.20490877890173412,3058.20057270256,-113.30381,58.310287,-31.254332,29.98555,-7.752162,8.720212,-8.964322,5.8730173,-13.561571,-9.25822,-6.899017,-4.0742383,-5.835745
5-253094-D-49.wav,hand_saw,0.07650142,0.211137892882948,3043.4383379477144,-129.17657,55.31409,-42.53643,21.222523,-16.28678,7.5388436,-10.348113,4.005617,-8.1182375,-4.7268815,-12.320127,-4.6043625,-3.2796857
5-253101-A-49.wav,hand_saw,0.13054849,0.18645287662572255,3299.400335636134,-82.44303,56.684216,7.0992537,28.977596,6.5955386,13.842297,-2.4453158,-16.430347,-5.1267343,2.7325718,-6.132139,-4.914417,-11.438214
5-253101-B-49.wav,hand_saw,0.17048831,0.1728543849349711,3087.0597186681043,-52.885483,67.03721,-2.0146387,13.414274,-11.4924,0.6346065,-6.144514,-6.787067,0.15670198,1.4705745,-3.2411103,0.60280466,-3.5364382
5-253101-C-49.wav,hand_saw,0.18747348,0.1793488078034682,3239.0426429940558,-17.942696,63.92796,7.5083375,18.22085,-5.618912,6.133929,-5.65704,-11.371567,-2.513605,-5.430159,-2.674673,3.3275652,-4.631275
5-253534-A-26.wav,laughing,0.11837058,0.13000417720375723,2136.126970994405,-248.4453,81.14653,-47.66198,10.635891,-31.976892,-12.181165,-9.503991,-33.154472,-13.547611,-20.324652,-15.084588,-5.7077374,-2.9116328
5-254160-A-22.wav,clapping,0.093528494,0.15063899927745664,2467.2671622372354,-91.77372,77.56429,-65.90516,-19.042788,-6.0442076,-6.754028,-23.477495,-9.901614,-6.9718695,-10.201901,-19.430107,-8.855471,-18.958237
5-254832-A-15.wav,water_drops,0.0048812586,0.12165541455924855,3129.322716319307,-500.26035,54.600613,5.6588864,17.57173,14.564754,20.772327,10.866254,3.321206,2.9917226,5.166286,2.6214786,3.5183349,-1.0949262
5-254832-B-15.wav,water_drops,0.0058318055,0.1385251083815029,3202.8200094265926,-503.44666,58.05269,10.033265,14.450172,10.20469,18.923506,12.66124,4.536406,3.626859,6.94878,2.3173525,4.6387086,-1.2609041
5-256452-A-5.wav,cat,0.123358384,0.026113168352601156,581.2341959917156,-431.63547,26.699707,-6.298179,8.105703,-3.1547117,4.169412,1.7498784,-1.5126691,-1.3396062,-1.8549635,2.782773,1.9015138,6.7449903
5-256512-A-30.wav,door_wood_knock,0.23001589,0.025063222543352602,860.1711070802281,-354.87106,75.61377,29.462769,14.95113,8.608396,6.588995,5.9893975,7.803768,8.06924,6.467728,6.8000317,7.3966236,6.576975
5-257349-A-15.wav,water_drops,0.021685192,0.5124582279624278,6249.588270085729,-580.7799,-99.167,-30.121458,-13.723556,3.4322612,-10.782434,-13.723371,-0.6099714,-3.714591,14.23468,-2.431699,7.8971996,0.8308078
5-257642-A-39.wav,glass_breaking,0.059014603,0.23784941744942195,3632.5295688313086,-402.47147,32.662254,13.38396,8.833919,2.4904513,1.2057614,0.58633465,0.0063889343,-0.59484535,-0.1374155,-2.4514797,1.4240671,-3.7608554
5-257839-A-14.wav,chirping_birds,0.05692948,0.17783880509393063,2757.9104888892057,-272.10995,54.985176,5.8167443,97.06142,-10.132887,25.01829,15.80077,23.135956,13.810126,3.9107318,12.4296875,5.783073,2.020936
5-259169-A-5.wav,cat,0.1521102,0.031554822976878616,601.3379228728528,-407.94684,17.888102,-3.807687,0.023203248,0.3369661,1.253092,-2.319422,0.22776984,-1.5291826,0.84375757,1.3737448,-1.3923014,-3.0430598
5-259180-A-15.wav,water_drops,0.04103145,0.03360108833092486,1017.4203056637982,-488.13632,35.958557,20.809742,11.44383,3.2875235,1.9190658,1.5813392,2.864244,1.777185,1.797774,1.0219591,2.8764026,2.3524015
5-259514-A-26.wav,laughing,0.045898534,0.1367102826950867,2700.5434158326857,-279.25113,71.69198,-29.276978,14.257224,-1.4768983,9.749506,3.6665783,1.1049939,-2.1038048,1.3467537,1.5290519,1.6244841,1.4841337
5-259640-A-29.wav,drinking_sipping,0.008354363,0.1413955247471098,2276.9024414367123,-577.929,36.22041,2.7387464,6.787376,-3.3476396,-0.90274155,-7.149172,-5.5004716,-4.5353518,2.4489655,-4.350046,-1.9648637,-2.7100396
5-260011-A-34.wav,can_opening,0.046819005,0.07770445718930635,1002.9644227202489,-570.14777,0.06061587,-15.433023,10.812633,-9.471256,7.5012026,-3.1536293,4.710151,5.4537387,-0.6264117,0.92522824,-1.4665202,1.4314164
5-260164-A-23.wav,breathing,0.18769225,0.03543849349710983,1136.549593903447,-229.06898,106.58916,24.038902,48.71881,39.865494,15.484598,-12.8503475,0.6752121,0.5839643,-4.83767,-4.5060143,4.6675935,-1.532798
5-260432-A-39.wav,glass_breaking,0.023356708,0.11553919797687862,1331.2423030851298,-681.7965,-4.739154,6.6724467,3.644899,1.6307821,1.1908023,0.79131806,-0.8521346,1.204471,0.27881128,-0.5351163,1.997342,-1.4370562
5-260433-A-39.wav,glass_breaking,0.027080325,0.09025018063583815,1041.7697011012247,-610.58606,-2.141647,1.558733,-2.5248396,-1.6405203,3.7083423,1.4902236,1.4024999,0.5810852,0.5264932,0.8682428,1.5496787,-0.014205889
5-260434-A-39.wav,glass_breaking,0.049813457,0.10777467937138728,1262.7945714787072,-600.70746,-8.7088585,0.029440995,4.010567,-1.8496965,1.1704458,-0.48433787,0.83938015,0.92465633,-0.2398899,0.73650724,1.3777951,-1.2097058
5-260875-A-35.wav,washing_machine,0.16557889,0.03999672597543353,1007.0868878607514,-112.53925,172.2459,-4.3093796,24.1738,-1.0524858,7.9598665,-10.476249,8.961863,-8.205878,7.083308,-10.037707,-6.6075435,-2.1328566
5-261325-A-9.wav,crow,0.10034602,0.11212122922687862,1760.2934646804697,-142.1259,115.41377,-75.556496,3.0867038,17.827497,43.16891,-0.73411965,9.005721,-0.7732419,15.940077,9.451187,2.6515694,7.464233
5-261433-A-15.wav,water_drops,0.068480425,0.009545475072254336,277.5346284416323,-436.7424,40.63407,11.1384115,1.1118729,4.2449493,2.5396113,0.1829983,0.28305897,0.14644654,-1.180509,-1.253693,-0.46886298,-0.5168462
5-261439-A-15.wav,water_drops,0.016424142,0.02568133580202312,1407.3820914988669,-383.7864,122.65189,28.138323,6.5722876,12.051982,19.11267,9.505953,13.196184,8.310956,6.6672025,3.9447641,6.5296836,3.2724404
5-261464-A-23.wav,breathing,0.006128375,0.16723491690751446,2221.0330843446577,-377.32227,107.44107,-69.487816,37.708485,4.5980554,1.9346306,3.579708,-13.76473,6.6709466,11.250031,-8.822198,11.599345,-4.1240983
5-262641-A-15.wav,water_drops,0.0047186,0.04498396856936416,1464.704234448883,-462.73798,125.276985,-7.224203,13.3945,16.228922,13.509132,9.674373,19.7691,16.401878,17.212421,2.2330163,-3.7075064,-5.837641
5-262957-A-22.wav,clapping,0.22009312,0.2080247471098266,2936.0862326472397,35.751915,50.63205,-68.172066,2.0757859,-25.236351,-7.372045,-30.708967,-8.374667,-19.341734,-10.6551075,-22.46844,-11.193311,-15.5298815
5-263490-A-25.wav,footsteps,0.008910892,0.05201747651734104,1516.166923467264,-369.99634,133.08179,-2.5586047,20.982935,12.311468,10.219071,2.8329148,6.6176744,-0.343717,1.7034508,-3.9916902,2.1617713,-0.28137633
5-263491-A-25.wav,footsteps,0.013002486,0.08437669346098266,1981.7403559644767,-329.16925,120.02476,-1.982596,-4.4993796,-2.805743,5.5986485,0.98826677,5.2783403,-5.068136,-2.0819173,-7.514084,1.8446792,-2.0143864
5-263501-A-25.wav,footsteps,0.016509142,0.09772398843930635,1950.5206202971083,-301.25964,124.06327,-21.21411,-2.637876,2.556997,-3.5906036,-0.3332129,4.9260073,-5.3835187,0.5248383,-7.5684037,4.3539686,-6.3648067
5-263775-A-26.wav,laughing,0.04198508,0.18446870484104047,2817.1429934525854,-391.90533,64.51473,-4.7818456,-1.9950472,-5.2698836,24.092525,-20.32594,-10.703486,-11.831622,-13.363025,6.76885,1.3675548,-2.275446
5-263775-B-26.wav,laughing,0.18342383,0.18190593388728324,2769.6617003214333,-187.85402,46.395435,-66.22857,-15.90404,-23.45445,10.665062,-19.84274,-2.4035618,2.1244605,-2.4658098,13.049581,12.132686,-2.5646107
5-263831-A-6.wav,hen,0.13153082,0.09645671513728324,1647.6305643092344,-205.76793,135.04247,-45.649754,2.3915672,-8.638559,-2.9781492,4.373129,2.843743,1.9454702,9.237778,6.3792872,4.4145064,0.44601488
5-263831-B-6.wav,hen,0.13543472,0.10936371026011561,1780.0162359444014,-196.48546,121.39105,-59.980515,0.30928004,-5.5835986,5.8201137,10.043076,2.2510948,-4.970105,6.1373715,4.6219206,4.6732497,-4.484171
5-263902-A-36.wav,vacuum_cleaner,0.11341126,0.31801503793352603,4132.373061996838,-50.600018,25.848993,-5.6804786,-2.7697492,-25.138735,-14.95506,-32.61687,-10.95512,-17.293596,-12.32268,-10.630339,-2.9784427,-17.285402
5-51149-A-25.wav,footsteps,0.1289231,0.0546903224349711,1794.084805355579,-236.47986,103.98736,11.635611,24.52232,8.466575,11.461399,1.1747382,8.187777,3.1479666,7.095734,1.9606055,5.598136,0.35019946
5-61635-A-8.wav,sheep,0.07875372,0.115578712066474,2349.495973683388,-138.50218,93.1864,-40.107433,7.0670624,8.083451,-2.3917599,-3.2602546,-10.734914,10.511511,4.0126896,0.31931537,26.679024,5.589637
5-9032-A-0.wav,dog,0.072872415,0.15372109826589594,2492.580618326907,-463.7818,6.5354877,-37.470448,10.583785,-2.4204402,15.151346,10.113728,-0.15984997,0.20266035,1.7148755,3.2329998,1.8031523,-3.3115242
